"filename", "language", "Python", "pip requirements", "Properties", "MS SQL", "Batch", "PowerShell", "XML", "JavaScript", "comment", "blank", "total"
"c:\Users\makib\Documents\EntornosVirtuales\BaseDeDatosSalonDeBelleza\database\conexion.py", "Python", 0, 0, 0, 0, 0, 0, 0, 0, 1, 1, 2
"c:\Users\makib\Documents\EntornosVirtuales\BaseDeDatosSalonDeBelleza\main.py", "Python", 10, 0, 0, 0, 0, 0, 0, 0, 6, 5, 21
"c:\Users\makib\Documents\EntornosVirtuales\BaseDeDatosSalonDeBelleza\models\cita.py", "Python", 0, 0, 0, 0, 0, 0, 0, 0, 0, 1, 1
"c:\Users\makib\Documents\EntornosVirtuales\BaseDeDatosSalonDeBelleza\models\cliente.py", "Python", 0, 0, 0, 0, 0, 0, 0, 0, 0, 1, 1
"c:\Users\makib\Documents\EntornosVirtuales\BaseDeDatosSalonDeBelleza\models\pago.py", "Python", 0, 0, 0, 0, 0, 0, 0, 0, 0, 1, 1
"c:\Users\makib\Documents\EntornosVirtuales\BaseDeDatosSalonDeBelleza\models\producto.py", "Python", 0, 0, 0, 0, 0, 0, 0, 0, 0, 1, 1
"c:\Users\makib\Documents\EntornosVirtuales\BaseDeDatosSalonDeBelleza\models\promocion.py", "Python", 0, 0, 0, 0, 0, 0, 0, 0, 0, 1, 1
"c:\Users\makib\Documents\EntornosVirtuales\BaseDeDatosSalonDeBelleza\models\usuario.py", "Python", 0, 0, 0, 0, 0, 0, 0, 0, 0, 1, 1
"c:\Users\makib\Documents\EntornosVirtuales\BaseDeDatosSalonDeBelleza\requirements.txt", "pip requirements", 0, 2, 0, 0, 0, 0, 0, 0, 0, 2, 4
"c:\Users\makib\Documents\EntornosVirtuales\BaseDeDatosSalonDeBelleza\sql\belleza_db_completa.sql", "MS SQL", 0, 0, 0, 0, 0, 0, 0, 0, 0, 1, 1
"c:\Users\makib\Documents\EntornosVirtuales\BaseDeDatosSalonDeBelleza\sql\datos_ejemplo.sql", "MS SQL", 0, 0, 0, 0, 0, 0, 0, 0, 0, 1, 1
"c:\Users\makib\Documents\EntornosVirtuales\BaseDeDatosSalonDeBelleza\venv\Lib\site-packages\PyQt5\QAxContainer.pyi", "Python", 65, 0, 0, 0, 0, 0, 0, 0, 23, 20, 108
"c:\Users\makib\Documents\EntornosVirtuales\BaseDeDatosSalonDeBelleza\venv\Lib\site-packages\PyQt5\Qt5\qml\QtQuick\Controls\Private\CalendarUtils.js", "JavaScript", 0, 0, 0, 0, 0, 0, 0, 48, 74, 16, 138
"c:\Users\makib\Documents\EntornosVirtuales\BaseDeDatosSalonDeBelleza\venv\Lib\site-packages\PyQt5\Qt5\qml\QtQuick\Controls\Private\StackView.js", "JavaScript", 0, 0, 0, 0, 0, 0, 0, 23, 38, 6, 67
"c:\Users\makib\Documents\EntornosVirtuales\BaseDeDatosSalonDeBelleza\venv\Lib\site-packages\PyQt5\Qt5\qml\QtQuick\Controls\Private\style.js", "JavaScript", 0, 0, 0, 0, 0, 0, 0, 18, 38, 7, 63
"c:\Users\makib\Documents\EntornosVirtuales\BaseDeDatosSalonDeBelleza\venv\Lib\site-packages\PyQt5\Qt5\qml\QtTest\testlogger.js", "JavaScript", 0, 0, 0, 0, 0, 0, 0, 47, 42, 8, 97
"c:\Users\makib\Documents\EntornosVirtuales\BaseDeDatosSalonDeBelleza\venv\Lib\site-packages\PyQt5\QtBluetooth.pyi", "Python", 1238, 0, 0, 0, 0, 0, 0, 0, 22, 177, 1437
"c:\Users\makib\Documents\EntornosVirtuales\BaseDeDatosSalonDeBelleza\venv\Lib\site-packages\PyQt5\QtCore.pyi", "Python", 9022, 0, 0, 0, 0, 0, 0, 0, 25, 1032, 10079
"c:\Users\makib\Documents\EntornosVirtuales\BaseDeDatosSalonDeBelleza\venv\Lib\site-packages\PyQt5\QtDBus.pyi", "Python", 432, 0, 0, 0, 0, 0, 0, 0, 22, 95, 549
"c:\Users\makib\Documents\EntornosVirtuales\BaseDeDatosSalonDeBelleza\venv\Lib\site-packages\PyQt5\QtDesigner.pyi", "Python", 354, 0, 0, 0, 0, 0, 0, 0, 23, 114, 491
"c:\Users\makib\Documents\EntornosVirtuales\BaseDeDatosSalonDeBelleza\venv\Lib\site-packages\PyQt5\QtGui.pyi", "Python", 8383, 0, 0, 0, 0, 0, 0, 0, 23, 932, 9338
"c:\Users\makib\Documents\EntornosVirtuales\BaseDeDatosSalonDeBelleza\venv\Lib\site-packages\PyQt5\QtHelp.pyi", "Python", 223, 0, 0, 0, 0, 0, 0, 0, 23, 69, 315
"c:\Users\makib\Documents\EntornosVirtuales\BaseDeDatosSalonDeBelleza\venv\Lib\site-packages\PyQt5\QtLocation.pyi", "Python", 1038, 0, 0, 0, 0, 0, 0, 0, 22, 226, 1286
"c:\Users\makib\Documents\EntornosVirtuales\BaseDeDatosSalonDeBelleza\venv\Lib\site-packages\PyQt5\QtMultimedia.pyi", "Python", 2148, 0, 0, 0, 0, 0, 0, 0, 23, 418, 2589
"c:\Users\makib\Documents\EntornosVirtuales\BaseDeDatosSalonDeBelleza\venv\Lib\site-packages\PyQt5\QtMultimediaWidgets.pyi", "Python", 83, 0, 0, 0, 0, 0, 0, 0, 23, 24, 130
"c:\Users\makib\Documents\EntornosVirtuales\BaseDeDatosSalonDeBelleza\venv\Lib\site-packages\PyQt5\QtNetwork.pyi", "Python", 1888, 0, 0, 0, 0, 0, 0, 0, 22, 292, 2202
"c:\Users\makib\Documents\EntornosVirtuales\BaseDeDatosSalonDeBelleza\venv\Lib\site-packages\PyQt5\QtNfc.pyi", "Python", 360, 0, 0, 0, 0, 0, 0, 0, 22, 80, 462
"c:\Users\makib\Documents\EntornosVirtuales\BaseDeDatosSalonDeBelleza\venv\Lib\site-packages\PyQt5\QtOpenGL.pyi", "Python", 297, 0, 0, 0, 0, 0, 0, 0, 23, 35, 355
"c:\Users\makib\Documents\EntornosVirtuales\BaseDeDatosSalonDeBelleza\venv\Lib\site-packages\PyQt5\QtPositioning.pyi", "Python", 459, 0, 0, 0, 0, 0, 0, 0, 22, 85, 566
"c:\Users\makib\Documents\EntornosVirtuales\BaseDeDatosSalonDeBelleza\venv\Lib\site-packages\PyQt5\QtPrintSupport.pyi", "Python", 359, 0, 0, 0, 0, 0, 0, 0, 23, 58, 440
"c:\Users\makib\Documents\EntornosVirtuales\BaseDeDatosSalonDeBelleza\venv\Lib\site-packages\PyQt5\QtQml.pyi", "Python", 541, 0, 0, 0, 0, 0, 0, 0, 22, 123, 686
"c:\Users\makib\Documents\EntornosVirtuales\BaseDeDatosSalonDeBelleza\venv\Lib\site-packages\PyQt5\QtQuick.pyi", "Python", 1377, 0, 0, 0, 0, 0, 0, 0, 23, 292, 1692
"c:\Users\makib\Documents\EntornosVirtuales\BaseDeDatosSalonDeBelleza\venv\Lib\site-packages\PyQt5\QtQuick3D.pyi", "Python", 81, 0, 0, 0, 0, 0, 0, 0, 23, 26, 130
"c:\Users\makib\Documents\EntornosVirtuales\BaseDeDatosSalonDeBelleza\venv\Lib\site-packages\PyQt5\QtQuickWidgets.pyi", "Python", 68, 0, 0, 0, 0, 0, 0, 0, 23, 14, 105
"c:\Users\makib\Documents\EntornosVirtuales\BaseDeDatosSalonDeBelleza\venv\Lib\site-packages\PyQt5\QtRemoteObjects.pyi", "Python", 128, 0, 0, 0, 0, 0, 0, 0, 22, 48, 198
"c:\Users\makib\Documents\EntornosVirtuales\BaseDeDatosSalonDeBelleza\venv\Lib\site-packages\PyQt5\QtSensors.pyi", "Python", 406, 0, 0, 0, 0, 0, 0, 0, 22, 237, 665
"c:\Users\makib\Documents\EntornosVirtuales\BaseDeDatosSalonDeBelleza\venv\Lib\site-packages\PyQt5\QtSerialPort.pyi", "Python", 200, 0, 0, 0, 0, 0, 0, 0, 22, 30, 252
"c:\Users\makib\Documents\EntornosVirtuales\BaseDeDatosSalonDeBelleza\venv\Lib\site-packages\PyQt5\QtSql.pyi", "Python", 574, 0, 0, 0, 0, 0, 0, 0, 23, 84, 681
"c:\Users\makib\Documents\EntornosVirtuales\BaseDeDatosSalonDeBelleza\venv\Lib\site-packages\PyQt5\QtSvg.pyi", "Python", 101, 0, 0, 0, 0, 0, 0, 0, 23, 24, 148
"c:\Users\makib\Documents\EntornosVirtuales\BaseDeDatosSalonDeBelleza\venv\Lib\site-packages\PyQt5\QtTest.pyi", "Python", 128, 0, 0, 0, 0, 0, 0, 0, 23, 24, 175
"c:\Users\makib\Documents\EntornosVirtuales\BaseDeDatosSalonDeBelleza\venv\Lib\site-packages\PyQt5\QtTextToSpeech.pyi", "Python", 65, 0, 0, 0, 0, 0, 0, 0, 22, 18, 105
"c:\Users\makib\Documents\EntornosVirtuales\BaseDeDatosSalonDeBelleza\venv\Lib\site-packages\PyQt5\QtWebChannel.pyi", "Python", 21, 0, 0, 0, 0, 0, 0, 0, 22, 15, 58
"c:\Users\makib\Documents\EntornosVirtuales\BaseDeDatosSalonDeBelleza\venv\Lib\site-packages\PyQt5\QtWebSockets.pyi", "Python", 157, 0, 0, 0, 0, 0, 0, 0, 22, 28, 207
"c:\Users\makib\Documents\EntornosVirtuales\BaseDeDatosSalonDeBelleza\venv\Lib\site-packages\PyQt5\QtWidgets.pyi", "Python", 8971, 0, 0, 0, 0, 0, 0, 0, 23, 1125, 10119
"c:\Users\makib\Documents\EntornosVirtuales\BaseDeDatosSalonDeBelleza\venv\Lib\site-packages\PyQt5\QtWinExtras.pyi", "Python", 232, 0, 0, 0, 0, 0, 0, 0, 23, 43, 298
"c:\Users\makib\Documents\EntornosVirtuales\BaseDeDatosSalonDeBelleza\venv\Lib\site-packages\PyQt5\QtXml.pyi", "Python", 554, 0, 0, 0, 0, 0, 0, 0, 22, 135, 711
"c:\Users\makib\Documents\EntornosVirtuales\BaseDeDatosSalonDeBelleza\venv\Lib\site-packages\PyQt5\QtXmlPatterns.pyi", "Python", 280, 0, 0, 0, 0, 0, 0, 0, 22, 74, 376
"c:\Users\makib\Documents\EntornosVirtuales\BaseDeDatosSalonDeBelleza\venv\Lib\site-packages\PyQt5\__init__.py", "Python", 23, 0, 0, 0, 0, 0, 0, 0, 17, 11, 51
"c:\Users\makib\Documents\EntornosVirtuales\BaseDeDatosSalonDeBelleza\venv\Lib\site-packages\PyQt5\pylupdate_main.py", "Python", 174, 0, 0, 0, 0, 0, 0, 0, 18, 56, 248
"c:\Users\makib\Documents\EntornosVirtuales\BaseDeDatosSalonDeBelleza\venv\Lib\site-packages\PyQt5\pyrcc_main.py", "Python", 122, 0, 0, 0, 0, 0, 0, 0, 22, 47, 191
"c:\Users\makib\Documents\EntornosVirtuales\BaseDeDatosSalonDeBelleza\venv\Lib\site-packages\PyQt5\sip.pyi", "Python", 58, 0, 0, 0, 0, 0, 0, 0, 10, 36, 104
"c:\Users\makib\Documents\EntornosVirtuales\BaseDeDatosSalonDeBelleza\venv\Lib\site-packages\PyQt5\uic\Compiler\__init__.py", "Python", 0, 0, 0, 0, 0, 0, 0, 0, 20, 1, 21
"c:\Users\makib\Documents\EntornosVirtuales\BaseDeDatosSalonDeBelleza\venv\Lib\site-packages\PyQt5\uic\Compiler\compiler.py", "Python", 63, 0, 0, 0, 0, 0, 0, 0, 40, 21, 124
"c:\Users\makib\Documents\EntornosVirtuales\BaseDeDatosSalonDeBelleza\venv\Lib\site-packages\PyQt5\uic\Compiler\indenter.py", "Python", 27, 0, 0, 0, 0, 0, 0, 0, 38, 13, 78
"c:\Users\makib\Documents\EntornosVirtuales\BaseDeDatosSalonDeBelleza\venv\Lib\site-packages\PyQt5\uic\Compiler\misc.py", "Python", 13, 0, 0, 0, 0, 0, 0, 0, 38, 9, 60
"c:\Users\makib\Documents\EntornosVirtuales\BaseDeDatosSalonDeBelleza\venv\Lib\site-packages\PyQt5\uic\Compiler\proxy_metaclass.py", "Python", 32, 0, 0, 0, 0, 0, 0, 0, 52, 17, 101
"c:\Users\makib\Documents\EntornosVirtuales\BaseDeDatosSalonDeBelleza\venv\Lib\site-packages\PyQt5\uic\Compiler\qobjectcreator.py", "Python", 101, 0, 0, 0, 0, 0, 0, 0, 39, 41, 181
"c:\Users\makib\Documents\EntornosVirtuales\BaseDeDatosSalonDeBelleza\venv\Lib\site-packages\PyQt5\uic\Compiler\qtproxies.py", "Python", 298, 0, 0, 0, 0, 0, 0, 0, 70, 103, 471
"c:\Users\makib\Documents\EntornosVirtuales\BaseDeDatosSalonDeBelleza\venv\Lib\site-packages\PyQt5\uic\Loader\__init__.py", "Python", 0, 0, 0, 0, 0, 0, 0, 0, 20, 1, 21
"c:\Users\makib\Documents\EntornosVirtuales\BaseDeDatosSalonDeBelleza\venv\Lib\site-packages\PyQt5\uic\Loader\loader.py", "Python", 18, 0, 0, 0, 0, 0, 0, 0, 38, 11, 67
"c:\Users\makib\Documents\EntornosVirtuales\BaseDeDatosSalonDeBelleza\venv\Lib\site-packages\PyQt5\uic\Loader\qobjectcreator.py", "Python", 73, 0, 0, 0, 0, 0, 0, 0, 42, 36, 151
"c:\Users\makib\Documents\EntornosVirtuales\BaseDeDatosSalonDeBelleza\venv\Lib\site-packages\PyQt5\uic\__init__.py", "Python", 138, 0, 0, 0, 0, 0, 0, 0, 54, 54, 246
"c:\Users\makib\Documents\EntornosVirtuales\BaseDeDatosSalonDeBelleza\venv\Lib\site-packages\PyQt5\uic\driver.py", "Python", 91, 0, 0, 0, 0, 0, 0, 0, 20, 39, 150
"c:\Users\makib\Documents\EntornosVirtuales\BaseDeDatosSalonDeBelleza\venv\Lib\site-packages\PyQt5\uic\exceptions.py", "Python", 10, 0, 0, 0, 0, 0, 0, 0, 38, 6, 54
"c:\Users\makib\Documents\EntornosVirtuales\BaseDeDatosSalonDeBelleza\venv\Lib\site-packages\PyQt5\uic\icon_cache.py", "Python", 92, 0, 0, 0, 0, 0, 0, 0, 27, 41, 160
"c:\Users\makib\Documents\EntornosVirtuales\BaseDeDatosSalonDeBelleza\venv\Lib\site-packages\PyQt5\uic\objcreator.py", "Python", 87, 0, 0, 0, 0, 0, 0, 0, 43, 34, 164
"c:\Users\makib\Documents\EntornosVirtuales\BaseDeDatosSalonDeBelleza\venv\Lib\site-packages\PyQt5\uic\port_v2\__init__.py", "Python", 0, 0, 0, 0, 0, 0, 0, 0, 20, 1, 21
"c:\Users\makib\Documents\EntornosVirtuales\BaseDeDatosSalonDeBelleza\venv\Lib\site-packages\PyQt5\uic\port_v2\as_string.py", "Python", 9, 0, 0, 0, 0, 0, 0, 0, 22, 10, 41
"c:\Users\makib\Documents\EntornosVirtuales\BaseDeDatosSalonDeBelleza\venv\Lib\site-packages\PyQt5\uic\port_v2\ascii_upper.py", "Python", 5, 0, 0, 0, 0, 0, 0, 0, 22, 7, 34
"c:\Users\makib\Documents\EntornosVirtuales\BaseDeDatosSalonDeBelleza\venv\Lib\site-packages\PyQt5\uic\port_v2\proxy_base.py", "Python", 6, 0, 0, 0, 0, 0, 0, 0, 20, 6, 32
"c:\Users\makib\Documents\EntornosVirtuales\BaseDeDatosSalonDeBelleza\venv\Lib\site-packages\PyQt5\uic\port_v2\string_io.py", "Python", 4, 0, 0, 0, 0, 0, 0, 0, 21, 3, 28
"c:\Users\makib\Documents\EntornosVirtuales\BaseDeDatosSalonDeBelleza\venv\Lib\site-packages\PyQt5\uic\port_v3\__init__.py", "Python", 0, 0, 0, 0, 0, 0, 0, 0, 20, 1, 21
"c:\Users\makib\Documents\EntornosVirtuales\BaseDeDatosSalonDeBelleza\venv\Lib\site-packages\PyQt5\uic\port_v3\as_string.py", "Python", 9, 0, 0, 0, 0, 0, 0, 0, 22, 10, 41
"c:\Users\makib\Documents\EntornosVirtuales\BaseDeDatosSalonDeBelleza\venv\Lib\site-packages\PyQt5\uic\port_v3\ascii_upper.py", "Python", 4, 0, 0, 0, 0, 0, 0, 0, 22, 5, 31
"c:\Users\makib\Documents\EntornosVirtuales\BaseDeDatosSalonDeBelleza\venv\Lib\site-packages\PyQt5\uic\port_v3\proxy_base.py", "Python", 5, 0, 0, 0, 0, 0, 0, 0, 20, 5, 30
"c:\Users\makib\Documents\EntornosVirtuales\BaseDeDatosSalonDeBelleza\venv\Lib\site-packages\PyQt5\uic\port_v3\string_io.py", "Python", 1, 0, 0, 0, 0, 0, 0, 0, 21, 3, 25
"c:\Users\makib\Documents\EntornosVirtuales\BaseDeDatosSalonDeBelleza\venv\Lib\site-packages\PyQt5\uic\properties.py", "Python", 336, 0, 0, 0, 0, 0, 0, 0, 70, 118, 524
"c:\Users\makib\Documents\EntornosVirtuales\BaseDeDatosSalonDeBelleza\venv\Lib\site-packages\PyQt5\uic\pyuic.py", "Python", 53, 0, 0, 0, 0, 0, 0, 0, 21, 23, 97
"c:\Users\makib\Documents\EntornosVirtuales\BaseDeDatosSalonDeBelleza\venv\Lib\site-packages\PyQt5\uic\uiparser.py", "Python", 748, 0, 0, 0, 0, 0, 0, 0, 88, 217, 1053
"c:\Users\makib\Documents\EntornosVirtuales\BaseDeDatosSalonDeBelleza\venv\Lib\site-packages\PyQt5\uic\widget-plugins\qaxcontainer.py", "Python", 3, 0, 0, 0, 0, 0, 0, 0, 26, 5, 34
"c:\Users\makib\Documents\EntornosVirtuales\BaseDeDatosSalonDeBelleza\venv\Lib\site-packages\PyQt5\uic\widget-plugins\qscintilla.py", "Python", 3, 0, 0, 0, 0, 0, 0, 0, 26, 5, 34
"c:\Users\makib\Documents\EntornosVirtuales\BaseDeDatosSalonDeBelleza\venv\Lib\site-packages\PyQt5\uic\widget-plugins\qtcharts.py", "Python", 3, 0, 0, 0, 0, 0, 0, 0, 26, 5, 34
"c:\Users\makib\Documents\EntornosVirtuales\BaseDeDatosSalonDeBelleza\venv\Lib\site-packages\PyQt5\uic\widget-plugins\qtprintsupport.py", "Python", 3, 0, 0, 0, 0, 0, 0, 0, 26, 5, 34
"c:\Users\makib\Documents\EntornosVirtuales\BaseDeDatosSalonDeBelleza\venv\Lib\site-packages\PyQt5\uic\widget-plugins\qtquickwidgets.py", "Python", 3, 0, 0, 0, 0, 0, 0, 0, 26, 5, 34
"c:\Users\makib\Documents\EntornosVirtuales\BaseDeDatosSalonDeBelleza\venv\Lib\site-packages\PyQt5\uic\widget-plugins\qtwebenginewidgets.py", "Python", 3, 0, 0, 0, 0, 0, 0, 0, 26, 5, 34
"c:\Users\makib\Documents\EntornosVirtuales\BaseDeDatosSalonDeBelleza\venv\Lib\site-packages\PyQt5\uic\widget-plugins\qtwebkit.py", "Python", 3, 0, 0, 0, 0, 0, 0, 0, 44, 5, 52
"c:\Users\makib\Documents\EntornosVirtuales\BaseDeDatosSalonDeBelleza\venv\Lib\site-packages\_distutils_hack\__init__.py", "Python", 153, 0, 0, 0, 0, 0, 0, 0, 18, 52, 223
"c:\Users\makib\Documents\EntornosVirtuales\BaseDeDatosSalonDeBelleza\venv\Lib\site-packages\_distutils_hack\override.py", "Python", 1, 0, 0, 0, 0, 0, 0, 0, 0, 1, 2
"c:\Users\makib\Documents\EntornosVirtuales\BaseDeDatosSalonDeBelleza\venv\Lib\site-packages\mysql\__init__.py", "Python", 0, 0, 0, 0, 0, 0, 0, 0, 0, 1, 1
"c:\Users\makib\Documents\EntornosVirtuales\BaseDeDatosSalonDeBelleza\venv\Lib\site-packages\mysql\connector\__init__.py", "Python", 88, 0, 0, 0, 0, 0, 0, 0, 31, 9, 128
"c:\Users\makib\Documents\EntornosVirtuales\BaseDeDatosSalonDeBelleza\venv\Lib\site-packages\mysql\connector\_decorating.py", "Python", 63, 0, 0, 0, 0, 0, 0, 0, 27, 22, 112
"c:\Users\makib\Documents\EntornosVirtuales\BaseDeDatosSalonDeBelleza\venv\Lib\site-packages\mysql\connector\_scripting.py", "Python", 274, 0, 0, 0, 0, 0, 0, 0, 57, 76, 407
"c:\Users\makib\Documents\EntornosVirtuales\BaseDeDatosSalonDeBelleza\venv\Lib\site-packages\mysql\connector\abstracts.py", "Python", 2599, 0, 0, 0, 0, 0, 0, 0, 104, 510, 3213
"c:\Users\makib\Documents\EntornosVirtuales\BaseDeDatosSalonDeBelleza\venv\Lib\site-packages\mysql\connector\aio\__init__.py", "Python", 188, 0, 0, 0, 0, 0, 0, 0, 32, 36, 256
"c:\Users\makib\Documents\EntornosVirtuales\BaseDeDatosSalonDeBelleza\venv\Lib\site-packages\mysql\connector\aio\_decorating.py", "Python", 64, 0, 0, 0, 0, 0, 0, 0, 27, 22, 113
"c:\Users\makib\Documents\EntornosVirtuales\BaseDeDatosSalonDeBelleza\venv\Lib\site-packages\mysql\connector\aio\abstracts.py", "Python", 2058, 0, 0, 0, 0, 0, 0, 0, 80, 393, 2531
"c:\Users\makib\Documents\EntornosVirtuales\BaseDeDatosSalonDeBelleza\venv\Lib\site-packages\mysql\connector\aio\authentication.py", "Python", 252, 0, 0, 0, 0, 0, 0, 0, 31, 53, 336
"c:\Users\makib\Documents\EntornosVirtuales\BaseDeDatosSalonDeBelleza\venv\Lib\site-packages\mysql\connector\aio\charsets.py", "Python", 625, 0, 0, 0, 0, 0, 0, 0, 27, 35, 687
"c:\Users\makib\Documents\EntornosVirtuales\BaseDeDatosSalonDeBelleza\venv\Lib\site-packages\mysql\connector\aio\connection.py", "Python", 1289, 0, 0, 0, 0, 0, 0, 0, 63, 180, 1532
"c:\Users\makib\Documents\EntornosVirtuales\BaseDeDatosSalonDeBelleza\venv\Lib\site-packages\mysql\connector\aio\cursor.py", "Python", 1129, 0, 0, 0, 0, 0, 0, 0, 64, 204, 1397
"c:\Users\makib\Documents\EntornosVirtuales\BaseDeDatosSalonDeBelleza\venv\Lib\site-packages\mysql\connector\aio\logger.py", "Python", 3, 0, 0, 0, 0, 0, 0, 0, 27, 4, 34
"c:\Users\makib\Documents\EntornosVirtuales\BaseDeDatosSalonDeBelleza\venv\Lib\site-packages\mysql\connector\aio\network.py", "Python", 583, 0, 0, 0, 0, 0, 0, 0, 73, 106, 762
"c:\Users\makib\Documents\EntornosVirtuales\BaseDeDatosSalonDeBelleza\venv\Lib\site-packages\mysql\connector\aio\plugins\__init__.py", "Python", 107, 0, 0, 0, 0, 0, 0, 0, 27, 29, 163
"c:\Users\makib\Documents\EntornosVirtuales\BaseDeDatosSalonDeBelleza\venv\Lib\site-packages\mysql\connector\aio\plugins\authentication_kerberos_client.py", "Python", 414, 0, 0, 0, 0, 0, 0, 0, 54, 110, 578
"c:\Users\makib\Documents\EntornosVirtuales\BaseDeDatosSalonDeBelleza\venv\Lib\site-packages\mysql\connector\aio\plugins\authentication_ldap_sasl_client.py", "Python", 457, 0, 0, 0, 0, 0, 0, 0, 47, 92, 596
"c:\Users\makib\Documents\EntornosVirtuales\BaseDeDatosSalonDeBelleza\venv\Lib\site-packages\mysql\connector\aio\plugins\authentication_oci_client.py", "Python", 161, 0, 0, 0, 0, 0, 0, 0, 36, 38, 235
"c:\Users\makib\Documents\EntornosVirtuales\BaseDeDatosSalonDeBelleza\venv\Lib\site-packages\mysql\connector\aio\plugins\authentication_openid_connect_client.py", "Python", 111, 0, 0, 0, 0, 0, 0, 0, 33, 29, 173
"c:\Users\makib\Documents\EntornosVirtuales\BaseDeDatosSalonDeBelleza\venv\Lib\site-packages\mysql\connector\aio\plugins\authentication_webauthn_client.py", "Python", 182, 0, 0, 0, 0, 0, 0, 0, 50, 60, 292
"c:\Users\makib\Documents\EntornosVirtuales\BaseDeDatosSalonDeBelleza\venv\Lib\site-packages\mysql\connector\aio\plugins\caching_sha2_password.py", "Python", 101, 0, 0, 0, 0, 0, 0, 0, 28, 32, 161
"c:\Users\makib\Documents\EntornosVirtuales\BaseDeDatosSalonDeBelleza\venv\Lib\site-packages\mysql\connector\aio\plugins\mysql_clear_password.py", "Python", 57, 0, 0, 0, 0, 0, 0, 0, 27, 22, 106
"c:\Users\makib\Documents\EntornosVirtuales\BaseDeDatosSalonDeBelleza\venv\Lib\site-packages\mysql\connector\aio\plugins\mysql_native_password.py", "Python", 70, 0, 0, 0, 0, 0, 0, 0, 27, 25, 122
"c:\Users\makib\Documents\EntornosVirtuales\BaseDeDatosSalonDeBelleza\venv\Lib\site-packages\mysql\connector\aio\plugins\sha256_password.py", "Python", 60, 0, 0, 0, 0, 0, 0, 0, 27, 23, 110
"c:\Users\makib\Documents\EntornosVirtuales\BaseDeDatosSalonDeBelleza\venv\Lib\site-packages\mysql\connector\aio\protocol.py", "Python", 249, 0, 0, 0, 0, 0, 0, 0, 36, 41, 326
"c:\Users\makib\Documents\EntornosVirtuales\BaseDeDatosSalonDeBelleza\venv\Lib\site-packages\mysql\connector\aio\utils.py", "Python", 97, 0, 0, 0, 0, 0, 0, 0, 30, 29, 156
"c:\Users\makib\Documents\EntornosVirtuales\BaseDeDatosSalonDeBelleza\venv\Lib\site-packages\mysql\connector\authentication.py", "Python", 295, 0, 0, 0, 0, 0, 0, 0, 32, 59, 386
"c:\Users\makib\Documents\EntornosVirtuales\BaseDeDatosSalonDeBelleza\venv\Lib\site-packages\mysql\connector\charsets.py", "Python", 583, 0, 0, 0, 0, 0, 0, 0, 31, 7, 621
"c:\Users\makib\Documents\EntornosVirtuales\BaseDeDatosSalonDeBelleza\venv\Lib\site-packages\mysql\connector\connection.py", "Python", 1480, 0, 0, 0, 0, 0, 0, 0, 67, 237, 1784
"c:\Users\makib\Documents\EntornosVirtuales\BaseDeDatosSalonDeBelleza\venv\Lib\site-packages\mysql\connector\connection_cext.py", "Python", 969, 0, 0, 0, 0, 0, 0, 0, 53, 149, 1171
"c:\Users\makib\Documents\EntornosVirtuales\BaseDeDatosSalonDeBelleza\venv\Lib\site-packages\mysql\connector\constants.py", "Python", 976, 0, 0, 0, 0, 0, 0, 0, 35, 132, 1143
"c:\Users\makib\Documents\EntornosVirtuales\BaseDeDatosSalonDeBelleza\venv\Lib\site-packages\mysql\connector\conversion.py", "Python", 614, 0, 0, 0, 0, 0, 0, 0, 47, 112, 773
"c:\Users\makib\Documents\EntornosVirtuales\BaseDeDatosSalonDeBelleza\venv\Lib\site-packages\mysql\connector\cursor.py", "Python", 1211, 0, 0, 0, 0, 0, 0, 0, 63, 220, 1494
"c:\Users\makib\Documents\EntornosVirtuales\BaseDeDatosSalonDeBelleza\venv\Lib\site-packages\mysql\connector\cursor_cext.py", "Python", 1004, 0, 0, 0, 0, 0, 0, 0, 68, 210, 1282
"c:\Users\makib\Documents\EntornosVirtuales\BaseDeDatosSalonDeBelleza\venv\Lib\site-packages\mysql\connector\custom_types.py", "Python", 15, 0, 0, 0, 0, 0, 0, 0, 27, 8, 50
"c:\Users\makib\Documents\EntornosVirtuales\BaseDeDatosSalonDeBelleza\venv\Lib\site-packages\mysql\connector\dbapi.py", "Python", 41, 0, 0, 0, 0, 0, 0, 0, 29, 23, 93
"c:\Users\makib\Documents\EntornosVirtuales\BaseDeDatosSalonDeBelleza\venv\Lib\site-packages\mysql\connector\django\__init__.py", "Python", 0, 0, 0, 0, 0, 0, 0, 0, 0, 1, 1
"c:\Users\makib\Documents\EntornosVirtuales\BaseDeDatosSalonDeBelleza\venv\Lib\site-packages\mysql\connector\django\base.py", "Python", 509, 0, 0, 0, 0, 0, 0, 0, 61, 84, 654
"c:\Users\makib\Documents\EntornosVirtuales\BaseDeDatosSalonDeBelleza\venv\Lib\site-packages\mysql\connector\django\client.py", "Python", 57, 0, 0, 0, 0, 0, 0, 0, 29, 21, 107
"c:\Users\makib\Documents\EntornosVirtuales\BaseDeDatosSalonDeBelleza\venv\Lib\site-packages\mysql\connector\django\compiler.py", "Python", 15, 0, 0, 0, 0, 0, 0, 0, 27, 4, 46
"c:\Users\makib\Documents\EntornosVirtuales\BaseDeDatosSalonDeBelleza\venv\Lib\site-packages\mysql\connector\django\creation.py", "Python", 3, 0, 0, 0, 0, 0, 0, 0, 27, 4, 34
"c:\Users\makib\Documents\EntornosVirtuales\BaseDeDatosSalonDeBelleza\venv\Lib\site-packages\mysql\connector\django\features.py", "Python", 15, 0, 0, 0, 0, 0, 0, 0, 27, 9, 51
"c:\Users\makib\Documents\EntornosVirtuales\BaseDeDatosSalonDeBelleza\venv\Lib\site-packages\mysql\connector\django\introspection.py", "Python", 371, 0, 0, 0, 0, 0, 0, 0, 65, 26, 462
"c:\Users\makib\Documents\EntornosVirtuales\BaseDeDatosSalonDeBelleza\venv\Lib\site-packages\mysql\connector\django\operations.py", "Python", 58, 0, 0, 0, 0, 0, 0, 0, 30, 17, 105
"c:\Users\makib\Documents\EntornosVirtuales\BaseDeDatosSalonDeBelleza\venv\Lib\site-packages\mysql\connector\django\schema.py", "Python", 23, 0, 0, 0, 0, 0, 0, 0, 28, 9, 60
"c:\Users\makib\Documents\EntornosVirtuales\BaseDeDatosSalonDeBelleza\venv\Lib\site-packages\mysql\connector\django\validation.py", "Python", 3, 0, 0, 0, 0, 0, 0, 0, 27, 4, 34
"c:\Users\makib\Documents\EntornosVirtuales\BaseDeDatosSalonDeBelleza\venv\Lib\site-packages\mysql\connector\errorcode.py", "Python", 1839, 0, 0, 0, 0, 0, 0, 0, 33, 6, 1878
"c:\Users\makib\Documents\EntornosVirtuales\BaseDeDatosSalonDeBelleza\venv\Lib\site-packages\mysql\connector\errors.py", "Python", 280, 0, 0, 0, 0, 0, 0, 0, 37, 77, 394
"c:\Users\makib\Documents\EntornosVirtuales\BaseDeDatosSalonDeBelleza\venv\Lib\site-packages\mysql\connector\locales\__init__.py", "Python", 40, 0, 0, 0, 0, 0, 0, 0, 27, 14, 81
"c:\Users\makib\Documents\EntornosVirtuales\BaseDeDatosSalonDeBelleza\venv\Lib\site-packages\mysql\connector\locales\eng\__init__.py", "Python", 2, 0, 0, 0, 0, 0, 0, 0, 27, 2, 31
"c:\Users\makib\Documents\EntornosVirtuales\BaseDeDatosSalonDeBelleza\venv\Lib\site-packages\mysql\connector\locales\eng\client_error.py", "Python", 116, 0, 0, 0, 0, 0, 0, 0, 32, 5, 153
"c:\Users\makib\Documents\EntornosVirtuales\BaseDeDatosSalonDeBelleza\venv\Lib\site-packages\mysql\connector\logger.py", "Python", 3, 0, 0, 0, 0, 0, 0, 0, 27, 4, 34
"c:\Users\makib\Documents\EntornosVirtuales\BaseDeDatosSalonDeBelleza\venv\Lib\site-packages\mysql\connector\network.py", "Python", 619, 0, 0, 0, 0, 0, 0, 0, 80, 113, 812
"c:\Users\makib\Documents\EntornosVirtuales\BaseDeDatosSalonDeBelleza\venv\Lib\site-packages\mysql\connector\opentelemetry\__init__.py", "Python", 0, 0, 0, 0, 0, 0, 0, 0, 0, 1, 1
"c:\Users\makib\Documents\EntornosVirtuales\BaseDeDatosSalonDeBelleza\venv\Lib\site-packages\mysql\connector\opentelemetry\constants.py", "Python", 35, 0, 0, 0, 0, 0, 0, 0, 32, 11, 78
"c:\Users\makib\Documents\EntornosVirtuales\BaseDeDatosSalonDeBelleza\venv\Lib\site-packages\mysql\connector\opentelemetry\context_propagation.py", "Python", 55, 0, 0, 0, 0, 0, 0, 0, 33, 25, 113
"c:\Users\makib\Documents\EntornosVirtuales\BaseDeDatosSalonDeBelleza\venv\Lib\site-packages\mysql\connector\opentelemetry\instrumentation.py", "Python", 487, 0, 0, 0, 0, 0, 0, 0, 62, 138, 687
"c:\Users\makib\Documents\EntornosVirtuales\BaseDeDatosSalonDeBelleza\venv\Lib\site-packages\mysql\connector\optionfiles.py", "Python", 283, 0, 0, 0, 0, 0, 0, 0, 30, 55, 368
"c:\Users\makib\Documents\EntornosVirtuales\BaseDeDatosSalonDeBelleza\venv\Lib\site-packages\mysql\connector\plugins\__init__.py", "Python", 106, 0, 0, 0, 0, 0, 0, 0, 27, 28, 161
"c:\Users\makib\Documents\EntornosVirtuales\BaseDeDatosSalonDeBelleza\venv\Lib\site-packages\mysql\connector\plugins\authentication_kerberos_client.py", "Python", 414, 0, 0, 0, 0, 0, 0, 0, 54, 109, 577
"c:\Users\makib\Documents\EntornosVirtuales\BaseDeDatosSalonDeBelleza\venv\Lib\site-packages\mysql\connector\plugins\authentication_ldap_sasl_client.py", "Python", 457, 0, 0, 0, 0, 0, 0, 0, 47, 92, 596
"c:\Users\makib\Documents\EntornosVirtuales\BaseDeDatosSalonDeBelleza\venv\Lib\site-packages\mysql\connector\plugins\authentication_oci_client.py", "Python", 161, 0, 0, 0, 0, 0, 0, 0, 36, 38, 235
"c:\Users\makib\Documents\EntornosVirtuales\BaseDeDatosSalonDeBelleza\venv\Lib\site-packages\mysql\connector\plugins\authentication_openid_connect_client.py", "Python", 112, 0, 0, 0, 0, 0, 0, 0, 33, 29, 174
"c:\Users\makib\Documents\EntornosVirtuales\BaseDeDatosSalonDeBelleza\venv\Lib\site-packages\mysql\connector\plugins\authentication_webauthn_client.py", "Python", 182, 0, 0, 0, 0, 0, 0, 0, 50, 59, 291
"c:\Users\makib\Documents\EntornosVirtuales\BaseDeDatosSalonDeBelleza\venv\Lib\site-packages\mysql\connector\plugins\caching_sha2_password.py", "Python", 101, 0, 0, 0, 0, 0, 0, 0, 28, 31, 160
"c:\Users\makib\Documents\EntornosVirtuales\BaseDeDatosSalonDeBelleza\venv\Lib\site-packages\mysql\connector\plugins\mysql_clear_password.py", "Python", 57, 0, 0, 0, 0, 0, 0, 0, 27, 21, 105
"c:\Users\makib\Documents\EntornosVirtuales\BaseDeDatosSalonDeBelleza\venv\Lib\site-packages\mysql\connector\plugins\mysql_native_password.py", "Python", 70, 0, 0, 0, 0, 0, 0, 0, 27, 24, 121
"c:\Users\makib\Documents\EntornosVirtuales\BaseDeDatosSalonDeBelleza\venv\Lib\site-packages\mysql\connector\plugins\sha256_password.py", "Python", 60, 0, 0, 0, 0, 0, 0, 0, 27, 22, 109
"c:\Users\makib\Documents\EntornosVirtuales\BaseDeDatosSalonDeBelleza\venv\Lib\site-packages\mysql\connector\pooling.py", "Python", 544, 0, 0, 0, 0, 0, 0, 0, 41, 115, 700
"c:\Users\makib\Documents\EntornosVirtuales\BaseDeDatosSalonDeBelleza\venv\Lib\site-packages\mysql\connector\protocol.py", "Python", 967, 0, 0, 0, 0, 0, 0, 0, 50, 138, 1155
"c:\Users\makib\Documents\EntornosVirtuales\BaseDeDatosSalonDeBelleza\venv\Lib\site-packages\mysql\connector\tls_ciphers.py", "Python", 128, 0, 0, 0, 0, 0, 0, 0, 30, 11, 169
"c:\Users\makib\Documents\EntornosVirtuales\BaseDeDatosSalonDeBelleza\venv\Lib\site-packages\mysql\connector\types.py", "Python", 151, 0, 0, 0, 0, 0, 0, 0, 28, 35, 214
"c:\Users\makib\Documents\EntornosVirtuales\BaseDeDatosSalonDeBelleza\venv\Lib\site-packages\mysql\connector\utils.py", "Python", 567, 0, 0, 0, 0, 0, 0, 0, 48, 146, 761
"c:\Users\makib\Documents\EntornosVirtuales\BaseDeDatosSalonDeBelleza\venv\Lib\site-packages\mysql\connector\version.py", "Python", 12, 0, 0, 0, 0, 0, 0, 0, 29, 6, 47
"c:\Users\makib\Documents\EntornosVirtuales\BaseDeDatosSalonDeBelleza\venv\Lib\site-packages\pip\__init__.py", "Python", 8, 0, 0, 0, 0, 0, 0, 0, 0, 6, 14
"c:\Users\makib\Documents\EntornosVirtuales\BaseDeDatosSalonDeBelleza\venv\Lib\site-packages\pip\__main__.py", "Python", 10, 0, 0, 0, 0, 0, 0, 0, 10, 5, 25
"c:\Users\makib\Documents\EntornosVirtuales\BaseDeDatosSalonDeBelleza\venv\Lib\site-packages\pip\__pip-runner__.py", "Python", 29, 0, 0, 0, 0, 0, 0, 0, 4, 18, 51
"c:\Users\makib\Documents\EntornosVirtuales\BaseDeDatosSalonDeBelleza\venv\Lib\site-packages\pip\_internal\__init__.py", "Python", 10, 0, 0, 0, 0, 0, 0, 0, 2, 7, 19
"c:\Users\makib\Documents\EntornosVirtuales\BaseDeDatosSalonDeBelleza\venv\Lib\site-packages\pip\_internal\build_env.py", "Python", 252, 0, 0, 0, 0, 0, 0, 0, 15, 45, 312
"c:\Users\makib\Documents\EntornosVirtuales\BaseDeDatosSalonDeBelleza\venv\Lib\site-packages\pip\_internal\cache.py", "Python", 221, 0, 0, 0, 0, 0, 0, 0, 19, 51, 291
"c:\Users\makib\Documents\EntornosVirtuales\BaseDeDatosSalonDeBelleza\venv\Lib\site-packages\pip\_internal\cli\__init__.py", "Python", 2, 0, 0, 0, 0, 0, 0, 0, 1, 2, 5
"c:\Users\makib\Documents\EntornosVirtuales\BaseDeDatosSalonDeBelleza\venv\Lib\site-packages\pip\_internal\cli\autocompletion.py", "Python", 135, 0, 0, 0, 0, 0, 0, 0, 19, 19, 173
"c:\Users\makib\Documents\EntornosVirtuales\BaseDeDatosSalonDeBelleza\venv\Lib\site-packages\pip\_internal\cli\base_command.py", "Python", 175, 0, 0, 0, 0, 0, 0, 0, 22, 40, 237
"c:\Users\makib\Documents\EntornosVirtuales\BaseDeDatosSalonDeBelleza\venv\Lib\site-packages\pip\_internal\cli\cmdoptions.py", "Python", 883, 0, 0, 0, 0, 0, 0, 0, 38, 154, 1075
"c:\Users\makib\Documents\EntornosVirtuales\BaseDeDatosSalonDeBelleza\venv\Lib\site-packages\pip\_internal\cli\command_context.py", "Python", 20, 0, 0, 0, 0, 0, 0, 0, 0, 8, 28
"c:\Users\makib\Documents\EntornosVirtuales\BaseDeDatosSalonDeBelleza\venv\Lib\site-packages\pip\_internal\cli\main.py", "Python", 34, 0, 0, 0, 0, 0, 0, 0, 30, 16, 80
"c:\Users\makib\Documents\EntornosVirtuales\BaseDeDatosSalonDeBelleza\venv\Lib\site-packages\pip\_internal\cli\main_parser.py", "Python", 82, 0, 0, 0, 0, 0, 0, 0, 24, 29, 135
"c:\Users\makib\Documents\EntornosVirtuales\BaseDeDatosSalonDeBelleza\venv\Lib\site-packages\pip\_internal\cli\parser.py", "Python", 222, 0, 0, 0, 0, 0, 0, 0, 20, 53, 295
"c:\Users\makib\Documents\EntornosVirtuales\BaseDeDatosSalonDeBelleza\venv\Lib\site-packages\pip\_internal\cli\progress_bars.py", "Python", 58, 0, 0, 0, 0, 0, 0, 0, 0, 11, 69
"c:\Users\makib\Documents\EntornosVirtuales\BaseDeDatosSalonDeBelleza\venv\Lib\site-packages\pip\_internal\cli\req_command.py", "Python", 408, 0, 0, 0, 0, 0, 0, 0, 29, 69, 506
"c:\Users\makib\Documents\EntornosVirtuales\BaseDeDatosSalonDeBelleza\venv\Lib\site-packages\pip\_internal\cli\spinners.py", "Python", 114, 0, 0, 0, 0, 0, 0, 0, 18, 28, 160
"c:\Users\makib\Documents\EntornosVirtuales\BaseDeDatosSalonDeBelleza\venv\Lib\site-packages\pip\_internal\cli\status_codes.py", "Python", 6, 0, 0, 0, 0, 0, 0, 0, 0, 1, 7
"c:\Users\makib\Documents\EntornosVirtuales\BaseDeDatosSalonDeBelleza\venv\Lib\site-packages\pip\_internal\commands\__init__.py", "Python", 113, 0, 0, 0, 0, 0, 0, 0, 7, 13, 133
"c:\Users\makib\Documents\EntornosVirtuales\BaseDeDatosSalonDeBelleza\venv\Lib\site-packages\pip\_internal\commands\cache.py", "Python", 163, 0, 0, 0, 0, 0, 0, 0, 20, 43, 226
"c:\Users\makib\Documents\EntornosVirtuales\BaseDeDatosSalonDeBelleza\venv\Lib\site-packages\pip\_internal\commands\check.py", "Python", 45, 0, 0, 0, 0, 0, 0, 0, 0, 10, 55
"c:\Users\makib\Documents\EntornosVirtuales\BaseDeDatosSalonDeBelleza\venv\Lib\site-packages\pip\_internal\commands\completion.py", "Python", 116, 0, 0, 0, 0, 0, 0, 0, 5, 10, 131
"c:\Users\makib\Documents\EntornosVirtuales\BaseDeDatosSalonDeBelleza\venv\Lib\site-packages\pip\_internal\commands\configuration.py", "Python", 224, 0, 0, 0, 0, 0, 0, 0, 12, 45, 281
"c:\Users\makib\Documents\EntornosVirtuales\BaseDeDatosSalonDeBelleza\venv\Lib\site-packages\pip\_internal\commands\debug.py", "Python", 149, 0, 0, 0, 0, 0, 0, 0, 9, 44, 202
"c:\Users\makib\Documents\EntornosVirtuales\BaseDeDatosSalonDeBelleza\venv\Lib\site-packages\pip\_internal\commands\download.py", "Python", 117, 0, 0, 0, 0, 0, 0, 0, 2, 29, 148
"c:\Users\makib\Documents\EntornosVirtuales\BaseDeDatosSalonDeBelleza\venv\Lib\site-packages\pip\_internal\commands\freeze.py", "Python", 91, 0, 0, 0, 0, 0, 0, 0, 0, 18, 109
"c:\Users\makib\Documents\EntornosVirtuales\BaseDeDatosSalonDeBelleza\venv\Lib\site-packages\pip\_internal\commands\hash.py", "Python", 48, 0, 0, 0, 0, 0, 0, 0, 0, 12, 60
"c:\Users\makib\Documents\EntornosVirtuales\BaseDeDatosSalonDeBelleza\venv\Lib\site-packages\pip\_internal\commands\help.py", "Python", 29, 0, 0, 0, 0, 0, 0, 0, 1, 12, 42
"c:\Users\makib\Documents\EntornosVirtuales\BaseDeDatosSalonDeBelleza\venv\Lib\site-packages\pip\_internal\commands\index.py", "Python", 108, 0, 0, 0, 0, 0, 0, 0, 4, 28, 140
"c:\Users\makib\Documents\EntornosVirtuales\BaseDeDatosSalonDeBelleza\venv\Lib\site-packages\pip\_internal\commands\inspect.py", "Python", 77, 0, 0, 0, 0, 0, 0, 0, 6, 10, 93
"c:\Users\makib\Documents\EntornosVirtuales\BaseDeDatosSalonDeBelleza\venv\Lib\site-packages\pip\_internal\commands\install.py", "Python", 646, 0, 0, 0, 0, 0, 0, 0, 36, 93, 775
"c:\Users\makib\Documents\EntornosVirtuales\BaseDeDatosSalonDeBelleza\venv\Lib\site-packages\pip\_internal\commands\list.py", "Python", 299, 0, 0, 0, 0, 0, 0, 0, 13, 57, 369
"c:\Users\makib\Documents\EntornosVirtuales\BaseDeDatosSalonDeBelleza\venv\Lib\site-packages\pip\_internal\commands\search.py", "Python", 142, 0, 0, 0, 0, 0, 0, 0, 2, 31, 175
"c:\Users\makib\Documents\EntornosVirtuales\BaseDeDatosSalonDeBelleza\venv\Lib\site-packages\pip\_internal\commands\show.py", "Python", 162, 0, 0, 0, 0, 0, 0, 0, 0, 28, 190
"c:\Users\makib\Documents\EntornosVirtuales\BaseDeDatosSalonDeBelleza\venv\Lib\site-packages\pip\_internal\commands\uninstall.py", "Python", 99, 0, 0, 0, 0, 0, 0, 0, 0, 15, 114
"c:\Users\makib\Documents\EntornosVirtuales\BaseDeDatosSalonDeBelleza\venv\Lib\site-packages\pip\_internal\commands\wheel.py", "Python", 151, 0, 0, 0, 0, 0, 0, 0, 2, 31, 184
"c:\Users\makib\Documents\EntornosVirtuales\BaseDeDatosSalonDeBelleza\venv\Lib\site-packages\pip\_internal\configuration.py", "Python", 279, 0, 0, 0, 0, 0, 0, 0, 33, 72, 384
"c:\Users\makib\Documents\EntornosVirtuales\BaseDeDatosSalonDeBelleza\venv\Lib\site-packages\pip\_internal\distributions\__init__.py", "Python", 13, 0, 0, 0, 0, 0, 0, 0, 4, 5, 22
"c:\Users\makib\Documents\EntornosVirtuales\BaseDeDatosSalonDeBelleza\venv\Lib\site-packages\pip\_internal\distributions\base.py", "Python", 38, 0, 0, 0, 0, 0, 0, 0, 0, 14, 52
"c:\Users\makib\Documents\EntornosVirtuales\BaseDeDatosSalonDeBelleza\venv\Lib\site-packages\pip\_internal\distributions\installed.py", "Python", 22, 0, 0, 0, 0, 0, 0, 0, 0, 8, 30
"c:\Users\makib\Documents\EntornosVirtuales\BaseDeDatosSalonDeBelleza\venv\Lib\site-packages\pip\_internal\distributions\sdist.py", "Python", 122, 0, 0, 0, 0, 0, 0, 0, 18, 17, 157
"c:\Users\makib\Documents\EntornosVirtuales\BaseDeDatosSalonDeBelleza\venv\Lib\site-packages\pip\_internal\distributions\wheel.py", "Python", 32, 0, 0, 0, 0, 0, 0, 0, 0, 9, 41
"c:\Users\makib\Documents\EntornosVirtuales\BaseDeDatosSalonDeBelleza\venv\Lib\site-packages\pip\_internal\exceptions.py", "Python", 546, 0, 0, 0, 0, 0, 0, 0, 23, 160, 729
"c:\Users\makib\Documents\EntornosVirtuales\BaseDeDatosSalonDeBelleza\venv\Lib\site-packages\pip\_internal\index\__init__.py", "Python", 2, 0, 0, 0, 0, 0, 0, 0, 0, 1, 3
"c:\Users\makib\Documents\EntornosVirtuales\BaseDeDatosSalonDeBelleza\venv\Lib\site-packages\pip\_internal\index\collector.py", "Python", 393, 0, 0, 0, 0, 0, 0, 0, 29, 86, 508
"c:\Users\makib\Documents\EntornosVirtuales\BaseDeDatosSalonDeBelleza\venv\Lib\site-packages\pip\_internal\index\package_finder.py", "Python", 842, 0, 0, 0, 0, 0, 0, 0, 39, 147, 1028
"c:\Users\makib\Documents\EntornosVirtuales\BaseDeDatosSalonDeBelleza\venv\Lib\site-packages\pip\_internal\index\sources.py", "Python", 224, 0, 0, 0, 0, 0, 0, 0, 3, 59, 286
"c:\Users\makib\Documents\EntornosVirtuales\BaseDeDatosSalonDeBelleza\venv\Lib\site-packages\pip\_internal\locations\__init__.py", "Python", 345, 0, 0, 0, 0, 0, 0, 0, 37, 86, 468
"c:\Users\makib\Documents\EntornosVirtuales\BaseDeDatosSalonDeBelleza\venv\Lib\site-packages\pip\_internal\locations\_distutils.py", "Python", 127, 0, 0, 0, 0, 0, 0, 0, 21, 25, 173
"c:\Users\makib\Documents\EntornosVirtuales\BaseDeDatosSalonDeBelleza\venv\Lib\site-packages\pip\_internal\locations\_sysconfig.py", "Python", 158, 0, 0, 0, 0, 0, 0, 0, 17, 39, 214
"c:\Users\makib\Documents\EntornosVirtuales\BaseDeDatosSalonDeBelleza\venv\Lib\site-packages\pip\_internal\locations\base.py", "Python", 55, 0, 0, 0, 0, 0, 0, 0, 8, 19, 82
"c:\Users\makib\Documents\EntornosVirtuales\BaseDeDatosSalonDeBelleza\venv\Lib\site-packages\pip\_internal\main.py", "Python", 8, 0, 0, 0, 0, 0, 0, 0, 0, 5, 13
"c:\Users\makib\Documents\EntornosVirtuales\BaseDeDatosSalonDeBelleza\venv\Lib\site-packages\pip\_internal\metadata\__init__.py", "Python", 96, 0, 0, 0, 0, 0, 0, 0, 0, 33, 129
"c:\Users\makib\Documents\EntornosVirtuales\BaseDeDatosSalonDeBelleza\venv\Lib\site-packages\pip\_internal\metadata\_json.py", "Python", 68, 0, 0, 0, 0, 0, 0, 0, 6, 11, 85
"c:\Users\makib\Documents\EntornosVirtuales\BaseDeDatosSalonDeBelleza\venv\Lib\site-packages\pip\_internal\metadata\base.py", "Python", 564, 0, 0, 0, 0, 0, 0, 0, 15, 124, 703
"c:\Users\makib\Documents\EntornosVirtuales\BaseDeDatosSalonDeBelleza\venv\Lib\site-packages\pip\_internal\metadata\importlib\__init__.py", "Python", 4, 0, 0, 0, 0, 0, 0, 0, 0, 3, 7
"c:\Users\makib\Documents\EntornosVirtuales\BaseDeDatosSalonDeBelleza\venv\Lib\site-packages\pip\_internal\metadata\importlib\_compat.py", "Python", 40, 0, 0, 0, 0, 0, 0, 0, 0, 16, 56
"c:\Users\makib\Documents\EntornosVirtuales\BaseDeDatosSalonDeBelleza\venv\Lib\site-packages\pip\_internal\metadata\importlib\_dists.py", "Python", 184, 0, 0, 0, 0, 0, 0, 0, 12, 32, 228
"c:\Users\makib\Documents\EntornosVirtuales\BaseDeDatosSalonDeBelleza\venv\Lib\site-packages\pip\_internal\metadata\importlib\_envs.py", "Python", 150, 0, 0, 0, 0, 0, 0, 0, 6, 34, 190
"c:\Users\makib\Documents\EntornosVirtuales\BaseDeDatosSalonDeBelleza\venv\Lib\site-packages\pip\_internal\metadata\pkg_resources.py", "Python", 212, 0, 0, 0, 0, 0, 0, 0, 17, 50, 279
"c:\Users\makib\Documents\EntornosVirtuales\BaseDeDatosSalonDeBelleza\venv\Lib\site-packages\pip\_internal\models\__init__.py", "Python", 2, 0, 0, 0, 0, 0, 0, 0, 0, 1, 3
"c:\Users\makib\Documents\EntornosVirtuales\BaseDeDatosSalonDeBelleza\venv\Lib\site-packages\pip\_internal\models\candidate.py", "Python", 22, 0, 0, 0, 0, 0, 0, 0, 0, 9, 31
"c:\Users\makib\Documents\EntornosVirtuales\BaseDeDatosSalonDeBelleza\venv\Lib\site-packages\pip\_internal\models\direct_url.py", "Python", 190, 0, 0, 0, 0, 0, 0, 0, 3, 43, 236
"c:\Users\makib\Documents\EntornosVirtuales\BaseDeDatosSalonDeBelleza\venv\Lib\site-packages\pip\_internal\models\format_control.py", "Python", 63, 0, 0, 0, 0, 0, 0, 0, 1, 15, 79
"c:\Users\makib\Documents\EntornosVirtuales\BaseDeDatosSalonDeBelleza\venv\Lib\site-packages\pip\_internal\models\index.py", "Python", 17, 0, 0, 0, 0, 0, 0, 0, 3, 9, 29
"c:\Users\makib\Documents\EntornosVirtuales\BaseDeDatosSalonDeBelleza\venv\Lib\site-packages\pip\_internal\models\installation_report.py", "Python", 29, 0, 0, 0, 0, 0, 0, 0, 21, 7, 57
"c:\Users\makib\Documents\EntornosVirtuales\BaseDeDatosSalonDeBelleza\venv\Lib\site-packages\pip\_internal\models\link.py", "Python", 427, 0, 0, 0, 0, 0, 0, 0, 54, 99, 580
"c:\Users\makib\Documents\EntornosVirtuales\BaseDeDatosSalonDeBelleza\venv\Lib\site-packages\pip\_internal\models\scheme.py", "Python", 24, 0, 0, 0, 0, 0, 0, 0, 0, 8, 32
"c:\Users\makib\Documents\EntornosVirtuales\BaseDeDatosSalonDeBelleza\venv\Lib\site-packages\pip\_internal\models\search_scope.py", "Python", 93, 0, 0, 0, 0, 0, 0, 0, 18, 22, 133
"c:\Users\makib\Documents\EntornosVirtuales\BaseDeDatosSalonDeBelleza\venv\Lib\site-packages\pip\_internal\models\selection_prefs.py", "Python", 40, 0, 0, 0, 0, 0, 0, 0, 4, 8, 52
"c:\Users\makib\Documents\EntornosVirtuales\BaseDeDatosSalonDeBelleza\venv\Lib\site-packages\pip\_internal\models\target_python.py", "Python", 98, 0, 0, 0, 0, 0, 0, 0, 4, 21, 123
"c:\Users\makib\Documents\EntornosVirtuales\BaseDeDatosSalonDeBelleza\venv\Lib\site-packages\pip\_internal\models\wheel.py", "Python", 71, 0, 0, 0, 0, 0, 0, 0, 3, 19, 93
"c:\Users\makib\Documents\EntornosVirtuales\BaseDeDatosSalonDeBelleza\venv\Lib\site-packages\pip\_internal\network\__init__.py", "Python", 2, 0, 0, 0, 0, 0, 0, 0, 0, 1, 3
"c:\Users\makib\Documents\EntornosVirtuales\BaseDeDatosSalonDeBelleza\venv\Lib\site-packages\pip\_internal\network\auth.py", "Python", 387, 0, 0, 0, 0, 0, 0, 0, 71, 104, 562
"c:\Users\makib\Documents\EntornosVirtuales\BaseDeDatosSalonDeBelleza\venv\Lib\site-packages\pip\_internal\network\cache.py", "Python", 80, 0, 0, 0, 0, 0, 0, 0, 5, 22, 107
"c:\Users\makib\Documents\EntornosVirtuales\BaseDeDatosSalonDeBelleza\venv\Lib\site-packages\pip\_internal\network\download.py", "Python", 150, 0, 0, 0, 0, 0, 0, 0, 3, 34, 187
"c:\Users\makib\Documents\EntornosVirtuales\BaseDeDatosSalonDeBelleza\venv\Lib\site-packages\pip\_internal\network\lazy_wheel.py", "Python", 166, 0, 0, 0, 0, 0, 0, 0, 7, 38, 211
"c:\Users\makib\Documents\EntornosVirtuales\BaseDeDatosSalonDeBelleza\venv\Lib\site-packages\pip\_internal\network\session.py", "Python", 359, 0, 0, 0, 0, 0, 0, 0, 81, 81, 521
"c:\Users\makib\Documents\EntornosVirtuales\BaseDeDatosSalonDeBelleza\venv\Lib\site-packages\pip\_internal\network\utils.py", "Python", 39, 0, 0, 0, 0, 0, 0, 0, 47, 11, 97
"c:\Users\makib\Documents\EntornosVirtuales\BaseDeDatosSalonDeBelleza\venv\Lib\site-packages\pip\_internal\network\xmlrpc.py", "Python", 53, 0, 0, 0, 0, 0, 0, 0, 0, 10, 63
"c:\Users\makib\Documents\EntornosVirtuales\BaseDeDatosSalonDeBelleza\venv\Lib\site-packages\pip\_internal\operations\__init__.py", "Python", 0, 0, 0, 0, 0, 0, 0, 0, 0, 1, 1
"c:\Users\makib\Documents\EntornosVirtuales\BaseDeDatosSalonDeBelleza\venv\Lib\site-packages\pip\_internal\operations\build\__init__.py", "Python", 0, 0, 0, 0, 0, 0, 0, 0, 0, 1, 1
"c:\Users\makib\Documents\EntornosVirtuales\BaseDeDatosSalonDeBelleza\venv\Lib\site-packages\pip\_internal\operations\build\build_tracker.py", "Python", 99, 0, 0, 0, 0, 0, 0, 0, 8, 33, 140
"c:\Users\makib\Documents\EntornosVirtuales\BaseDeDatosSalonDeBelleza\venv\Lib\site-packages\pip\_internal\operations\build\metadata.py", "Python", 27, 0, 0, 0, 0, 0, 0, 0, 3, 10, 40
"c:\Users\makib\Documents\EntornosVirtuales\BaseDeDatosSalonDeBelleza\venv\Lib\site-packages\pip\_internal\operations\build\metadata_editable.py", "Python", 29, 0, 0, 0, 0, 0, 0, 0, 3, 10, 42
"c:\Users\makib\Documents\EntornosVirtuales\BaseDeDatosSalonDeBelleza\venv\Lib\site-packages\pip\_internal\operations\build\metadata_legacy.py", "Python", 58, 0, 0, 0, 0, 0, 0, 0, 1, 16, 75
"c:\Users\makib\Documents\EntornosVirtuales\BaseDeDatosSalonDeBelleza\venv\Lib\site-packages\pip\_internal\operations\build\wheel.py", "Python", 30, 0, 0, 0, 0, 0, 0, 0, 0, 8, 38
"c:\Users\makib\Documents\EntornosVirtuales\BaseDeDatosSalonDeBelleza\venv\Lib\site-packages\pip\_internal\operations\build\wheel_editable.py", "Python", 39, 0, 0, 0, 0, 0, 0, 0, 0, 8, 47
"c:\Users\makib\Documents\EntornosVirtuales\BaseDeDatosSalonDeBelleza\venv\Lib\site-packages\pip\_internal\operations\build\wheel_legacy.py", "Python", 85, 0, 0, 0, 0, 0, 0, 0, 1, 17, 103
"c:\Users\makib\Documents\EntornosVirtuales\BaseDeDatosSalonDeBelleza\venv\Lib\site-packages\pip\_internal\operations\check.py", "Python", 138, 0, 0, 0, 0, 0, 0, 0, 10, 40, 188
"c:\Users\makib\Documents\EntornosVirtuales\BaseDeDatosSalonDeBelleza\venv\Lib\site-packages\pip\_internal\operations\freeze.py", "Python", 214, 0, 0, 0, 0, 0, 0, 0, 12, 30, 256
"c:\Users\makib\Documents\EntornosVirtuales\BaseDeDatosSalonDeBelleza\venv\Lib\site-packages\pip\_internal\operations\install\__init__.py", "Python", 2, 0, 0, 0, 0, 0, 0, 0, 0, 1, 3
"c:\Users\makib\Documents\EntornosVirtuales\BaseDeDatosSalonDeBelleza\venv\Lib\site-packages\pip\_internal\operations\install\editable_legacy.py", "Python", 40, 0, 0, 0, 0, 0, 0, 0, 0, 7, 47
"c:\Users\makib\Documents\EntornosVirtuales\BaseDeDatosSalonDeBelleza\venv\Lib\site-packages\pip\_internal\operations\install\wheel.py", "Python", 523, 0, 0, 0, 0, 0, 0, 0, 94, 118, 735
"c:\Users\makib\Documents\EntornosVirtuales\BaseDeDatosSalonDeBelleza\venv\Lib\site-packages\pip\_internal\operations\prepare.py", "Python", 529, 0, 0, 0, 0, 0, 0, 0, 113, 89, 731
"c:\Users\makib\Documents\EntornosVirtuales\BaseDeDatosSalonDeBelleza\venv\Lib\site-packages\pip\_internal\pyproject.py", "Python", 106, 0, 0, 0, 0, 0, 0, 0, 45, 29, 180
"c:\Users\makib\Documents\EntornosVirtuales\BaseDeDatosSalonDeBelleza\venv\Lib\site-packages\pip\_internal\req\__init__.py", "Python", 73, 0, 0, 0, 0, 0, 0, 0, 1, 19, 93
"c:\Users\makib\Documents\EntornosVirtuales\BaseDeDatosSalonDeBelleza\venv\Lib\site-packages\pip\_internal\req\constructors.py", "Python", 474, 0, 0, 0, 0, 0, 0, 0, 24, 79, 577
"c:\Users\makib\Documents\EntornosVirtuales\BaseDeDatosSalonDeBelleza\venv\Lib\site-packages\pip\_internal\req\req_file.py", "Python", 426, 0, 0, 0, 0, 0, 0, 0, 34, 95, 555
"c:\Users\makib\Documents\EntornosVirtuales\BaseDeDatosSalonDeBelleza\venv\Lib\site-packages\pip\_internal\req\req_install.py", "Python", 738, 0, 0, 0, 0, 0, 0, 0, 77, 109, 924
"c:\Users\makib\Documents\EntornosVirtuales\BaseDeDatosSalonDeBelleza\venv\Lib\site-packages\pip\_internal\req\req_set.py", "Python", 97, 0, 0, 0, 0, 0, 0, 0, 0, 23, 120
"c:\Users\makib\Documents\EntornosVirtuales\BaseDeDatosSalonDeBelleza\venv\Lib\site-packages\pip\_internal\req\req_uninstall.py", "Python", 489, 0, 0, 0, 0, 0, 0, 0, 57, 104, 650
"c:\Users\makib\Documents\EntornosVirtuales\BaseDeDatosSalonDeBelleza\venv\Lib\site-packages\pip\_internal\resolution\__init__.py", "Python", 0, 0, 0, 0, 0, 0, 0, 0, 0, 1, 1
"c:\Users\makib\Documents\EntornosVirtuales\BaseDeDatosSalonDeBelleza\venv\Lib\site-packages\pip\_internal\resolution\base.py", "Python", 15, 0, 0, 0, 0, 0, 0, 0, 0, 6, 21
"c:\Users\makib\Documents\EntornosVirtuales\BaseDeDatosSalonDeBelleza\venv\Lib\site-packages\pip\_internal\resolution\legacy\__init__.py", "Python", 0, 0, 0, 0, 0, 0, 0, 0, 0, 1, 1
"c:\Users\makib\Documents\EntornosVirtuales\BaseDeDatosSalonDeBelleza\venv\Lib\site-packages\pip\_internal\resolution\legacy\resolver.py", "Python", 448, 0, 0, 0, 0, 0, 0, 0, 70, 81, 599
"c:\Users\makib\Documents\EntornosVirtuales\BaseDeDatosSalonDeBelleza\venv\Lib\site-packages\pip\_internal\resolution\resolvelib\__init__.py", "Python", 0, 0, 0, 0, 0, 0, 0, 0, 0, 1, 1
"c:\Users\makib\Documents\EntornosVirtuales\BaseDeDatosSalonDeBelleza\venv\Lib\site-packages\pip\_internal\resolution\resolvelib\base.py", "Python", 103, 0, 0, 0, 0, 0, 0, 0, 4, 35, 142
"c:\Users\makib\Documents\EntornosVirtuales\BaseDeDatosSalonDeBelleza\venv\Lib\site-packages\pip\_internal\resolution\resolvelib\candidates.py", "Python", 470, 0, 0, 0, 0, 0, 0, 0, 29, 99, 598
"c:\Users\makib\Documents\EntornosVirtuales\BaseDeDatosSalonDeBelleza\venv\Lib\site-packages\pip\_internal\resolution\resolvelib\factory.py", "Python", 656, 0, 0, 0, 0, 0, 0, 0, 77, 80, 813
"c:\Users\makib\Documents\EntornosVirtuales\BaseDeDatosSalonDeBelleza\venv\Lib\site-packages\pip\_internal\resolution\resolvelib\found_candidates.py", "Python", 112, 0, 0, 0, 0, 0, 0, 0, 18, 26, 156
"c:\Users\makib\Documents\EntornosVirtuales\BaseDeDatosSalonDeBelleza\venv\Lib\site-packages\pip\_internal\resolution\resolvelib\provider.py", "Python", 191, 0, 0, 0, 0, 0, 0, 0, 29, 36, 256
"c:\Users\makib\Documents\EntornosVirtuales\BaseDeDatosSalonDeBelleza\venv\Lib\site-packages\pip\_internal\resolution\resolvelib\reporter.py", "Python", 60, 0, 0, 0, 0, 0, 0, 0, 1, 20, 81
"c:\Users\makib\Documents\EntornosVirtuales\BaseDeDatosSalonDeBelleza\venv\Lib\site-packages\pip\_internal\resolution\resolvelib\requirements.py", "Python", 110, 0, 0, 0, 0, 0, 0, 0, 12, 45, 167
"c:\Users\makib\Documents\EntornosVirtuales\BaseDeDatosSalonDeBelleza\venv\Lib\site-packages\pip\_internal\resolution\resolvelib\resolver.py", "Python", 238, 0, 0, 0, 0, 0, 0, 0, 34, 46, 318
"c:\Users\makib\Documents\EntornosVirtuales\BaseDeDatosSalonDeBelleza\venv\Lib\site-packages\pip\_internal\self_outdated_check.py", "Python", 185, 0, 0, 0, 0, 0, 0, 0, 16, 48, 249
"c:\Users\makib\Documents\EntornosVirtuales\BaseDeDatosSalonDeBelleza\venv\Lib\site-packages\pip\_internal\utils\__init__.py", "Python", 0, 0, 0, 0, 0, 0, 0, 0, 0, 1, 1
"c:\Users\makib\Documents\EntornosVirtuales\BaseDeDatosSalonDeBelleza\venv\Lib\site-packages\pip\_internal\utils\_jaraco_text.py", "Python", 83, 0, 0, 0, 0, 0, 0, 0, 0, 27, 110
"c:\Users\makib\Documents\EntornosVirtuales\BaseDeDatosSalonDeBelleza\venv\Lib\site-packages\pip\_internal\utils\_log.py", "Python", 23, 0, 0, 0, 0, 0, 0, 0, 2, 14, 39
"c:\Users\makib\Documents\EntornosVirtuales\BaseDeDatosSalonDeBelleza\venv\Lib\site-packages\pip\_internal\utils\appdirs.py", "Python", 31, 0, 0, 0, 0, 0, 0, 0, 5, 17, 53
"c:\Users\makib\Documents\EntornosVirtuales\BaseDeDatosSalonDeBelleza\venv\Lib\site-packages\pip\_internal\utils\compat.py", "Python", 36, 0, 0, 0, 0, 0, 0, 0, 9, 19, 64
"c:\Users\makib\Documents\EntornosVirtuales\BaseDeDatosSalonDeBelleza\venv\Lib\site-packages\pip\_internal\utils\compatibility_tags.py", "Python", 121, 0, 0, 0, 0, 0, 0, 0, 16, 29, 166
"c:\Users\makib\Documents\EntornosVirtuales\BaseDeDatosSalonDeBelleza\venv\Lib\site-packages\pip\_internal\utils\datetime.py", "Python", 7, 0, 0, 0, 0, 0, 0, 0, 0, 5, 12
"c:\Users\makib\Documents\EntornosVirtuales\BaseDeDatosSalonDeBelleza\venv\Lib\site-packages\pip\_internal\utils\deprecation.py", "Python", 92, 0, 0, 0, 0, 0, 0, 0, 6, 23, 121
"c:\Users\makib\Documents\EntornosVirtuales\BaseDeDatosSalonDeBelleza\venv\Lib\site-packages\pip\_internal\utils\direct_url_helpers.py", "Python", 71, 0, 0, 0, 0, 0, 0, 0, 9, 8, 88
"c:\Users\makib\Documents\EntornosVirtuales\BaseDeDatosSalonDeBelleza\venv\Lib\site-packages\pip\_internal\utils\egg_link.py", "Python", 67, 0, 0, 0, 0, 0, 0, 0, 0, 14, 81
"c:\Users\makib\Documents\EntornosVirtuales\BaseDeDatosSalonDeBelleza\venv\Lib\site-packages\pip\_internal\utils\encoding.py", "Python", 30, 0, 0, 0, 0, 0, 0, 0, 1, 6, 37
"c:\Users\makib\Documents\EntornosVirtuales\BaseDeDatosSalonDeBelleza\venv\Lib\site-packages\pip\_internal\utils\entrypoints.py", "Python", 65, 0, 0, 0, 0, 0, 0, 0, 5, 15, 85
"c:\Users\makib\Documents\EntornosVirtuales\BaseDeDatosSalonDeBelleza\venv\Lib\site-packages\pip\_internal\utils\filesystem.py", "Python", 104, 0, 0, 0, 0, 0, 0, 0, 18, 32, 154
"c:\Users\makib\Documents\EntornosVirtuales\BaseDeDatosSalonDeBelleza\venv\Lib\site-packages\pip\_internal\utils\filetypes.py", "Python", 22, 0, 0, 0, 0, 0, 0, 0, 0, 6, 28
"c:\Users\makib\Documents\EntornosVirtuales\BaseDeDatosSalonDeBelleza\venv\Lib\site-packages\pip\_internal\utils\glibc.py", "Python", 44, 0, 0, 0, 0, 0, 0, 0, 31, 14, 89
"c:\Users\makib\Documents\EntornosVirtuales\BaseDeDatosSalonDeBelleza\venv\Lib\site-packages\pip\_internal\utils\hashes.py", "Python", 103, 0, 0, 0, 0, 0, 0, 0, 12, 37, 152
"c:\Users\makib\Documents\EntornosVirtuales\BaseDeDatosSalonDeBelleza\venv\Lib\site-packages\pip\_internal\utils\logging.py", "Python", 273, 0, 0, 0, 0, 0, 0, 0, 22, 54, 349
"c:\Users\makib\Documents\EntornosVirtuales\BaseDeDatosSalonDeBelleza\venv\Lib\site-packages\pip\_internal\utils\misc.py", "Python", 597, 0, 0, 0, 0, 0, 0, 0, 28, 159, 784
"c:\Users\makib\Documents\EntornosVirtuales\BaseDeDatosSalonDeBelleza\venv\Lib\site-packages\pip\_internal\utils\models.py", "Python", 26, 0, 0, 0, 0, 0, 0, 0, 0, 14, 40
"c:\Users\makib\Documents\EntornosVirtuales\BaseDeDatosSalonDeBelleza\venv\Lib\site-packages\pip\_internal\utils\packaging.py", "Python", 36, 0, 0, 0, 0, 0, 0, 0, 6, 16, 58
"c:\Users\makib\Documents\EntornosVirtuales\BaseDeDatosSalonDeBelleza\venv\Lib\site-packages\pip\_internal\utils\setuptools_build.py", "Python", 106, 0, 0, 0, 0, 0, 0, 0, 16, 25, 147
"c:\Users\makib\Documents\EntornosVirtuales\BaseDeDatosSalonDeBelleza\venv\Lib\site-packages\pip\_internal\utils\subprocess.py", "Python", 197, 0, 0, 0, 0, 0, 0, 0, 39, 25, 261
"c:\Users\makib\Documents\EntornosVirtuales\BaseDeDatosSalonDeBelleza\venv\Lib\site-packages\pip\_internal\utils\temp_dir.py", "Python", 220, 0, 0, 0, 0, 0, 0, 0, 22, 55, 297
"c:\Users\makib\Documents\EntornosVirtuales\BaseDeDatosSalonDeBelleza\venv\Lib\site-packages\pip\_internal\utils\unpacking.py", "Python", 215, 0, 0, 0, 0, 0, 0, 0, 14, 29, 258
"c:\Users\makib\Documents\EntornosVirtuales\BaseDeDatosSalonDeBelleza\venv\Lib\site-packages\pip\_internal\utils\urls.py", "Python", 45, 0, 0, 0, 0, 0, 0, 0, 5, 13, 63
"c:\Users\makib\Documents\EntornosVirtuales\BaseDeDatosSalonDeBelleza\venv\Lib\site-packages\pip\_internal\utils\virtualenv.py", "Python", 72, 0, 0, 0, 0, 0, 0, 0, 7, 26, 105
"c:\Users\makib\Documents\EntornosVirtuales\BaseDeDatosSalonDeBelleza\venv\Lib\site-packages\pip\_internal\utils\wheel.py", "Python", 92, 0, 0, 0, 0, 0, 0, 0, 7, 36, 135
"c:\Users\makib\Documents\EntornosVirtuales\BaseDeDatosSalonDeBelleza\venv\Lib\site-packages\pip\_internal\vcs\__init__.py", "Python", 11, 0, 0, 0, 0, 0, 0, 0, 4, 1, 16
"c:\Users\makib\Documents\EntornosVirtuales\BaseDeDatosSalonDeBelleza\venv\Lib\site-packages\pip\_internal\vcs\bazaar.py", "Python", 94, 0, 0, 0, 0, 0, 0, 0, 3, 16, 113
"c:\Users\makib\Documents\EntornosVirtuales\BaseDeDatosSalonDeBelleza\venv\Lib\site-packages\pip\_internal\vcs\git.py", "Python", 402, 0, 0, 0, 0, 0, 0, 0, 56, 69, 527
"c:\Users\makib\Documents\EntornosVirtuales\BaseDeDatosSalonDeBelleza\venv\Lib\site-packages\pip\_internal\vcs\mercurial.py", "Python", 146, 0, 0, 0, 0, 0, 0, 0, 1, 17, 164
"c:\Users\makib\Documents\EntornosVirtuales\BaseDeDatosSalonDeBelleza\venv\Lib\site-packages\pip\_internal\vcs\subversion.py", "Python", 237, 0, 0, 0, 0, 0, 0, 0, 40, 48, 325
"c:\Users\makib\Documents\EntornosVirtuales\BaseDeDatosSalonDeBelleza\venv\Lib\site-packages\pip\_internal\vcs\versioncontrol.py", "Python", 570, 0, 0, 0, 0, 0, 0, 0, 23, 113, 706
"c:\Users\makib\Documents\EntornosVirtuales\BaseDeDatosSalonDeBelleza\venv\Lib\site-packages\pip\_internal\wheel_builder.py", "Python", 290, 0, 0, 0, 0, 0, 0, 0, 19, 46, 355
"c:\Users\makib\Documents\EntornosVirtuales\BaseDeDatosSalonDeBelleza\venv\Lib\site-packages\pip\_vendor\__init__.py", "Python", 85, 0, 0, 0, 0, 0, 0, 0, 26, 11, 122
"c:\Users\makib\Documents\EntornosVirtuales\BaseDeDatosSalonDeBelleza\venv\Lib\site-packages\pip\_vendor\cachecontrol\__init__.py", "Python", 19, 0, 0, 0, 0, 0, 0, 0, 3, 7, 29
"c:\Users\makib\Documents\EntornosVirtuales\BaseDeDatosSalonDeBelleza\venv\Lib\site-packages\pip\_vendor\cachecontrol\_cmd.py", "Python", 43, 0, 0, 0, 0, 0, 0, 0, 7, 21, 71
"c:\Users\makib\Documents\EntornosVirtuales\BaseDeDatosSalonDeBelleza\venv\Lib\site-packages\pip\_vendor\cachecontrol\adapter.py", "Python", 114, 0, 0, 0, 0, 0, 0, 0, 20, 28, 162
"c:\Users\makib\Documents\EntornosVirtuales\BaseDeDatosSalonDeBelleza\venv\Lib\site-packages\pip\_vendor\cachecontrol\cache.py", "Python", 51, 0, 0, 0, 0, 0, 0, 0, 3, 21, 75
"c:\Users\makib\Documents\EntornosVirtuales\BaseDeDatosSalonDeBelleza\venv\Lib\site-packages\pip\_vendor\cachecontrol\caches\__init__.py", "Python", 3, 0, 0, 0, 0, 0, 0, 0, 3, 3, 9
"c:\Users\makib\Documents\EntornosVirtuales\BaseDeDatosSalonDeBelleza\venv\Lib\site-packages\pip\_vendor\cachecontrol\caches\file_cache.py", "Python", 122, 0, 0, 0, 0, 0, 0, 0, 23, 37, 182
"c:\Users\makib\Documents\EntornosVirtuales\BaseDeDatosSalonDeBelleza\venv\Lib\site-packages\pip\_vendor\cachecontrol\caches\redis_cache.py", "Python", 34, 0, 0, 0, 0, 0, 0, 0, 3, 12, 49
"c:\Users\makib\Documents\EntornosVirtuales\BaseDeDatosSalonDeBelleza\venv\Lib\site-packages\pip\_vendor\cachecontrol\controller.py", "Python", 348, 0, 0, 0, 0, 0, 0, 0, 67, 80, 495
"c:\Users\makib\Documents\EntornosVirtuales\BaseDeDatosSalonDeBelleza\venv\Lib\site-packages\pip\_vendor\cachecontrol\filewrapper.py", "Python", 68, 0, 0, 0, 0, 0, 0, 0, 29, 23, 120
"c:\Users\makib\Documents\EntornosVirtuales\BaseDeDatosSalonDeBelleza\venv\Lib\site-packages\pip\_vendor\cachecontrol\heuristics.py", "Python", 114, 0, 0, 0, 0, 0, 0, 0, 3, 38, 155
"c:\Users\makib\Documents\EntornosVirtuales\BaseDeDatosSalonDeBelleza\venv\Lib\site-packages\pip\_vendor\cachecontrol\serialize.py", "Python", 135, 0, 0, 0, 0, 0, 0, 0, 40, 32, 207
"c:\Users\makib\Documents\EntornosVirtuales\BaseDeDatosSalonDeBelleza\venv\Lib\site-packages\pip\_vendor\cachecontrol\wrapper.py", "Python", 33, 0, 0, 0, 0, 0, 0, 0, 3, 8, 44
"c:\Users\makib\Documents\EntornosVirtuales\BaseDeDatosSalonDeBelleza\venv\Lib\site-packages\pip\_vendor\certifi\__init__.py", "Python", 3, 0, 0, 0, 0, 0, 0, 0, 0, 2, 5
"c:\Users\makib\Documents\EntornosVirtuales\BaseDeDatosSalonDeBelleza\venv\Lib\site-packages\pip\_vendor\certifi\__main__.py", "Python", 9, 0, 0, 0, 0, 0, 0, 0, 0, 4, 13
"c:\Users\makib\Documents\EntornosVirtuales\BaseDeDatosSalonDeBelleza\venv\Lib\site-packages\pip\_vendor\certifi\core.py", "Python", 51, 0, 0, 0, 0, 0, 0, 0, 37, 21, 109
"c:\Users\makib\Documents\EntornosVirtuales\BaseDeDatosSalonDeBelleza\venv\Lib\site-packages\pip\_vendor\chardet\__init__.py", "Python", 84, 0, 0, 0, 0, 0, 0, 0, 19, 13, 116
"c:\Users\makib\Documents\EntornosVirtuales\BaseDeDatosSalonDeBelleza\venv\Lib\site-packages\pip\_vendor\chardet\big5freq.py", "Python", 340, 0, 0, 0, 0, 0, 0, 0, 43, 4, 387
"c:\Users\makib\Documents\EntornosVirtuales\BaseDeDatosSalonDeBelleza\venv\Lib\site-packages\pip\_vendor\chardet\big5prober.py", "Python", 16, 0, 0, 0, 0, 0, 0, 0, 26, 6, 48
"c:\Users\makib\Documents\EntornosVirtuales\BaseDeDatosSalonDeBelleza\venv\Lib\site-packages\pip\_vendor\chardet\chardistribution.py", "Python", 158, 0, 0, 0, 0, 0, 0, 0, 70, 34, 262
"c:\Users\makib\Documents\EntornosVirtuales\BaseDeDatosSalonDeBelleza\venv\Lib\site-packages\pip\_vendor\chardet\charsetgroupprober.py", "Python", 71, 0, 0, 0, 0, 0, 0, 0, 26, 10, 107
"c:\Users\makib\Documents\EntornosVirtuales\BaseDeDatosSalonDeBelleza\venv\Lib\site-packages\pip\_vendor\chardet\charsetprober.py", "Python", 80, 0, 0, 0, 0, 0, 0, 0, 43, 25, 148
"c:\Users\makib\Documents\EntornosVirtuales\BaseDeDatosSalonDeBelleza\venv\Lib\site-packages\pip\_vendor\chardet\cli\__init__.py", "Python", 0, 0, 0, 0, 0, 0, 0, 0, 0, 1, 1
"c:\Users\makib\Documents\EntornosVirtuales\BaseDeDatosSalonDeBelleza\venv\Lib\site-packages\pip\_vendor\chardet\cli\chardetect.py", "Python", 94, 0, 0, 0, 0, 0, 0, 0, 2, 17, 113
"c:\Users\makib\Documents\EntornosVirtuales\BaseDeDatosSalonDeBelleza\venv\Lib\site-packages\pip\_vendor\chardet\codingstatemachine.py", "Python", 48, 0, 0, 0, 0, 0, 0, 0, 29, 14, 91
"c:\Users\makib\Documents\EntornosVirtuales\BaseDeDatosSalonDeBelleza\venv\Lib\site-packages\pip\_vendor\chardet\codingstatemachinedict.py", "Python", 12, 0, 0, 0, 0, 0, 0, 0, 4, 4, 20
"c:\Users\makib\Documents\EntornosVirtuales\BaseDeDatosSalonDeBelleza\venv\Lib\site-packages\pip\_vendor\chardet\cp949prober.py", "Python", 16, 0, 0, 0, 0, 0, 0, 0, 28, 6, 50
"c:\Users\makib\Documents\EntornosVirtuales\BaseDeDatosSalonDeBelleza\venv\Lib\site-packages\pip\_vendor\chardet\enums.py", "Python", 63, 0, 0, 0, 0, 0, 0, 0, 0, 23, 86
"c:\Users\makib\Documents\EntornosVirtuales\BaseDeDatosSalonDeBelleza\venv\Lib\site-packages\pip\_vendor\chardet\escprober.py", "Python", 65, 0, 0, 0, 0, 0, 0, 0, 26, 12, 103
"c:\Users\makib\Documents\EntornosVirtuales\BaseDeDatosSalonDeBelleza\venv\Lib\site-packages\pip\_vendor\chardet\escsm.py", "Python", 210, 0, 0, 0, 0, 0, 0, 0, 34, 18, 262
"c:\Users\makib\Documents\EntornosVirtuales\BaseDeDatosSalonDeBelleza\venv\Lib\site-packages\pip\_vendor\chardet\eucjpprober.py", "Python", 61, 0, 0, 0, 0, 0, 0, 0, 27, 15, 103
"c:\Users\makib\Documents\EntornosVirtuales\BaseDeDatosSalonDeBelleza\venv\Lib\site-packages\pip\_vendor\chardet\euckrfreq.py", "Python", 151, 0, 0, 0, 0, 0, 0, 0, 40, 6, 197
"c:\Users\makib\Documents\EntornosVirtuales\BaseDeDatosSalonDeBelleza\venv\Lib\site-packages\pip\_vendor\chardet\euckrprober.py", "Python", 16, 0, 0, 0, 0, 0, 0, 0, 26, 6, 48
"c:\Users\makib\Documents\EntornosVirtuales\BaseDeDatosSalonDeBelleza\venv\Lib\site-packages\pip\_vendor\chardet\euctwfreq.py", "Python", 340, 0, 0, 0, 0, 0, 0, 0, 43, 6, 389
"c:\Users\makib\Documents\EntornosVirtuales\BaseDeDatosSalonDeBelleza\venv\Lib\site-packages\pip\_vendor\chardet\euctwprober.py", "Python", 16, 0, 0, 0, 0, 0, 0, 0, 26, 6, 48
"c:\Users\makib\Documents\EntornosVirtuales\BaseDeDatosSalonDeBelleza\venv\Lib\site-packages\pip\_vendor\chardet\gb2312freq.py", "Python", 239, 0, 0, 0, 0, 0, 0, 0, 40, 6, 285
"c:\Users\makib\Documents\EntornosVirtuales\BaseDeDatosSalonDeBelleza\venv\Lib\site-packages\pip\_vendor\chardet\gb2312prober.py", "Python", 16, 0, 0, 0, 0, 0, 0, 0, 26, 6, 48
"c:\Users\makib\Documents\EntornosVirtuales\BaseDeDatosSalonDeBelleza\venv\Lib\site-packages\pip\_vendor\chardet\hebrewprober.py", "Python", 103, 0, 0, 0, 0, 0, 0, 0, 186, 28, 317
"c:\Users\makib\Documents\EntornosVirtuales\BaseDeDatosSalonDeBelleza\venv\Lib\site-packages\pip\_vendor\chardet\jisfreq.py", "Python", 277, 0, 0, 0, 0, 0, 0, 0, 43, 6, 326
"c:\Users\makib\Documents\EntornosVirtuales\BaseDeDatosSalonDeBelleza\venv\Lib\site-packages\pip\_vendor\chardet\johabfreq.py", "Python", 2352, 0, 0, 0, 0, 0, 0, 0, 28, 3, 2383
"c:\Users\makib\Documents\EntornosVirtuales\BaseDeDatosSalonDeBelleza\venv\Lib\site-packages\pip\_vendor\chardet\johabprober.py", "Python", 16, 0, 0, 0, 0, 0, 0, 0, 26, 6, 48
"c:\Users\makib\Documents\EntornosVirtuales\BaseDeDatosSalonDeBelleza\venv\Lib\site-packages\pip\_vendor\chardet\jpcntx.py", "Python", 171, 0, 0, 0, 0, 0, 0, 0, 46, 22, 239
"c:\Users\makib\Documents\EntornosVirtuales\BaseDeDatosSalonDeBelleza\venv\Lib\site-packages\pip\_vendor\chardet\langbulgarianmodel.py", "Python", 4632, 0, 0, 0, 0, 0, 0, 0, 10, 8, 4650
"c:\Users\makib\Documents\EntornosVirtuales\BaseDeDatosSalonDeBelleza\venv\Lib\site-packages\pip\_vendor\chardet\langgreekmodel.py", "Python", 4380, 0, 0, 0, 0, 0, 0, 0, 10, 8, 4398
"c:\Users\makib\Documents\EntornosVirtuales\BaseDeDatosSalonDeBelleza\venv\Lib\site-packages\pip\_vendor\chardet\langhebrewmodel.py", "Python", 4365, 0, 0, 0, 0, 0, 0, 0, 10, 6, 4381
"c:\Users\makib\Documents\EntornosVirtuales\BaseDeDatosSalonDeBelleza\venv\Lib\site-packages\pip\_vendor\chardet\langhungarianmodel.py", "Python", 4632, 0, 0, 0, 0, 0, 0, 0, 10, 8, 4650
"c:\Users\makib\Documents\EntornosVirtuales\BaseDeDatosSalonDeBelleza\venv\Lib\site-packages\pip\_vendor\chardet\langrussianmodel.py", "Python", 5700, 0, 0, 0, 0, 0, 0, 0, 10, 16, 5726
"c:\Users\makib\Documents\EntornosVirtuales\BaseDeDatosSalonDeBelleza\venv\Lib\site-packages\pip\_vendor\chardet\langthaimodel.py", "Python", 4365, 0, 0, 0, 0, 0, 0, 0, 10, 6, 4381
"c:\Users\makib\Documents\EntornosVirtuales\BaseDeDatosSalonDeBelleza\venv\Lib\site-packages\pip\_vendor\chardet\langturkishmodel.py", "Python", 4365, 0, 0, 0, 0, 0, 0, 0, 10, 6, 4381
"c:\Users\makib\Documents\EntornosVirtuales\BaseDeDatosSalonDeBelleza\venv\Lib\site-packages\pip\_vendor\chardet\latin1prober.py", "Python", 96, 0, 0, 0, 0, 0, 0, 0, 36, 16, 148
"c:\Users\makib\Documents\EntornosVirtuales\BaseDeDatosSalonDeBelleza\venv\Lib\site-packages\pip\_vendor\chardet\macromanprober.py", "Python", 99, 0, 0, 0, 0, 0, 0, 0, 45, 19, 163
"c:\Users\makib\Documents\EntornosVirtuales\BaseDeDatosSalonDeBelleza\venv\Lib\site-packages\pip\_vendor\chardet\mbcharsetprober.py", "Python", 55, 0, 0, 0, 0, 0, 0, 0, 28, 13, 96
"c:\Users\makib\Documents\EntornosVirtuales\BaseDeDatosSalonDeBelleza\venv\Lib\site-packages\pip\_vendor\chardet\mbcsgroupprober.py", "Python", 26, 0, 0, 0, 0, 0, 0, 0, 28, 4, 58
"c:\Users\makib\Documents\EntornosVirtuales\BaseDeDatosSalonDeBelleza\venv\Lib\site-packages\pip\_vendor\chardet\mbcssm.py", "Python", 547, 0, 0, 0, 0, 0, 0, 0, 68, 47, 662
"c:\Users\makib\Documents\EntornosVirtuales\BaseDeDatosSalonDeBelleza\venv\Lib\site-packages\pip\_vendor\chardet\metadata\__init__.py", "Python", 0, 0, 0, 0, 0, 0, 0, 0, 0, 1, 1
"c:\Users\makib\Documents\EntornosVirtuales\BaseDeDatosSalonDeBelleza\venv\Lib\site-packages\pip\_vendor\chardet\metadata\languages.py", "Python", 308, 0, 0, 0, 0, 0, 0, 0, 34, 11, 353
"c:\Users\makib\Documents\EntornosVirtuales\BaseDeDatosSalonDeBelleza\venv\Lib\site-packages\pip\_vendor\chardet\resultdict.py", "Python", 9, 0, 0, 0, 0, 0, 0, 0, 4, 4, 17
"c:\Users\makib\Documents\EntornosVirtuales\BaseDeDatosSalonDeBelleza\venv\Lib\site-packages\pip\_vendor\chardet\sbcharsetprober.py", "Python", 108, 0, 0, 0, 0, 0, 0, 0, 40, 15, 163
"c:\Users\makib\Documents\EntornosVirtuales\BaseDeDatosSalonDeBelleza\venv\Lib\site-packages\pip\_vendor\chardet\sbcsgroupprober.py", "Python", 45, 0, 0, 0, 0, 0, 0, 0, 39, 5, 89
"c:\Users\makib\Documents\EntornosVirtuales\BaseDeDatosSalonDeBelleza\venv\Lib\site-packages\pip\_vendor\chardet\sjisprober.py", "Python", 65, 0, 0, 0, 0, 0, 0, 0, 26, 15, 106
"c:\Users\makib\Documents\EntornosVirtuales\BaseDeDatosSalonDeBelleza\venv\Lib\site-packages\pip\_vendor\chardet\universaldetector.py", "Python", 265, 0, 0, 0, 0, 0, 0, 0, 63, 35, 363
"c:\Users\makib\Documents\EntornosVirtuales\BaseDeDatosSalonDeBelleza\venv\Lib\site-packages\pip\_vendor\chardet\utf1632prober.py", "Python", 175, 0, 0, 0, 0, 0, 0, 0, 26, 25, 226
"c:\Users\makib\Documents\EntornosVirtuales\BaseDeDatosSalonDeBelleza\venv\Lib\site-packages\pip\_vendor\chardet\utf8prober.py", "Python", 44, 0, 0, 0, 0, 0, 0, 0, 26, 13, 83
"c:\Users\makib\Documents\EntornosVirtuales\BaseDeDatosSalonDeBelleza\venv\Lib\site-packages\pip\_vendor\chardet\version.py", "Python", 7, 0, 0, 0, 0, 0, 0, 0, 0, 3, 10
"c:\Users\makib\Documents\EntornosVirtuales\BaseDeDatosSalonDeBelleza\venv\Lib\site-packages\pip\_vendor\colorama\__init__.py", "Python", 4, 0, 0, 0, 0, 0, 0, 0, 1, 3, 8
"c:\Users\makib\Documents\EntornosVirtuales\BaseDeDatosSalonDeBelleza\venv\Lib\site-packages\pip\_vendor\colorama\ansi.py", "Python", 77, 0, 0, 0, 0, 0, 0, 0, 6, 20, 103
"c:\Users\makib\Documents\EntornosVirtuales\BaseDeDatosSalonDeBelleza\venv\Lib\site-packages\pip\_vendor\colorama\ansitowin32.py", "Python", 209, 0, 0, 0, 0, 0, 0, 0, 25, 44, 278
"c:\Users\makib\Documents\EntornosVirtuales\BaseDeDatosSalonDeBelleza\venv\Lib\site-packages\pip\_vendor\colorama\initialise.py", "Python", 83, 0, 0, 0, 0, 0, 0, 0, 8, 31, 122
"c:\Users\makib\Documents\EntornosVirtuales\BaseDeDatosSalonDeBelleza\venv\Lib\site-packages\pip\_vendor\colorama\tests\__init__.py", "Python", 0, 0, 0, 0, 0, 0, 0, 0, 1, 1, 2
"c:\Users\makib\Documents\EntornosVirtuales\BaseDeDatosSalonDeBelleza\venv\Lib\site-packages\pip\_vendor\colorama\tests\ansi_test.py", "Python", 55, 0, 0, 0, 0, 0, 0, 0, 5, 17, 77
"c:\Users\makib\Documents\EntornosVirtuales\BaseDeDatosSalonDeBelleza\venv\Lib\site-packages\pip\_vendor\colorama\tests\ansitowin32_test.py", "Python", 243, 0, 0, 0, 0, 0, 0, 0, 8, 44, 295
"c:\Users\makib\Documents\EntornosVirtuales\BaseDeDatosSalonDeBelleza\venv\Lib\site-packages\pip\_vendor\colorama\tests\initialise_test.py", "Python", 145, 0, 0, 0, 0, 0, 0, 0, 10, 35, 190
"c:\Users\makib\Documents\EntornosVirtuales\BaseDeDatosSalonDeBelleza\venv\Lib\site-packages\pip\_vendor\colorama\tests\isatty_test.py", "Python", 43, 0, 0, 0, 0, 0, 0, 0, 1, 14, 58
"c:\Users\makib\Documents\EntornosVirtuales\BaseDeDatosSalonDeBelleza\venv\Lib\site-packages\pip\_vendor\colorama\tests\utils.py", "Python", 41, 0, 0, 0, 0, 0, 0, 0, 1, 8, 50
"c:\Users\makib\Documents\EntornosVirtuales\BaseDeDatosSalonDeBelleza\venv\Lib\site-packages\pip\_vendor\colorama\tests\winterm_test.py", "Python", 99, 0, 0, 0, 0, 0, 0, 0, 1, 32, 132
"c:\Users\makib\Documents\EntornosVirtuales\BaseDeDatosSalonDeBelleza\venv\Lib\site-packages\pip\_vendor\colorama\win32.py", "Python", 146, 0, 0, 0, 0, 0, 0, 0, 10, 25, 181
"c:\Users\makib\Documents\EntornosVirtuales\BaseDeDatosSalonDeBelleza\venv\Lib\site-packages\pip\_vendor\colorama\winterm.py", "Python", 143, 0, 0, 0, 0, 0, 0, 0, 29, 24, 196
"c:\Users\makib\Documents\EntornosVirtuales\BaseDeDatosSalonDeBelleza\venv\Lib\site-packages\pip\_vendor\distlib\__init__.py", "Python", 16, 0, 0, 0, 0, 0, 0, 0, 6, 12, 34
"c:\Users\makib\Documents\EntornosVirtuales\BaseDeDatosSalonDeBelleza\venv\Lib\site-packages\pip\_vendor\distlib\compat.py", "Python", 861, 0, 0, 0, 0, 0, 0, 0, 101, 177, 1139
"c:\Users\makib\Documents\EntornosVirtuales\BaseDeDatosSalonDeBelleza\venv\Lib\site-packages\pip\_vendor\distlib\database.py", "Python", 1135, 0, 0, 0, 0, 0, 0, 0, 45, 180, 1360
"c:\Users\makib\Documents\EntornosVirtuales\BaseDeDatosSalonDeBelleza\venv\Lib\site-packages\pip\_vendor\distlib\index.py", "Python", 445, 0, 0, 0, 0, 0, 0, 0, 19, 45, 509
"c:\Users\makib\Documents\EntornosVirtuales\BaseDeDatosSalonDeBelleza\venv\Lib\site-packages\pip\_vendor\distlib\locators.py", "Python", 1107, 0, 0, 0, 0, 0, 0, 0, 77, 120, 1304
"c:\Users\makib\Documents\EntornosVirtuales\BaseDeDatosSalonDeBelleza\venv\Lib\site-packages\pip\_vendor\distlib\manifest.py", "Python", 276, 0, 0, 0, 0, 0, 0, 0, 40, 69, 385
"c:\Users\makib\Documents\EntornosVirtuales\BaseDeDatosSalonDeBelleza\venv\Lib\site-packages\pip\_vendor\distlib\markers.py", "Python", 129, 0, 0, 0, 0, 0, 0, 0, 9, 30, 168
"c:\Users\makib\Documents\EntornosVirtuales\BaseDeDatosSalonDeBelleza\venv\Lib\site-packages\pip\_vendor\distlib\metadata.py", "Python", 840, 0, 0, 0, 0, 0, 0, 0, 74, 155, 1069
"c:\Users\makib\Documents\EntornosVirtuales\BaseDeDatosSalonDeBelleza\venv\Lib\site-packages\pip\_vendor\distlib\resources.py", "Python", 280, 0, 0, 0, 0, 0, 0, 0, 15, 64, 359
"c:\Users\makib\Documents\EntornosVirtuales\BaseDeDatosSalonDeBelleza\venv\Lib\site-packages\pip\_vendor\distlib\scripts.py", "Python", 359, 0, 0, 0, 0, 0, 0, 0, 48, 46, 453
"c:\Users\makib\Documents\EntornosVirtuales\BaseDeDatosSalonDeBelleza\venv\Lib\site-packages\pip\_vendor\distlib\util.py", "Python", 1564, 0, 0, 0, 0, 0, 0, 0, 167, 295, 2026
"c:\Users\makib\Documents\EntornosVirtuales\BaseDeDatosSalonDeBelleza\venv\Lib\site-packages\pip\_vendor\distlib\version.py", "Python", 533, 0, 0, 0, 0, 0, 0, 0, 86, 133, 752
"c:\Users\makib\Documents\EntornosVirtuales\BaseDeDatosSalonDeBelleza\venv\Lib\site-packages\pip\_vendor\distlib\wheel.py", "Python", 902, 0, 0, 0, 0, 0, 0, 0, 81, 117, 1100
"c:\Users\makib\Documents\EntornosVirtuales\BaseDeDatosSalonDeBelleza\venv\Lib\site-packages\pip\_vendor\distro\__init__.py", "Python", 52, 0, 0, 0, 0, 0, 0, 0, 0, 3, 55
"c:\Users\makib\Documents\EntornosVirtuales\BaseDeDatosSalonDeBelleza\venv\Lib\site-packages\pip\_vendor\distro\__main__.py", "Python", 3, 0, 0, 0, 0, 0, 0, 0, 0, 2, 5
"c:\Users\makib\Documents\EntornosVirtuales\BaseDeDatosSalonDeBelleza\venv\Lib\site-packages\pip\_vendor\distro\distro.py", "Python", 1035, 0, 0, 0, 0, 0, 0, 0, 90, 275, 1400
"c:\Users\makib\Documents\EntornosVirtuales\BaseDeDatosSalonDeBelleza\venv\Lib\site-packages\pip\_vendor\idna\__init__.py", "Python", 43, 0, 0, 0, 0, 0, 0, 0, 0, 2, 45
"c:\Users\makib\Documents\EntornosVirtuales\BaseDeDatosSalonDeBelleza\venv\Lib\site-packages\pip\_vendor\idna\codec.py", "Python", 84, 0, 0, 0, 0, 0, 0, 0, 4, 25, 113
"c:\Users\makib\Documents\EntornosVirtuales\BaseDeDatosSalonDeBelleza\venv\Lib\site-packages\pip\_vendor\idna\compat.py", "Python", 9, 0, 0, 0, 0, 0, 0, 0, 0, 5, 14
"c:\Users\makib\Documents\EntornosVirtuales\BaseDeDatosSalonDeBelleza\venv\Lib\site-packages\pip\_vendor\idna\core.py", "Python", 319, 0, 0, 0, 0, 0, 0, 0, 8, 74, 401
"c:\Users\makib\Documents\EntornosVirtuales\BaseDeDatosSalonDeBelleza\venv\Lib\site-packages\pip\_vendor\idna\idnadata.py", "Python", 2149, 0, 0, 0, 0, 0, 0, 0, 1, 2, 2152
"c:\Users\makib\Documents\EntornosVirtuales\BaseDeDatosSalonDeBelleza\venv\Lib\site-packages\pip\_vendor\idna\intranges.py", "Python", 42, 0, 0, 0, 0, 0, 0, 0, 3, 10, 55
"c:\Users\makib\Documents\EntornosVirtuales\BaseDeDatosSalonDeBelleza\venv\Lib\site-packages\pip\_vendor\idna\package_data.py", "Python", 1, 0, 0, 0, 0, 0, 0, 0, 0, 2, 3
"c:\Users\makib\Documents\EntornosVirtuales\BaseDeDatosSalonDeBelleza\venv\Lib\site-packages\pip\_vendor\idna\uts46data.py", "Python", 8511, 0, 0, 0, 0, 0, 0, 0, 2, 88, 8601
"c:\Users\makib\Documents\EntornosVirtuales\BaseDeDatosSalonDeBelleza\venv\Lib\site-packages\pip\_vendor\msgpack\__init__.py", "Python", 38, 0, 0, 0, 0, 0, 0, 0, 2, 18, 58
"c:\Users\makib\Documents\EntornosVirtuales\BaseDeDatosSalonDeBelleza\venv\Lib\site-packages\pip\_vendor\msgpack\exceptions.py", "Python", 28, 0, 0, 0, 0, 0, 0, 0, 2, 19, 49
"c:\Users\makib\Documents\EntornosVirtuales\BaseDeDatosSalonDeBelleza\venv\Lib\site-packages\pip\_vendor\msgpack\ext.py", "Python", 149, 0, 0, 0, 0, 0, 0, 0, 4, 41, 194
"c:\Users\makib\Documents\EntornosVirtuales\BaseDeDatosSalonDeBelleza\venv\Lib\site-packages\pip\_vendor\msgpack\fallback.py", "Python", 857, 0, 0, 0, 0, 0, 0, 0, 22, 132, 1011
"c:\Users\makib\Documents\EntornosVirtuales\BaseDeDatosSalonDeBelleza\venv\Lib\site-packages\pip\_vendor\packaging\__about__.py", "Python", 18, 0, 0, 0, 0, 0, 0, 0, 3, 6, 27
"c:\Users\makib\Documents\EntornosVirtuales\BaseDeDatosSalonDeBelleza\venv\Lib\site-packages\pip\_vendor\packaging\__init__.py", "Python", 20, 0, 0, 0, 0, 0, 0, 0, 3, 3, 26
"c:\Users\makib\Documents\EntornosVirtuales\BaseDeDatosSalonDeBelleza\venv\Lib\site-packages\pip\_vendor\packaging\_manylinux.py", "Python", 212, 0, 0, 0, 0, 0, 0, 0, 51, 39, 302
"c:\Users\makib\Documents\EntornosVirtuales\BaseDeDatosSalonDeBelleza\venv\Lib\site-packages\pip\_vendor\packaging\_musllinux.py", "Python", 107, 0, 0, 0, 0, 0, 0, 0, 4, 26, 137
"c:\Users\makib\Documents\EntornosVirtuales\BaseDeDatosSalonDeBelleza\venv\Lib\site-packages\pip\_vendor\packaging\_structures.py", "Python", 36, 0, 0, 0, 0, 0, 0, 0, 3, 23, 62
"c:\Users\makib\Documents\EntornosVirtuales\BaseDeDatosSalonDeBelleza\venv\Lib\site-packages\pip\_vendor\packaging\markers.py", "Python", 224, 0, 0, 0, 0, 0, 0, 0, 7, 74, 305
"c:\Users\makib\Documents\EntornosVirtuales\BaseDeDatosSalonDeBelleza\venv\Lib\site-packages\pip\_vendor\packaging\requirements.py", "Python", 105, 0, 0, 0, 0, 0, 0, 0, 9, 33, 147
"c:\Users\makib\Documents\EntornosVirtuales\BaseDeDatosSalonDeBelleza\venv\Lib\site-packages\pip\_vendor\packaging\specifiers.py", "Python", 490, 0, 0, 0, 0, 0, 0, 0, 156, 157, 803
"c:\Users\makib\Documents\EntornosVirtuales\BaseDeDatosSalonDeBelleza\venv\Lib\site-packages\pip\_vendor\packaging\tags.py", "Python", 373, 0, 0, 0, 0, 0, 0, 0, 26, 89, 488
"c:\Users\makib\Documents\EntornosVirtuales\BaseDeDatosSalonDeBelleza\venv\Lib\site-packages\pip\_vendor\packaging\utils.py", "Python", 91, 0, 0, 0, 0, 0, 0, 0, 16, 30, 137
"c:\Users\makib\Documents\EntornosVirtuales\BaseDeDatosSalonDeBelleza\venv\Lib\site-packages\pip\_vendor\packaging\version.py", "Python", 334, 0, 0, 0, 0, 0, 0, 0, 58, 113, 505
"c:\Users\makib\Documents\EntornosVirtuales\BaseDeDatosSalonDeBelleza\venv\Lib\site-packages\pip\_vendor\pkg_resources\__init__.py", "Python", 2548, 0, 0, 0, 0, 0, 0, 0, 154, 660, 3362
"c:\Users\makib\Documents\EntornosVirtuales\BaseDeDatosSalonDeBelleza\venv\Lib\site-packages\pip\_vendor\platformdirs\__init__.py", "Python", 495, 0, 0, 0, 0, 0, 0, 0, 0, 72, 567
"c:\Users\makib\Documents\EntornosVirtuales\BaseDeDatosSalonDeBelleza\venv\Lib\site-packages\pip\_vendor\platformdirs\__main__.py", "Python", 42, 0, 0, 0, 0, 0, 0, 0, 0, 12, 54
"c:\Users\makib\Documents\EntornosVirtuales\BaseDeDatosSalonDeBelleza\venv\Lib\site-packages\pip\_vendor\platformdirs\android.py", "Python", 160, 0, 0, 0, 0, 0, 0, 0, 7, 44, 211
"c:\Users\makib\Documents\EntornosVirtuales\BaseDeDatosSalonDeBelleza\venv\Lib\site-packages\pip\_vendor\platformdirs\api.py", "Python", 186, 0, 0, 0, 0, 0, 0, 0, 0, 38, 224
"c:\Users\makib\Documents\EntornosVirtuales\BaseDeDatosSalonDeBelleza\venv\Lib\site-packages\pip\_vendor\platformdirs\macos.py", "Python", 71, 0, 0, 0, 0, 0, 0, 0, 0, 21, 92
"c:\Users\makib\Documents\EntornosVirtuales\BaseDeDatosSalonDeBelleza\venv\Lib\site-packages\pip\_vendor\platformdirs\unix.py", "Python", 180, 0, 0, 0, 0, 0, 0, 0, 5, 39, 224
"c:\Users\makib\Documents\EntornosVirtuales\BaseDeDatosSalonDeBelleza\venv\Lib\site-packages\pip\_vendor\platformdirs\version.py", "Python", 2, 0, 0, 0, 0, 0, 0, 0, 2, 1, 5
"c:\Users\makib\Documents\EntornosVirtuales\BaseDeDatosSalonDeBelleza\venv\Lib\site-packages\pip\_vendor\platformdirs\windows.py", "Python", 206, 0, 0, 0, 0, 0, 0, 0, 4, 46, 256
"c:\Users\makib\Documents\EntornosVirtuales\BaseDeDatosSalonDeBelleza\venv\Lib\site-packages\pip\_vendor\pygments\__init__.py", "Python", 65, 0, 0, 0, 0, 0, 0, 0, 2, 16, 83
"c:\Users\makib\Documents\EntornosVirtuales\BaseDeDatosSalonDeBelleza\venv\Lib\site-packages\pip\_vendor\pygments\__main__.py", "Python", 13, 0, 0, 0, 0, 0, 0, 0, 0, 5, 18
"c:\Users\makib\Documents\EntornosVirtuales\BaseDeDatosSalonDeBelleza\venv\Lib\site-packages\pip\_vendor\pygments\cmdline.py", "Python", 554, 0, 0, 0, 0, 0, 0, 0, 39, 76, 669
"c:\Users\makib\Documents\EntornosVirtuales\BaseDeDatosSalonDeBelleza\venv\Lib\site-packages\pip\_vendor\pygments\console.py", "Python", 54, 0, 0, 0, 0, 0, 0, 0, 0, 17, 71
"c:\Users\makib\Documents\EntornosVirtuales\BaseDeDatosSalonDeBelleza\venv\Lib\site-packages\pip\_vendor\pygments\filter.py", "Python", 55, 0, 0, 0, 0, 0, 0, 0, 1, 16, 72
"c:\Users\makib\Documents\EntornosVirtuales\BaseDeDatosSalonDeBelleza\venv\Lib\site-packages\pip\_vendor\pygments\filters\__init__.py", "Python", 858, 0, 0, 0, 0, 0, 0, 0, 3, 80, 941
"c:\Users\makib\Documents\EntornosVirtuales\BaseDeDatosSalonDeBelleza\venv\Lib\site-packages\pip\_vendor\pygments\formatter.py", "Python", 88, 0, 0, 0, 0, 0, 0, 0, 10, 27, 125
"c:\Users\makib\Documents\EntornosVirtuales\BaseDeDatosSalonDeBelleza\venv\Lib\site-packages\pip\_vendor\pygments\formatters\__init__.py", "Python", 123, 0, 0, 0, 0, 0, 0, 0, 4, 32, 159
"c:\Users\makib\Documents\EntornosVirtuales\BaseDeDatosSalonDeBelleza\venv\Lib\site-packages\pip\_vendor\pygments\formatters\_mapping.py", "Python", 20, 0, 0, 0, 0, 0, 0, 0, 2, 2, 24
"c:\Users\makib\Documents\EntornosVirtuales\BaseDeDatosSalonDeBelleza\venv\Lib\site-packages\pip\_vendor\pygments\formatters\bbcode.py", "Python", 85, 0, 0, 0, 0, 0, 0, 0, 1, 23, 109
"c:\Users\makib\Documents\EntornosVirtuales\BaseDeDatosSalonDeBelleza\venv\Lib\site-packages\pip\_vendor\pygments\formatters\groff.py", "Python", 128, 0, 0, 0, 0, 0, 0, 0, 0, 43, 171
"c:\Users\makib\Documents\EntornosVirtuales\BaseDeDatosSalonDeBelleza\venv\Lib\site-packages\pip\_vendor\pygments\formatters\html.py", "Python", 789, 0, 0, 0, 0, 0, 0, 0, 23, 178, 990
"c:\Users\makib\Documents\EntornosVirtuales\BaseDeDatosSalonDeBelleza\venv\Lib\site-packages\pip\_vendor\pygments\formatters\img.py", "Python", 520, 0, 0, 0, 0, 0, 0, 0, 22, 104, 646
"c:\Users\makib\Documents\EntornosVirtuales\BaseDeDatosSalonDeBelleza\venv\Lib\site-packages\pip\_vendor\pygments\formatters\irc.py", "Python", 126, 0, 0, 0, 0, 0, 0, 0, 4, 25, 155
"c:\Users\makib\Documents\EntornosVirtuales\BaseDeDatosSalonDeBelleza\venv\Lib\site-packages\pip\_vendor\pygments\formatters\latex.py", "Python", 405, 0, 0, 0, 0, 0, 0, 0, 45, 72, 522
"c:\Users\makib\Documents\EntornosVirtuales\BaseDeDatosSalonDeBelleza\venv\Lib\site-packages\pip\_vendor\pygments\formatters\other.py", "Python", 129, 0, 0, 0, 0, 0, 0, 0, 3, 30, 162
"c:\Users\makib\Documents\EntornosVirtuales\BaseDeDatosSalonDeBelleza\venv\Lib\site-packages\pip\_vendor\pygments\formatters\pangomarkup.py", "Python", 62, 0, 0, 0, 0, 0, 0, 0, 0, 22, 84
"c:\Users\makib\Documents\EntornosVirtuales\BaseDeDatosSalonDeBelleza\venv\Lib\site-packages\pip\_vendor\pygments\formatters\rtf.py", "Python", 111, 0, 0, 0, 0, 0, 0, 0, 9, 27, 147
"c:\Users\makib\Documents\EntornosVirtuales\BaseDeDatosSalonDeBelleza\venv\Lib\site-packages\pip\_vendor\pygments\formatters\svg.py", "Python", 156, 0, 0, 0, 0, 0, 0, 0, 0, 33, 189
"c:\Users\makib\Documents\EntornosVirtuales\BaseDeDatosSalonDeBelleza\venv\Lib\site-packages\pip\_vendor\pygments\formatters\terminal.py", "Python", 97, 0, 0, 0, 0, 0, 0, 0, 5, 26, 128
"c:\Users\makib\Documents\EntornosVirtuales\BaseDeDatosSalonDeBelleza\venv\Lib\site-packages\pip\_vendor\pygments\formatters\terminal256.py", "Python", 255, 0, 0, 0, 0, 0, 0, 0, 21, 63, 339
"c:\Users\makib\Documents\EntornosVirtuales\BaseDeDatosSalonDeBelleza\venv\Lib\site-packages\pip\_vendor\pygments\lexer.py", "Python", 719, 0, 0, 0, 0, 0, 0, 0, 85, 140, 944
"c:\Users\makib\Documents\EntornosVirtuales\BaseDeDatosSalonDeBelleza\venv\Lib\site-packages\pip\_vendor\pygments\lexers\__init__.py", "Python", 275, 0, 0, 0, 0, 0, 0, 0, 22, 66, 363
"c:\Users\makib\Documents\EntornosVirtuales\BaseDeDatosSalonDeBelleza\venv\Lib\site-packages\pip\_vendor\pygments\lexers\_mapping.py", "Python", 556, 0, 0, 0, 0, 0, 0, 0, 2, 2, 560
"c:\Users\makib\Documents\EntornosVirtuales\BaseDeDatosSalonDeBelleza\venv\Lib\site-packages\pip\_vendor\pygments\lexers\python.py", "Python", 1056, 0, 0, 0, 0, 0, 0, 0, 67, 76, 1199
"c:\Users\makib\Documents\EntornosVirtuales\BaseDeDatosSalonDeBelleza\venv\Lib\site-packages\pip\_vendor\pygments\modeline.py", "Python", 32, 0, 0, 0, 0, 0, 0, 0, 0, 12, 44
"c:\Users\makib\Documents\EntornosVirtuales\BaseDeDatosSalonDeBelleza\venv\Lib\site-packages\pip\_vendor\pygments\plugin.py", "Python", 61, 0, 0, 0, 0, 0, 0, 0, 4, 24, 89
"c:\Users\makib\Documents\EntornosVirtuales\BaseDeDatosSalonDeBelleza\venv\Lib\site-packages\pip\_vendor\pygments\regexopt.py", "Python", 66, 0, 0, 0, 0, 0, 0, 0, 13, 13, 92
"c:\Users\makib\Documents\EntornosVirtuales\BaseDeDatosSalonDeBelleza\venv\Lib\site-packages\pip\_vendor\pygments\scanner.py", "Python", 89, 0, 0, 0, 0, 0, 0, 0, 0, 16, 105
"c:\Users\makib\Documents\EntornosVirtuales\BaseDeDatosSalonDeBelleza\venv\Lib\site-packages\pip\_vendor\pygments\sphinxext.py", "Python", 174, 0, 0, 0, 0, 0, 0, 0, 0, 44, 218
"c:\Users\makib\Documents\EntornosVirtuales\BaseDeDatosSalonDeBelleza\venv\Lib\site-packages\pip\_vendor\pygments\style.py", "Python", 153, 0, 0, 0, 0, 0, 0, 0, 17, 28, 198
"c:\Users\makib\Documents\EntornosVirtuales\BaseDeDatosSalonDeBelleza\venv\Lib\site-packages\pip\_vendor\pygments\styles\__init__.py", "Python", 90, 0, 0, 0, 0, 0, 0, 0, 3, 11, 104
"c:\Users\makib\Documents\EntornosVirtuales\BaseDeDatosSalonDeBelleza\venv\Lib\site-packages\pip\_vendor\pygments\token.py", "Python", 164, 0, 0, 0, 0, 0, 0, 0, 12, 38, 214
"c:\Users\makib\Documents\EntornosVirtuales\BaseDeDatosSalonDeBelleza\venv\Lib\site-packages\pip\_vendor\pygments\unistring.py", "Python", 94, 0, 0, 0, 0, 0, 0, 0, 6, 54, 154
"c:\Users\makib\Documents\EntornosVirtuales\BaseDeDatosSalonDeBelleza\venv\Lib\site-packages\pip\_vendor\pygments\util.py", "Python", 269, 0, 0, 0, 0, 0, 0, 0, 5, 57, 331
"c:\Users\makib\Documents\EntornosVirtuales\BaseDeDatosSalonDeBelleza\venv\Lib\site-packages\pip\_vendor\pyparsing\__init__.py", "Python", 268, 0, 0, 0, 0, 0, 0, 0, 26, 29, 323
"c:\Users\makib\Documents\EntornosVirtuales\BaseDeDatosSalonDeBelleza\venv\Lib\site-packages\pip\_vendor\pyparsing\actions.py", "Python", 151, 0, 0, 0, 0, 0, 0, 0, 8, 59, 218
"c:\Users\makib\Documents\EntornosVirtuales\BaseDeDatosSalonDeBelleza\venv\Lib\site-packages\pip\_vendor\pyparsing\common.py", "Python", 312, 0, 0, 0, 0, 0, 0, 0, 39, 82, 433
"c:\Users\makib\Documents\EntornosVirtuales\BaseDeDatosSalonDeBelleza\venv\Lib\site-packages\pip\_vendor\pyparsing\core.py", "Python", 4805, 0, 0, 0, 0, 0, 0, 0, 271, 1040, 6116
"c:\Users\makib\Documents\EntornosVirtuales\BaseDeDatosSalonDeBelleza\venv\Lib\site-packages\pip\_vendor\pyparsing\diagram\__init__.py", "Python", 517, 0, 0, 0, 0, 0, 0, 0, 59, 81, 657
"c:\Users\makib\Documents\EntornosVirtuales\BaseDeDatosSalonDeBelleza\venv\Lib\site-packages\pip\_vendor\pyparsing\exceptions.py", "Python", 232, 0, 0, 0, 0, 0, 0, 0, 7, 61, 300
"c:\Users\makib\Documents\EntornosVirtuales\BaseDeDatosSalonDeBelleza\venv\Lib\site-packages\pip\_vendor\pyparsing\helpers.py", "Python", 871, 0, 0, 0, 0, 0, 0, 0, 41, 189, 1101
"c:\Users\makib\Documents\EntornosVirtuales\BaseDeDatosSalonDeBelleza\venv\Lib\site-packages\pip\_vendor\pyparsing\results.py", "Python", 642, 0, 0, 0, 0, 0, 0, 0, 26, 129, 797
"c:\Users\makib\Documents\EntornosVirtuales\BaseDeDatosSalonDeBelleza\venv\Lib\site-packages\pip\_vendor\pyparsing\testing.py", "Python", 279, 0, 0, 0, 0, 0, 0, 0, 10, 43, 332
"c:\Users\makib\Documents\EntornosVirtuales\BaseDeDatosSalonDeBelleza\venv\Lib\site-packages\pip\_vendor\pyparsing\unicode.py", "Python", 307, 0, 0, 0, 0, 0, 0, 0, 5, 50, 362
"c:\Users\makib\Documents\EntornosVirtuales\BaseDeDatosSalonDeBelleza\venv\Lib\site-packages\pip\_vendor\pyparsing\util.py", "Python", 212, 0, 0, 0, 0, 0, 0, 0, 13, 60, 285
"c:\Users\makib\Documents\EntornosVirtuales\BaseDeDatosSalonDeBelleza\venv\Lib\site-packages\pip\_vendor\pyproject_hooks\__init__.py", "Python", 21, 0, 0, 0, 0, 0, 0, 0, 0, 3, 24
"c:\Users\makib\Documents\EntornosVirtuales\BaseDeDatosSalonDeBelleza\venv\Lib\site-packages\pip\_vendor\pyproject_hooks\_compat.py", "Python", 6, 0, 0, 0, 0, 0, 0, 0, 0, 3, 9
"c:\Users\makib\Documents\EntornosVirtuales\BaseDeDatosSalonDeBelleza\venv\Lib\site-packages\pip\_vendor\pyproject_hooks\_impl.py", "Python", 258, 0, 0, 0, 0, 0, 0, 0, 4, 69, 331
"c:\Users\makib\Documents\EntornosVirtuales\BaseDeDatosSalonDeBelleza\venv\Lib\site-packages\pip\_vendor\pyproject_hooks\_in_process\__init__.py", "Python", 14, 0, 0, 0, 0, 0, 0, 0, 1, 4, 19
"c:\Users\makib\Documents\EntornosVirtuales\BaseDeDatosSalonDeBelleza\venv\Lib\site-packages\pip\_vendor\pyproject_hooks\_in_process\_in_process.py", "Python", 274, 0, 0, 0, 0, 0, 0, 0, 6, 74, 354
"c:\Users\makib\Documents\EntornosVirtuales\BaseDeDatosSalonDeBelleza\venv\Lib\site-packages\pip\_vendor\requests\__init__.py", "Python", 128, 0, 0, 0, 0, 0, 0, 0, 21, 34, 183
"c:\Users\makib\Documents\EntornosVirtuales\BaseDeDatosSalonDeBelleza\venv\Lib\site-packages\pip\_vendor\requests\__version__.py", "Python", 10, 0, 0, 0, 0, 0, 0, 0, 3, 2, 15
"c:\Users\makib\Documents\EntornosVirtuales\BaseDeDatosSalonDeBelleza\venv\Lib\site-packages\pip\_vendor\requests\_internal_utils.py", "Python", 40, 0, 0, 0, 0, 0, 0, 0, 0, 11, 51
"c:\Users\makib\Documents\EntornosVirtuales\BaseDeDatosSalonDeBelleza\venv\Lib\site-packages\pip\_vendor\requests\adapters.py", "Python", 432, 0, 0, 0, 0, 0, 0, 0, 13, 94, 539
"c:\Users\makib\Documents\EntornosVirtuales\BaseDeDatosSalonDeBelleza\venv\Lib\site-packages\pip\_vendor\requests\api.py", "Python", 117, 0, 0, 0, 0, 0, 0, 0, 3, 38, 158
"c:\Users\makib\Documents\EntornosVirtuales\BaseDeDatosSalonDeBelleza\venv\Lib\site-packages\pip\_vendor\requests\auth.py", "Python", 223, 0, 0, 0, 0, 0, 0, 0, 27, 66, 316
"c:\Users\makib\Documents\EntornosVirtuales\BaseDeDatosSalonDeBelleza\venv\Lib\site-packages\pip\_vendor\requests\certs.py", "Python", 17, 0, 0, 0, 0, 0, 0, 0, 1, 7, 25
"c:\Users\makib\Documents\EntornosVirtuales\BaseDeDatosSalonDeBelleza\venv\Lib\site-packages\pip\_vendor\requests\compat.py", "Python", 44, 0, 0, 0, 0, 0, 0, 0, 12, 12, 68
"c:\Users\makib\Documents\EntornosVirtuales\BaseDeDatosSalonDeBelleza\venv\Lib\site-packages\pip\_vendor\requests\cookies.py", "Python", 439, 0, 0, 0, 0, 0, 0, 0, 12, 111, 562
"c:\Users\makib\Documents\EntornosVirtuales\BaseDeDatosSalonDeBelleza\venv\Lib\site-packages\pip\_vendor\requests\exceptions.py", "Python", 82, 0, 0, 0, 0, 0, 0, 0, 1, 59, 142
"c:\Users\makib\Documents\EntornosVirtuales\BaseDeDatosSalonDeBelleza\venv\Lib\site-packages\pip\_vendor\requests\help.py", "Python", 109, 0, 0, 0, 0, 0, 0, 0, 0, 23, 132
"c:\Users\makib\Documents\EntornosVirtuales\BaseDeDatosSalonDeBelleza\venv\Lib\site-packages\pip\_vendor\requests\hooks.py", "Python", 23, 0, 0, 0, 0, 0, 0, 0, 1, 10, 34
"c:\Users\makib\Documents\EntornosVirtuales\BaseDeDatosSalonDeBelleza\venv\Lib\site-packages\pip\_vendor\requests\models.py", "Python", 737, 0, 0, 0, 0, 0, 0, 0, 114, 184, 1035
"c:\Users\makib\Documents\EntornosVirtuales\BaseDeDatosSalonDeBelleza\venv\Lib\site-packages\pip\_vendor\requests\packages.py", "Python", 8, 0, 0, 0, 0, 0, 0, 0, 5, 4, 17
"c:\Users\makib\Documents\EntornosVirtuales\BaseDeDatosSalonDeBelleza\venv\Lib\site-packages\pip\_vendor\requests\sessions.py", "Python", 564, 0, 0, 0, 0, 0, 0, 0, 116, 154, 834
"c:\Users\makib\Documents\EntornosVirtuales\BaseDeDatosSalonDeBelleza\venv\Lib\site-packages\pip\_vendor\requests\status_codes.py", "Python", 112, 0, 0, 0, 0, 0, 0, 0, 4, 13, 129
"c:\Users\makib\Documents\EntornosVirtuales\BaseDeDatosSalonDeBelleza\venv\Lib\site-packages\pip\_vendor\requests\structures.py", "Python", 67, 0, 0, 0, 0, 0, 0, 0, 5, 28, 100
"c:\Users\makib\Documents\EntornosVirtuales\BaseDeDatosSalonDeBelleza\venv\Lib\site-packages\pip\_vendor\requests\utils.py", "Python", 775, 0, 0, 0, 0, 0, 0, 0, 86, 234, 1095
"c:\Users\makib\Documents\EntornosVirtuales\BaseDeDatosSalonDeBelleza\venv\Lib\site-packages\pip\_vendor\resolvelib\__init__.py", "Python", 23, 0, 0, 0, 0, 0, 0, 0, 0, 4, 27
"c:\Users\makib\Documents\EntornosVirtuales\BaseDeDatosSalonDeBelleza\venv\Lib\site-packages\pip\_vendor\resolvelib\compat\__init__.py", "Python", 0, 0, 0, 0, 0, 0, 0, 0, 0, 1, 1
"c:\Users\makib\Documents\EntornosVirtuales\BaseDeDatosSalonDeBelleza\venv\Lib\site-packages\pip\_vendor\resolvelib\compat\collections_abc.py", "Python", 5, 0, 0, 0, 0, 0, 0, 0, 0, 2, 7
"c:\Users\makib\Documents\EntornosVirtuales\BaseDeDatosSalonDeBelleza\venv\Lib\site-packages\pip\_vendor\resolvelib\providers.py", "Python", 105, 0, 0, 0, 0, 0, 0, 0, 0, 29, 134
"c:\Users\makib\Documents\EntornosVirtuales\BaseDeDatosSalonDeBelleza\venv\Lib\site-packages\pip\_vendor\resolvelib\reporters.py", "Python", 31, 0, 0, 0, 0, 0, 0, 0, 0, 13, 44
"c:\Users\makib\Documents\EntornosVirtuales\BaseDeDatosSalonDeBelleza\venv\Lib\site-packages\pip\_vendor\resolvelib\resolvers.py", "Python", 417, 0, 0, 0, 0, 0, 0, 0, 33, 98, 548
"c:\Users\makib\Documents\EntornosVirtuales\BaseDeDatosSalonDeBelleza\venv\Lib\site-packages\pip\_vendor\resolvelib\structs.py", "Python", 127, 0, 0, 0, 0, 0, 0, 0, 0, 44, 171
"c:\Users\makib\Documents\EntornosVirtuales\BaseDeDatosSalonDeBelleza\venv\Lib\site-packages\pip\_vendor\rich\__init__.py", "Python", 142, 0, 0, 0, 0, 0, 0, 0, 3, 33, 178
"c:\Users\makib\Documents\EntornosVirtuales\BaseDeDatosSalonDeBelleza\venv\Lib\site-packages\pip\_vendor\rich\__main__.py", "Python", 234, 0, 0, 0, 0, 0, 0, 0, 2, 39, 275
"c:\Users\makib\Documents\EntornosVirtuales\BaseDeDatosSalonDeBelleza\venv\Lib\site-packages\pip\_vendor\rich\_cell_widths.py", "Python", 449, 0, 0, 0, 0, 0, 0, 0, 1, 2, 452
"c:\Users\makib\Documents\EntornosVirtuales\BaseDeDatosSalonDeBelleza\venv\Lib\site-packages\pip\_vendor\rich\_emoji_codes.py", "Python", 3610, 0, 0, 0, 0, 0, 0, 0, 0, 1, 3611
"c:\Users\makib\Documents\EntornosVirtuales\BaseDeDatosSalonDeBelleza\venv\Lib\site-packages\pip\_vendor\rich\_emoji_replace.py", "Python", 25, 0, 0, 0, 0, 0, 0, 0, 0, 8, 33
"c:\Users\makib\Documents\EntornosVirtuales\BaseDeDatosSalonDeBelleza\venv\Lib\site-packages\pip\_vendor\rich\_export_format.py", "Python", 68, 0, 0, 0, 0, 0, 0, 0, 0, 9, 77
"c:\Users\makib\Documents\EntornosVirtuales\BaseDeDatosSalonDeBelleza\venv\Lib\site-packages\pip\_vendor\rich\_extension.py", "Python", 6, 0, 0, 0, 0, 0, 0, 0, 1, 4, 11
"c:\Users\makib\Documents\EntornosVirtuales\BaseDeDatosSalonDeBelleza\venv\Lib\site-packages\pip\_vendor\rich\_fileno.py", "Python", 16, 0, 0, 0, 0, 0, 0, 0, 3, 6, 25
"c:\Users\makib\Documents\EntornosVirtuales\BaseDeDatosSalonDeBelleza\venv\Lib\site-packages\pip\_vendor\rich\_inspect.py", "Python", 227, 0, 0, 0, 0, 0, 0, 0, 4, 40, 271
"c:\Users\makib\Documents\EntornosVirtuales\BaseDeDatosSalonDeBelleza\venv\Lib\site-packages\pip\_vendor\rich\_log_render.py", "Python", 81, 0, 0, 0, 0, 0, 0, 0, 0, 14, 95
"c:\Users\makib\Documents\EntornosVirtuales\BaseDeDatosSalonDeBelleza\venv\Lib\site-packages\pip\_vendor\rich\_loop.py", "Python", 36, 0, 0, 0, 0, 0, 0, 0, 0, 8, 44
"c:\Users\makib\Documents\EntornosVirtuales\BaseDeDatosSalonDeBelleza\venv\Lib\site-packages\pip\_vendor\rich\_null_file.py", "Python", 47, 0, 0, 0, 0, 0, 0, 0, 0, 23, 70
"c:\Users\makib\Documents\EntornosVirtuales\BaseDeDatosSalonDeBelleza\venv\Lib\site-packages\pip\_vendor\rich\_palettes.py", "Python", 301, 0, 0, 0, 0, 0, 0, 0, 3, 6, 310
"c:\Users\makib\Documents\EntornosVirtuales\BaseDeDatosSalonDeBelleza\venv\Lib\site-packages\pip\_vendor\rich\_pick.py", "Python", 13, 0, 0, 0, 0, 0, 0, 0, 0, 5, 18
"c:\Users\makib\Documents\EntornosVirtuales\BaseDeDatosSalonDeBelleza\venv\Lib\site-packages\pip\_vendor\rich\_ratio.py", "Python", 122, 0, 0, 0, 0, 0, 0, 0, 12, 27, 161
"c:\Users\makib\Documents\EntornosVirtuales\BaseDeDatosSalonDeBelleza\venv\Lib\site-packages\pip\_vendor\rich\_spinners.py", "Python", 481, 0, 0, 0, 0, 0, 0, 0, 0, 2, 483
"c:\Users\makib\Documents\EntornosVirtuales\BaseDeDatosSalonDeBelleza\venv\Lib\site-packages\pip\_vendor\rich\_stack.py", "Python", 11, 0, 0, 0, 0, 0, 0, 0, 0, 6, 17
"c:\Users\makib\Documents\EntornosVirtuales\BaseDeDatosSalonDeBelleza\venv\Lib\site-packages\pip\_vendor\rich\_timer.py", "Python", 14, 0, 0, 0, 0, 0, 0, 0, 0, 6, 20
"c:\Users\makib\Documents\EntornosVirtuales\BaseDeDatosSalonDeBelleza\venv\Lib\site-packages\pip\_vendor\rich\_win32_console.py", "Python", 527, 0, 0, 0, 0, 0, 0, 0, 4, 132, 663
"c:\Users\makib\Documents\EntornosVirtuales\BaseDeDatosSalonDeBelleza\venv\Lib\site-packages\pip\_vendor\rich\_windows.py", "Python", 55, 0, 0, 0, 0, 0, 0, 0, 1, 17, 73
"c:\Users\makib\Documents\EntornosVirtuales\BaseDeDatosSalonDeBelleza\venv\Lib\site-packages\pip\_vendor\rich\_windows_renderer.py", "Python", 52, 0, 0, 0, 0, 0, 0, 0, 0, 5, 57
"c:\Users\makib\Documents\EntornosVirtuales\BaseDeDatosSalonDeBelleza\venv\Lib\site-packages\pip\_vendor\rich\_wrap.py", "Python", 46, 0, 0, 0, 0, 0, 0, 0, 0, 11, 57
"c:\Users\makib\Documents\EntornosVirtuales\BaseDeDatosSalonDeBelleza\venv\Lib\site-packages\pip\_vendor\rich\abc.py", "Python", 22, 0, 0, 0, 0, 0, 0, 0, 0, 12, 34
"c:\Users\makib\Documents\EntornosVirtuales\BaseDeDatosSalonDeBelleza\venv\Lib\site-packages\pip\_vendor\rich\align.py", "Python", 270, 0, 0, 0, 0, 0, 0, 0, 4, 38, 312
"c:\Users\makib\Documents\EntornosVirtuales\BaseDeDatosSalonDeBelleza\venv\Lib\site-packages\pip\_vendor\rich\ansi.py", "Python", 201, 0, 0, 0, 0, 0, 0, 0, 6, 34, 241
"c:\Users\makib\Documents\EntornosVirtuales\BaseDeDatosSalonDeBelleza\venv\Lib\site-packages\pip\_vendor\rich\bar.py", "Python", 71, 0, 0, 0, 0, 0, 0, 0, 5, 19, 95
"c:\Users\makib\Documents\EntornosVirtuales\BaseDeDatosSalonDeBelleza\venv\Lib\site-packages\pip\_vendor\rich\box.py", "Python", 418, 0, 0, 0, 0, 0, 0, 0, 11, 89, 518
"c:\Users\makib\Documents\EntornosVirtuales\BaseDeDatosSalonDeBelleza\venv\Lib\site-packages\pip\_vendor\rich\cells.py", "Python", 117, 0, 0, 0, 0, 0, 0, 0, 4, 34, 155
"c:\Users\makib\Documents\EntornosVirtuales\BaseDeDatosSalonDeBelleza\venv\Lib\site-packages\pip\_vendor\rich\color.py", "Python", 544, 0, 0, 0, 0, 0, 0, 0, 3, 76, 623
"c:\Users\makib\Documents\EntornosVirtuales\BaseDeDatosSalonDeBelleza\venv\Lib\site-packages\pip\_vendor\rich\color_triplet.py", "Python", 30, 0, 0, 0, 0, 0, 0, 0, 0, 9, 39
"c:\Users\makib\Documents\EntornosVirtuales\BaseDeDatosSalonDeBelleza\venv\Lib\site-packages\pip\_vendor\rich\columns.py", "Python", 166, 0, 0, 0, 0, 0, 0, 0, 1, 21, 188
"c:\Users\makib\Documents\EntornosVirtuales\BaseDeDatosSalonDeBelleza\venv\Lib\site-packages\pip\_vendor\rich\console.py", "Python", 2244, 0, 0, 0, 0, 0, 0, 0, 19, 371, 2634
"c:\Users\makib\Documents\EntornosVirtuales\BaseDeDatosSalonDeBelleza\venv\Lib\site-packages\pip\_vendor\rich\constrain.py", "Python", 29, 0, 0, 0, 0, 0, 0, 0, 0, 9, 38
"c:\Users\makib\Documents\EntornosVirtuales\BaseDeDatosSalonDeBelleza\venv\Lib\site-packages\pip\_vendor\rich\containers.py", "Python", 139, 0, 0, 0, 0, 0, 0, 0, 0, 29, 168
"c:\Users\makib\Documents\EntornosVirtuales\BaseDeDatosSalonDeBelleza\venv\Lib\site-packages\pip\_vendor\rich\control.py", "Python", 180, 0, 0, 0, 0, 0, 0, 0, 1, 45, 226
"c:\Users\makib\Documents\EntornosVirtuales\BaseDeDatosSalonDeBelleza\venv\Lib\site-packages\pip\_vendor\rich\default_styles.py", "Python", 181, 0, 0, 0, 0, 0, 0, 0, 0, 10, 191
"c:\Users\makib\Documents\EntornosVirtuales\BaseDeDatosSalonDeBelleza\venv\Lib\site-packages\pip\_vendor\rich\diagnose.py", "Python", 30, 0, 0, 0, 0, 0, 0, 0, 0, 8, 38
"c:\Users\makib\Documents\EntornosVirtuales\BaseDeDatosSalonDeBelleza\venv\Lib\site-packages\pip\_vendor\rich\emoji.py", "Python", 70, 0, 0, 0, 0, 0, 0, 0, 0, 27, 97
"c:\Users\makib\Documents\EntornosVirtuales\BaseDeDatosSalonDeBelleza\venv\Lib\site-packages\pip\_vendor\rich\errors.py", "Python", 18, 0, 0, 0, 0, 0, 0, 0, 0, 17, 35
"c:\Users\makib\Documents\EntornosVirtuales\BaseDeDatosSalonDeBelleza\venv\Lib\site-packages\pip\_vendor\rich\file_proxy.py", "Python", 47, 0, 0, 0, 0, 0, 0, 0, 0, 11, 58
"c:\Users\makib\Documents\EntornosVirtuales\BaseDeDatosSalonDeBelleza\venv\Lib\site-packages\pip\_vendor\rich\filesize.py", "Python", 70, 0, 0, 0, 0, 0, 0, 0, 1, 19, 90
"c:\Users\makib\Documents\EntornosVirtuales\BaseDeDatosSalonDeBelleza\venv\Lib\site-packages\pip\_vendor\rich\highlighter.py", "Python", 151, 0, 0, 0, 0, 0, 0, 0, 37, 45, 233
"c:\Users\makib\Documents\EntornosVirtuales\BaseDeDatosSalonDeBelleza\venv\Lib\site-packages\pip\_vendor\rich\json.py", "Python", 123, 0, 0, 0, 0, 0, 0, 0, 0, 18, 141
"c:\Users\makib\Documents\EntornosVirtuales\BaseDeDatosSalonDeBelleza\venv\Lib\site-packages\pip\_vendor\rich\jupyter.py", "Python", 77, 0, 0, 0, 0, 0, 0, 0, 2, 23, 102
"c:\Users\makib\Documents\EntornosVirtuales\BaseDeDatosSalonDeBelleza\venv\Lib\site-packages\pip\_vendor\rich\layout.py", "Python", 358, 0, 0, 0, 0, 0, 0, 0, 0, 86, 444
"c:\Users\makib\Documents\EntornosVirtuales\BaseDeDatosSalonDeBelleza\venv\Lib\site-packages\pip\_vendor\rich\live.py", "Python", 321, 0, 0, 0, 0, 0, 0, 0, 6, 49, 376
"c:\Users\makib\Documents\EntornosVirtuales\BaseDeDatosSalonDeBelleza\venv\Lib\site-packages\pip\_vendor\rich\live_render.py", "Python", 95, 0, 0, 0, 0, 0, 0, 0, 0, 19, 114
"c:\Users\makib\Documents\EntornosVirtuales\BaseDeDatosSalonDeBelleza\venv\Lib\site-packages\pip\_vendor\rich\logging.py", "Python", 253, 0, 0, 0, 0, 0, 0, 0, 4, 33, 290
"c:\Users\makib\Documents\EntornosVirtuales\BaseDeDatosSalonDeBelleza\venv\Lib\site-packages\pip\_vendor\rich\markup.py", "Python", 197, 0, 0, 0, 0, 0, 0, 0, 3, 47, 247
"c:\Users\makib\Documents\EntornosVirtuales\BaseDeDatosSalonDeBelleza\venv\Lib\site-packages\pip\_vendor\rich\measure.py", "Python", 126, 0, 0, 0, 0, 0, 0, 0, 0, 26, 152
"c:\Users\makib\Documents\EntornosVirtuales\BaseDeDatosSalonDeBelleza\venv\Lib\site-packages\pip\_vendor\rich\padding.py", "Python", 121, 0, 0, 0, 0, 0, 0, 0, 0, 21, 142
"c:\Users\makib\Documents\EntornosVirtuales\BaseDeDatosSalonDeBelleza\venv\Lib\site-packages\pip\_vendor\rich\pager.py", "Python", 23, 0, 0, 0, 0, 0, 0, 0, 0, 12, 35
"c:\Users\makib\Documents\EntornosVirtuales\BaseDeDatosSalonDeBelleza\venv\Lib\site-packages\pip\_vendor\rich\palette.py", "Python", 82, 0, 0, 0, 0, 0, 0, 0, 1, 18, 101
"c:\Users\makib\Documents\EntornosVirtuales\BaseDeDatosSalonDeBelleza\venv\Lib\site-packages\pip\_vendor\rich\panel.py", "Python", 277, 0, 0, 0, 0, 0, 0, 0, 0, 32, 309
"c:\Users\makib\Documents\EntornosVirtuales\BaseDeDatosSalonDeBelleza\venv\Lib\site-packages\pip\_vendor\rich\pretty.py", "Python", 862, 0, 0, 0, 0, 0, 0, 0, 15, 118, 995
"c:\Users\makib\Documents\EntornosVirtuales\BaseDeDatosSalonDeBelleza\venv\Lib\site-packages\pip\_vendor\rich\progress.py", "Python", 1434, 0, 0, 0, 0, 0, 0, 0, 10, 259, 1703
"c:\Users\makib\Documents\EntornosVirtuales\BaseDeDatosSalonDeBelleza\venv\Lib\site-packages\pip\_vendor\rich\progress_bar.py", "Python", 193, 0, 0, 0, 0, 0, 0, 0, 1, 31, 225
"c:\Users\makib\Documents\EntornosVirtuales\BaseDeDatosSalonDeBelleza\venv\Lib\site-packages\pip\_vendor\rich\prompt.py", "Python", 295, 0, 0, 0, 0, 0, 0, 0, 0, 82, 377
"c:\Users\makib\Documents\EntornosVirtuales\BaseDeDatosSalonDeBelleza\venv\Lib\site-packages\pip\_vendor\rich\protocol.py", "Python", 31, 0, 0, 0, 0, 0, 0, 0, 1, 11, 43
"c:\Users\makib\Documents\EntornosVirtuales\BaseDeDatosSalonDeBelleza\venv\Lib\site-packages\pip\_vendor\rich\region.py", "Python", 7, 0, 0, 0, 0, 0, 0, 0, 0, 4, 11
"c:\Users\makib\Documents\EntornosVirtuales\BaseDeDatosSalonDeBelleza\venv\Lib\site-packages\pip\_vendor\rich\repr.py", "Python", 116, 0, 0, 0, 0, 0, 0, 0, 0, 34, 150
"c:\Users\makib\Documents\EntornosVirtuales\BaseDeDatosSalonDeBelleza\venv\Lib\site-packages\pip\_vendor\rich\rule.py", "Python", 109, 0, 0, 0, 0, 0, 0, 0, 0, 22, 131
"c:\Users\makib\Documents\EntornosVirtuales\BaseDeDatosSalonDeBelleza\venv\Lib\site-packages\pip\_vendor\rich\scope.py", "Python", 73, 0, 0, 0, 0, 0, 0, 0, 0, 14, 87
"c:\Users\makib\Documents\EntornosVirtuales\BaseDeDatosSalonDeBelleza\venv\Lib\site-packages\pip\_vendor\rich\screen.py", "Python", 44, 0, 0, 0, 0, 0, 0, 0, 0, 11, 55
"c:\Users\makib\Documents\EntornosVirtuales\BaseDeDatosSalonDeBelleza\venv\Lib\site-packages\pip\_vendor\rich\segment.py", "Python", 624, 0, 0, 0, 0, 0, 0, 0, 1, 115, 740
"c:\Users\makib\Documents\EntornosVirtuales\BaseDeDatosSalonDeBelleza\venv\Lib\site-packages\pip\_vendor\rich\spinner.py", "Python", 115, 0, 0, 0, 0, 0, 0, 0, 0, 23, 138
"c:\Users\makib\Documents\EntornosVirtuales\BaseDeDatosSalonDeBelleza\venv\Lib\site-packages\pip\_vendor\rich\status.py", "Python", 113, 0, 0, 0, 0, 0, 0, 0, 0, 20, 133
"c:\Users\makib\Documents\EntornosVirtuales\BaseDeDatosSalonDeBelleza\venv\Lib\site-packages\pip\_vendor\rich\style.py", "Python", 696, 0, 0, 0, 0, 0, 0, 0, 2, 99, 797
"c:\Users\makib\Documents\EntornosVirtuales\BaseDeDatosSalonDeBelleza\venv\Lib\site-packages\pip\_vendor\rich\styled.py", "Python", 31, 0, 0, 0, 0, 0, 0, 0, 0, 12, 43
"c:\Users\makib\Documents\EntornosVirtuales\BaseDeDatosSalonDeBelleza\venv\Lib\site-packages\pip\_vendor\rich\syntax.py", "Python", 831, 0, 0, 0, 0, 0, 0, 0, 13, 105, 949
"c:\Users\makib\Documents\EntornosVirtuales\BaseDeDatosSalonDeBelleza\venv\Lib\site-packages\pip\_vendor\rich\table.py", "Python", 878, 0, 0, 0, 0, 0, 0, 0, 4, 121, 1003
"c:\Users\makib\Documents\EntornosVirtuales\BaseDeDatosSalonDeBelleza\venv\Lib\site-packages\pip\_vendor\rich\terminal_theme.py", "Python", 143, 0, 0, 0, 0, 0, 0, 0, 0, 11, 154
"c:\Users\makib\Documents\EntornosVirtuales\BaseDeDatosSalonDeBelleza\venv\Lib\site-packages\pip\_vendor\rich\text.py", "Python", 1117, 0, 0, 0, 0, 0, 0, 0, 5, 186, 1308
"c:\Users\makib\Documents\EntornosVirtuales\BaseDeDatosSalonDeBelleza\venv\Lib\site-packages\pip\_vendor\rich\theme.py", "Python", 91, 0, 0, 0, 0, 0, 0, 0, 0, 25, 116
"c:\Users\makib\Documents\EntornosVirtuales\BaseDeDatosSalonDeBelleza\venv\Lib\site-packages\pip\_vendor\rich\themes.py", "Python", 3, 0, 0, 0, 0, 0, 0, 0, 0, 3, 6
"c:\Users\makib\Documents\EntornosVirtuales\BaseDeDatosSalonDeBelleza\venv\Lib\site-packages\pip\_vendor\rich\traceback.py", "Python", 656, 0, 0, 0, 0, 0, 0, 0, 16, 85, 757
"c:\Users\makib\Documents\EntornosVirtuales\BaseDeDatosSalonDeBelleza\venv\Lib\site-packages\pip\_vendor\rich\tree.py", "Python", 215, 0, 0, 0, 0, 0, 0, 0, 1, 36, 252
"c:\Users\makib\Documents\EntornosVirtuales\BaseDeDatosSalonDeBelleza\venv\Lib\site-packages\pip\_vendor\six.py", "Python", 755, 0, 0, 0, 0, 0, 0, 0, 53, 191, 999
"c:\Users\makib\Documents\EntornosVirtuales\BaseDeDatosSalonDeBelleza\venv\Lib\site-packages\pip\_vendor\tenacity\__init__.py", "Python", 461, 0, 0, 0, 0, 0, 0, 0, 41, 107, 609
"c:\Users\makib\Documents\EntornosVirtuales\BaseDeDatosSalonDeBelleza\venv\Lib\site-packages\pip\_vendor\tenacity\_asyncio.py", "Python", 61, 0, 0, 0, 0, 0, 0, 0, 18, 16, 95
"c:\Users\makib\Documents\EntornosVirtuales\BaseDeDatosSalonDeBelleza\venv\Lib\site-packages\pip\_vendor\tenacity\_utils.py", "Python", 43, 0, 0, 0, 0, 0, 0, 0, 19, 15, 77
"c:\Users\makib\Documents\EntornosVirtuales\BaseDeDatosSalonDeBelleza\venv\Lib\site-packages\pip\_vendor\tenacity\after.py", "Python", 25, 0, 0, 0, 0, 0, 0, 0, 16, 11, 52
"c:\Users\makib\Documents\EntornosVirtuales\BaseDeDatosSalonDeBelleza\venv\Lib\site-packages\pip\_vendor\tenacity\before.py", "Python", 20, 0, 0, 0, 0, 0, 0, 0, 16, 11, 47
"c:\Users\makib\Documents\EntornosVirtuales\BaseDeDatosSalonDeBelleza\venv\Lib\site-packages\pip\_vendor\tenacity\before_sleep.py", "Python", 39, 0, 0, 0, 0, 0, 0, 0, 16, 17, 72
"c:\Users\makib\Documents\EntornosVirtuales\BaseDeDatosSalonDeBelleza\venv\Lib\site-packages\pip\_vendor\tenacity\nap.py", "Python", 16, 0, 0, 0, 0, 0, 0, 0, 18, 10, 44
"c:\Users\makib\Documents\EntornosVirtuales\BaseDeDatosSalonDeBelleza\venv\Lib\site-packages\pip\_vendor\tenacity\retry.py", "Python", 178, 0, 0, 0, 0, 0, 0, 0, 18, 77, 273
"c:\Users\makib\Documents\EntornosVirtuales\BaseDeDatosSalonDeBelleza\venv\Lib\site-packages\pip\_vendor\tenacity\stop.py", "Python", 53, 0, 0, 0, 0, 0, 0, 0, 15, 36, 104
"c:\Users\makib\Documents\EntornosVirtuales\BaseDeDatosSalonDeBelleza\venv\Lib\site-packages\pip\_vendor\tenacity\tornadoweb.py", "Python", 37, 0, 0, 0, 0, 0, 0, 0, 13, 10, 60
"c:\Users\makib\Documents\EntornosVirtuales\BaseDeDatosSalonDeBelleza\venv\Lib\site-packages\pip\_vendor\tenacity\wait.py", "Python", 152, 0, 0, 0, 0, 0, 0, 0, 16, 61, 229
"c:\Users\makib\Documents\EntornosVirtuales\BaseDeDatosSalonDeBelleza\venv\Lib\site-packages\pip\_vendor\tomli\__init__.py", "Python", 4, 0, 0, 0, 0, 0, 0, 0, 4, 4, 12
"c:\Users\makib\Documents\EntornosVirtuales\BaseDeDatosSalonDeBelleza\venv\Lib\site-packages\pip\_vendor\tomli\_parser.py", "Python", 534, 0, 0, 0, 0, 0, 0, 0, 46, 112, 692
"c:\Users\makib\Documents\EntornosVirtuales\BaseDeDatosSalonDeBelleza\venv\Lib\site-packages\pip\_vendor\tomli\_re.py", "Python", 87, 0, 0, 0, 0, 0, 0, 0, 6, 15, 108
"c:\Users\makib\Documents\EntornosVirtuales\BaseDeDatosSalonDeBelleza\venv\Lib\site-packages\pip\_vendor\tomli\_types.py", "Python", 4, 0, 0, 0, 0, 0, 0, 0, 4, 3, 11
"c:\Users\makib\Documents\EntornosVirtuales\BaseDeDatosSalonDeBelleza\venv\Lib\site-packages\pip\_vendor\truststore\__init__.py", "Python", 8, 0, 0, 0, 0, 0, 0, 0, 0, 6, 14
"c:\Users\makib\Documents\EntornosVirtuales\BaseDeDatosSalonDeBelleza\venv\Lib\site-packages\pip\_vendor\truststore\_api.py", "Python", 231, 0, 0, 0, 0, 0, 0, 0, 15, 57, 303
"c:\Users\makib\Documents\EntornosVirtuales\BaseDeDatosSalonDeBelleza\venv\Lib\site-packages\pip\_vendor\truststore\_macos.py", "Python", 386, 0, 0, 0, 0, 0, 0, 0, 33, 83, 502
"c:\Users\makib\Documents\EntornosVirtuales\BaseDeDatosSalonDeBelleza\venv\Lib\site-packages\pip\_vendor\truststore\_openssl.py", "Python", 37, 0, 0, 0, 0, 0, 0, 0, 20, 10, 67
"c:\Users\makib\Documents\EntornosVirtuales\BaseDeDatosSalonDeBelleza\venv\Lib\site-packages\pip\_vendor\truststore\_ssl_constants.py", "Python", 17, 0, 0, 0, 0, 0, 0, 0, 7, 8, 32
"c:\Users\makib\Documents\EntornosVirtuales\BaseDeDatosSalonDeBelleza\venv\Lib\site-packages\pip\_vendor\truststore\_windows.py", "Python", 451, 0, 0, 0, 0, 0, 0, 0, 22, 82, 555
"c:\Users\makib\Documents\EntornosVirtuales\BaseDeDatosSalonDeBelleza\venv\Lib\site-packages\pip\_vendor\typing_extensions.py", "Python", 2304, 0, 0, 0, 0, 0, 0, 0, 194, 575, 3073
"c:\Users\makib\Documents\EntornosVirtuales\BaseDeDatosSalonDeBelleza\venv\Lib\site-packages\pip\_vendor\urllib3\__init__.py", "Python", 72, 0, 0, 0, 0, 0, 0, 0, 15, 16, 103
"c:\Users\makib\Documents\EntornosVirtuales\BaseDeDatosSalonDeBelleza\venv\Lib\site-packages\pip\_vendor\urllib3\_collections.py", "Python", 252, 0, 0, 0, 0, 0, 0, 0, 19, 67, 338
"c:\Users\makib\Documents\EntornosVirtuales\BaseDeDatosSalonDeBelleza\venv\Lib\site-packages\pip\_vendor\urllib3\_version.py", "Python", 1, 0, 0, 0, 0, 0, 0, 0, 1, 1, 3
"c:\Users\makib\Documents\EntornosVirtuales\BaseDeDatosSalonDeBelleza\venv\Lib\site-packages\pip\_vendor\urllib3\connection.py", "Python", 422, 0, 0, 0, 0, 0, 0, 0, 54, 97, 573
"c:\Users\makib\Documents\EntornosVirtuales\BaseDeDatosSalonDeBelleza\venv\Lib\site-packages\pip\_vendor\urllib3\connectionpool.py", "Python", 835, 0, 0, 0, 0, 0, 0, 0, 115, 183, 1133
"c:\Users\makib\Documents\EntornosVirtuales\BaseDeDatosSalonDeBelleza\venv\Lib\site-packages\pip\_vendor\urllib3\contrib\__init__.py", "Python", 0, 0, 0, 0, 0, 0, 0, 0, 0, 1, 1
"c:\Users\makib\Documents\EntornosVirtuales\BaseDeDatosSalonDeBelleza\venv\Lib\site-packages\pip\_vendor\urllib3\contrib\_appengine_environ.py", "Python", 24, 0, 0, 0, 0, 0, 0, 0, 0, 13, 37
"c:\Users\makib\Documents\EntornosVirtuales\BaseDeDatosSalonDeBelleza\venv\Lib\site-packages\pip\_vendor\urllib3\contrib\_securetransport\__init__.py", "Python", 0, 0, 0, 0, 0, 0, 0, 0, 0, 1, 1
"c:\Users\makib\Documents\EntornosVirtuales\BaseDeDatosSalonDeBelleza\venv\Lib\site-packages\pip\_vendor\urllib3\contrib\_securetransport\bindings.py", "Python", 414, 0, 0, 0, 0, 0, 0, 0, 9, 97, 520
"c:\Users\makib\Documents\EntornosVirtuales\BaseDeDatosSalonDeBelleza\venv\Lib\site-packages\pip\_vendor\urllib3\contrib\_securetransport\low_level.py", "Python", 285, 0, 0, 0, 0, 0, 0, 0, 51, 62, 398
"c:\Users\makib\Documents\EntornosVirtuales\BaseDeDatosSalonDeBelleza\venv\Lib\site-packages\pip\_vendor\urllib3\contrib\appengine.py", "Python", 244, 0, 0, 0, 0, 0, 0, 0, 14, 57, 315
"c:\Users\makib\Documents\EntornosVirtuales\BaseDeDatosSalonDeBelleza\venv\Lib\site-packages\pip\_vendor\urllib3\contrib\ntlmpool.py", "Python", 104, 0, 0, 0, 0, 0, 0, 0, 7, 20, 131
"c:\Users\makib\Documents\EntornosVirtuales\BaseDeDatosSalonDeBelleza\venv\Lib\site-packages\pip\_vendor\urllib3\contrib\pyopenssl.py", "Python", 389, 0, 0, 0, 0, 0, 0, 0, 25, 105, 519
"c:\Users\makib\Documents\EntornosVirtuales\BaseDeDatosSalonDeBelleza\venv\Lib\site-packages\pip\_vendor\urllib3\contrib\securetransport.py", "Python", 646, 0, 0, 0, 0, 0, 0, 0, 134, 142, 922
"c:\Users\makib\Documents\EntornosVirtuales\BaseDeDatosSalonDeBelleza\venv\Lib\site-packages\pip\_vendor\urllib3\contrib\socks.py", "Python", 167, 0, 0, 0, 0, 0, 0, 0, 7, 43, 217
"c:\Users\makib\Documents\EntornosVirtuales\BaseDeDatosSalonDeBelleza\venv\Lib\site-packages\pip\_vendor\urllib3\exceptions.py", "Python", 183, 0, 0, 0, 0, 0, 0, 0, 10, 131, 324
"c:\Users\makib\Documents\EntornosVirtuales\BaseDeDatosSalonDeBelleza\venv\Lib\site-packages\pip\_vendor\urllib3\fields.py", "Python", 212, 0, 0, 0, 0, 0, 0, 0, 5, 58, 275
"c:\Users\makib\Documents\EntornosVirtuales\BaseDeDatosSalonDeBelleza\venv\Lib\site-packages\pip\_vendor\urllib3\filepost.py", "Python", 70, 0, 0, 0, 0, 0, 0, 0, 0, 29, 99
"c:\Users\makib\Documents\EntornosVirtuales\BaseDeDatosSalonDeBelleza\venv\Lib\site-packages\pip\_vendor\urllib3\packages\__init__.py", "Python", 0, 0, 0, 0, 0, 0, 0, 0, 0, 1, 1
"c:\Users\makib\Documents\EntornosVirtuales\BaseDeDatosSalonDeBelleza\venv\Lib\site-packages\pip\_vendor\urllib3\packages\backports\__init__.py", "Python", 0, 0, 0, 0, 0, 0, 0, 0, 0, 1, 1
"c:\Users\makib\Documents\EntornosVirtuales\BaseDeDatosSalonDeBelleza\venv\Lib\site-packages\pip\_vendor\urllib3\packages\backports\makefile.py", "Python", 47, 0, 0, 0, 0, 0, 0, 0, 1, 4, 52
"c:\Users\makib\Documents\EntornosVirtuales\BaseDeDatosSalonDeBelleza\venv\Lib\site-packages\pip\_vendor\urllib3\packages\backports\weakref_finalize.py", "Python", 120, 0, 0, 0, 0, 0, 0, 0, 15, 21, 156
"c:\Users\makib\Documents\EntornosVirtuales\BaseDeDatosSalonDeBelleza\venv\Lib\site-packages\pip\_vendor\urllib3\packages\six.py", "Python", 805, 0, 0, 0, 0, 0, 0, 0, 53, 219, 1077
"c:\Users\makib\Documents\EntornosVirtuales\BaseDeDatosSalonDeBelleza\venv\Lib\site-packages\pip\_vendor\urllib3\poolmanager.py", "Python", 402, 0, 0, 0, 0, 0, 0, 0, 33, 103, 538
"c:\Users\makib\Documents\EntornosVirtuales\BaseDeDatosSalonDeBelleza\venv\Lib\site-packages\pip\_vendor\urllib3\request.py", "Python", 151, 0, 0, 0, 0, 0, 0, 0, 0, 41, 192
"c:\Users\makib\Documents\EntornosVirtuales\BaseDeDatosSalonDeBelleza\venv\Lib\site-packages\pip\_vendor\urllib3\response.py", "Python", 669, 0, 0, 0, 0, 0, 0, 0, 79, 132, 880
"c:\Users\makib\Documents\EntornosVirtuales\BaseDeDatosSalonDeBelleza\venv\Lib\site-packages\pip\_vendor\urllib3\util\__init__.py", "Python", 46, 0, 0, 0, 0, 0, 0, 0, 1, 3, 50
"c:\Users\makib\Documents\EntornosVirtuales\BaseDeDatosSalonDeBelleza\venv\Lib\site-packages\pip\_vendor\urllib3\util\connection.py", "Python", 100, 0, 0, 0, 0, 0, 0, 0, 18, 32, 150
"c:\Users\makib\Documents\EntornosVirtuales\BaseDeDatosSalonDeBelleza\venv\Lib\site-packages\pip\_vendor\urllib3\util\proxy.py", "Python", 43, 0, 0, 0, 0, 0, 0, 0, 4, 11, 58
"c:\Users\makib\Documents\EntornosVirtuales\BaseDeDatosSalonDeBelleza\venv\Lib\site-packages\pip\_vendor\urllib3\util\queue.py", "Python", 14, 0, 0, 0, 0, 0, 0, 0, 1, 8, 23
"c:\Users\makib\Documents\EntornosVirtuales\BaseDeDatosSalonDeBelleza\venv\Lib\site-packages\pip\_vendor\urllib3\util\request.py", "Python", 103, 0, 0, 0, 0, 0, 0, 0, 6, 29, 138
"c:\Users\makib\Documents\EntornosVirtuales\BaseDeDatosSalonDeBelleza\venv\Lib\site-packages\pip\_vendor\urllib3\util\response.py", "Python", 64, 0, 0, 0, 0, 0, 0, 0, 20, 24, 108
"c:\Users\makib\Documents\EntornosVirtuales\BaseDeDatosSalonDeBelleza\venv\Lib\site-packages\pip\_vendor\urllib3\util\retry.py", "Python", 469, 0, 0, 0, 0, 0, 0, 0, 29, 123, 621
"c:\Users\makib\Documents\EntornosVirtuales\BaseDeDatosSalonDeBelleza\venv\Lib\site-packages\pip\_vendor\urllib3\util\ssl_.py", "Python", 352, 0, 0, 0, 0, 0, 0, 0, 59, 85, 496
"c:\Users\makib\Documents\EntornosVirtuales\BaseDeDatosSalonDeBelleza\venv\Lib\site-packages\pip\_vendor\urllib3\util\ssl_match_hostname.py", "Python", 99, 0, 0, 0, 0, 0, 0, 0, 37, 24, 160
"c:\Users\makib\Documents\EntornosVirtuales\BaseDeDatosSalonDeBelleza\venv\Lib\site-packages\pip\_vendor\urllib3\util\ssltransport.py", "Python", 178, 0, 0, 0, 0, 0, 0, 0, 2, 42, 222
"c:\Users\makib\Documents\EntornosVirtuales\BaseDeDatosSalonDeBelleza\venv\Lib\site-packages\pip\_vendor\urllib3\util\timeout.py", "Python", 200, 0, 0, 0, 0, 0, 0, 0, 11, 61, 272
"c:\Users\makib\Documents\EntornosVirtuales\BaseDeDatosSalonDeBelleza\venv\Lib\site-packages\pip\_vendor\urllib3\util\url.py", "Python", 320, 0, 0, 0, 0, 0, 0, 0, 37, 79, 436
"c:\Users\makib\Documents\EntornosVirtuales\BaseDeDatosSalonDeBelleza\venv\Lib\site-packages\pip\_vendor\urllib3\util\wait.py", "Python", 89, 0, 0, 0, 0, 0, 0, 0, 38, 26, 153
"c:\Users\makib\Documents\EntornosVirtuales\BaseDeDatosSalonDeBelleza\venv\Lib\site-packages\pip\_vendor\webencodings\__init__.py", "Python", 249, 0, 0, 0, 0, 0, 0, 0, 14, 80, 343
"c:\Users\makib\Documents\EntornosVirtuales\BaseDeDatosSalonDeBelleza\venv\Lib\site-packages\pip\_vendor\webencodings\labels.py", "Python", 223, 0, 0, 0, 0, 0, 0, 0, 2, 7, 232
"c:\Users\makib\Documents\EntornosVirtuales\BaseDeDatosSalonDeBelleza\venv\Lib\site-packages\pip\_vendor\webencodings\mklabels.py", "Python", 40, 0, 0, 0, 0, 0, 0, 0, 2, 18, 60
"c:\Users\makib\Documents\EntornosVirtuales\BaseDeDatosSalonDeBelleza\venv\Lib\site-packages\pip\_vendor\webencodings\tests.py", "Python", 123, 0, 0, 0, 0, 0, 0, 0, 2, 29, 154
"c:\Users\makib\Documents\EntornosVirtuales\BaseDeDatosSalonDeBelleza\venv\Lib\site-packages\pip\_vendor\webencodings\x_user_defined.py", "Python", 292, 0, 0, 0, 0, 0, 0, 0, 7, 27, 326
"c:\Users\makib\Documents\EntornosVirtuales\BaseDeDatosSalonDeBelleza\venv\Lib\site-packages\pkg_resources\__init__.py", "Python", 2478, 0, 0, 0, 0, 0, 0, 0, 163, 656, 3297
"c:\Users\makib\Documents\EntornosVirtuales\BaseDeDatosSalonDeBelleza\venv\Lib\site-packages\pkg_resources\_vendor\__init__.py", "Python", 0, 0, 0, 0, 0, 0, 0, 0, 0, 1, 1
"c:\Users\makib\Documents\EntornosVirtuales\BaseDeDatosSalonDeBelleza\venv\Lib\site-packages\pkg_resources\_vendor\appdirs.py", "Python", 493, 0, 0, 0, 0, 0, 0, 0, 27, 89, 609
"c:\Users\makib\Documents\EntornosVirtuales\BaseDeDatosSalonDeBelleza\venv\Lib\site-packages\pkg_resources\_vendor\importlib_resources\__init__.py", "Python", 31, 0, 0, 0, 0, 0, 0, 0, 0, 6, 37
"c:\Users\makib\Documents\EntornosVirtuales\BaseDeDatosSalonDeBelleza\venv\Lib\site-packages\pkg_resources\_vendor\importlib_resources\_adapters.py", "Python", 126, 0, 0, 0, 0, 0, 0, 0, 0, 45, 171
"c:\Users\makib\Documents\EntornosVirtuales\BaseDeDatosSalonDeBelleza\venv\Lib\site-packages\pkg_resources\_vendor\importlib_resources\_common.py", "Python", 71, 0, 0, 0, 0, 0, 0, 0, 12, 22, 105
"c:\Users\makib\Documents\EntornosVirtuales\BaseDeDatosSalonDeBelleza\venv\Lib\site-packages\pkg_resources\_vendor\importlib_resources\_compat.py", "Python", 69, 0, 0, 0, 0, 0, 0, 0, 6, 24, 99
"c:\Users\makib\Documents\EntornosVirtuales\BaseDeDatosSalonDeBelleza\venv\Lib\site-packages\pkg_resources\_vendor\importlib_resources\_itertools.py", "Python", 28, 0, 0, 0, 0, 0, 0, 0, 3, 5, 36
"c:\Users\makib\Documents\EntornosVirtuales\BaseDeDatosSalonDeBelleza\venv\Lib\site-packages\pkg_resources\_vendor\importlib_resources\_legacy.py", "Python", 93, 0, 0, 0, 0, 0, 0, 0, 1, 28, 122
"c:\Users\makib\Documents\EntornosVirtuales\BaseDeDatosSalonDeBelleza\venv\Lib\site-packages\pkg_resources\_vendor\importlib_resources\abc.py", "Python", 102, 0, 0, 0, 0, 0, 0, 0, 6, 30, 138
"c:\Users\makib\Documents\EntornosVirtuales\BaseDeDatosSalonDeBelleza\venv\Lib\site-packages\pkg_resources\_vendor\importlib_resources\readers.py", "Python", 88, 0, 0, 0, 0, 0, 0, 0, 4, 31, 123
"c:\Users\makib\Documents\EntornosVirtuales\BaseDeDatosSalonDeBelleza\venv\Lib\site-packages\pkg_resources\_vendor\importlib_resources\simple.py", "Python", 83, 0, 0, 0, 0, 0, 0, 0, 6, 28, 117
"c:\Users\makib\Documents\EntornosVirtuales\BaseDeDatosSalonDeBelleza\venv\Lib\site-packages\pkg_resources\_vendor\jaraco\__init__.py", "Python", 0, 0, 0, 0, 0, 0, 0, 0, 0, 1, 1
"c:\Users\makib\Documents\EntornosVirtuales\BaseDeDatosSalonDeBelleza\venv\Lib\site-packages\pkg_resources\_vendor\jaraco\context.py", "Python", 163, 0, 0, 0, 0, 0, 0, 0, 6, 45, 214
"c:\Users\makib\Documents\EntornosVirtuales\BaseDeDatosSalonDeBelleza\venv\Lib\site-packages\pkg_resources\_vendor\jaraco\functools.py", "Python", 401, 0, 0, 0, 0, 0, 0, 0, 2, 123, 526
"c:\Users\makib\Documents\EntornosVirtuales\BaseDeDatosSalonDeBelleza\venv\Lib\site-packages\pkg_resources\_vendor\jaraco\text\__init__.py", "Python", 441, 0, 0, 0, 0, 0, 0, 0, 5, 154, 600
"c:\Users\makib\Documents\EntornosVirtuales\BaseDeDatosSalonDeBelleza\venv\Lib\site-packages\pkg_resources\_vendor\more_itertools\__init__.py", "Python", 3, 0, 0, 0, 0, 0, 0, 0, 0, 2, 5
"c:\Users\makib\Documents\EntornosVirtuales\BaseDeDatosSalonDeBelleza\venv\Lib\site-packages\pkg_resources\_vendor\more_itertools\more.py", "Python", 3241, 0, 0, 0, 0, 0, 0, 0, 129, 947, 4317
"c:\Users\makib\Documents\EntornosVirtuales\BaseDeDatosSalonDeBelleza\venv\Lib\site-packages\pkg_resources\_vendor\more_itertools\recipes.py", "Python", 510, 0, 0, 0, 0, 0, 0, 0, 4, 185, 699
"c:\Users\makib\Documents\EntornosVirtuales\BaseDeDatosSalonDeBelleza\venv\Lib\site-packages\pkg_resources\_vendor\packaging\__about__.py", "Python", 18, 0, 0, 0, 0, 0, 0, 0, 3, 6, 27
"c:\Users\makib\Documents\EntornosVirtuales\BaseDeDatosSalonDeBelleza\venv\Lib\site-packages\pkg_resources\_vendor\packaging\__init__.py", "Python", 20, 0, 0, 0, 0, 0, 0, 0, 3, 3, 26
"c:\Users\makib\Documents\EntornosVirtuales\BaseDeDatosSalonDeBelleza\venv\Lib\site-packages\pkg_resources\_vendor\packaging\_manylinux.py", "Python", 212, 0, 0, 0, 0, 0, 0, 0, 51, 39, 302
"c:\Users\makib\Documents\EntornosVirtuales\BaseDeDatosSalonDeBelleza\venv\Lib\site-packages\pkg_resources\_vendor\packaging\_musllinux.py", "Python", 107, 0, 0, 0, 0, 0, 0, 0, 4, 26, 137
"c:\Users\makib\Documents\EntornosVirtuales\BaseDeDatosSalonDeBelleza\venv\Lib\site-packages\pkg_resources\_vendor\packaging\_structures.py", "Python", 36, 0, 0, 0, 0, 0, 0, 0, 3, 23, 62
"c:\Users\makib\Documents\EntornosVirtuales\BaseDeDatosSalonDeBelleza\venv\Lib\site-packages\pkg_resources\_vendor\packaging\markers.py", "Python", 224, 0, 0, 0, 0, 0, 0, 0, 7, 74, 305
"c:\Users\makib\Documents\EntornosVirtuales\BaseDeDatosSalonDeBelleza\venv\Lib\site-packages\pkg_resources\_vendor\packaging\requirements.py", "Python", 105, 0, 0, 0, 0, 0, 0, 0, 9, 33, 147
"c:\Users\makib\Documents\EntornosVirtuales\BaseDeDatosSalonDeBelleza\venv\Lib\site-packages\pkg_resources\_vendor\packaging\specifiers.py", "Python", 490, 0, 0, 0, 0, 0, 0, 0, 156, 157, 803
"c:\Users\makib\Documents\EntornosVirtuales\BaseDeDatosSalonDeBelleza\venv\Lib\site-packages\pkg_resources\_vendor\packaging\tags.py", "Python", 373, 0, 0, 0, 0, 0, 0, 0, 26, 89, 488
"c:\Users\makib\Documents\EntornosVirtuales\BaseDeDatosSalonDeBelleza\venv\Lib\site-packages\pkg_resources\_vendor\packaging\utils.py", "Python", 91, 0, 0, 0, 0, 0, 0, 0, 16, 30, 137
"c:\Users\makib\Documents\EntornosVirtuales\BaseDeDatosSalonDeBelleza\venv\Lib\site-packages\pkg_resources\_vendor\packaging\version.py", "Python", 334, 0, 0, 0, 0, 0, 0, 0, 58, 113, 505
"c:\Users\makib\Documents\EntornosVirtuales\BaseDeDatosSalonDeBelleza\venv\Lib\site-packages\pkg_resources\_vendor\pyparsing\__init__.py", "Python", 277, 0, 0, 0, 0, 0, 0, 0, 26, 29, 332
"c:\Users\makib\Documents\EntornosVirtuales\BaseDeDatosSalonDeBelleza\venv\Lib\site-packages\pkg_resources\_vendor\pyparsing\actions.py", "Python", 148, 0, 0, 0, 0, 0, 0, 0, 6, 54, 208
"c:\Users\makib\Documents\EntornosVirtuales\BaseDeDatosSalonDeBelleza\venv\Lib\site-packages\pkg_resources\_vendor\pyparsing\common.py", "Python", 304, 0, 0, 0, 0, 0, 0, 0, 39, 82, 425
"c:\Users\makib\Documents\EntornosVirtuales\BaseDeDatosSalonDeBelleza\venv\Lib\site-packages\pkg_resources\_vendor\pyparsing\core.py", "Python", 4609, 0, 0, 0, 0, 0, 0, 0, 252, 954, 5815
"c:\Users\makib\Documents\EntornosVirtuales\BaseDeDatosSalonDeBelleza\venv\Lib\site-packages\pkg_resources\_vendor\pyparsing\diagram\__init__.py", "Python", 503, 0, 0, 0, 0, 0, 0, 0, 58, 82, 643
"c:\Users\makib\Documents\EntornosVirtuales\BaseDeDatosSalonDeBelleza\venv\Lib\site-packages\pkg_resources\_vendor\pyparsing\exceptions.py", "Python", 207, 0, 0, 0, 0, 0, 0, 0, 4, 57, 268
"c:\Users\makib\Documents\EntornosVirtuales\BaseDeDatosSalonDeBelleza\venv\Lib\site-packages\pkg_resources\_vendor\pyparsing\helpers.py", "Python", 872, 0, 0, 0, 0, 0, 0, 0, 38, 179, 1089
"c:\Users\makib\Documents\EntornosVirtuales\BaseDeDatosSalonDeBelleza\venv\Lib\site-packages\pkg_resources\_vendor\pyparsing\results.py", "Python", 609, 0, 0, 0, 0, 0, 0, 0, 24, 128, 761
"c:\Users\makib\Documents\EntornosVirtuales\BaseDeDatosSalonDeBelleza\venv\Lib\site-packages\pkg_resources\_vendor\pyparsing\testing.py", "Python", 279, 0, 0, 0, 0, 0, 0, 0, 10, 43, 332
"c:\Users\makib\Documents\EntornosVirtuales\BaseDeDatosSalonDeBelleza\venv\Lib\site-packages\pkg_resources\_vendor\pyparsing\unicode.py", "Python", 300, 0, 0, 0, 0, 0, 0, 0, 5, 48, 353
"c:\Users\makib\Documents\EntornosVirtuales\BaseDeDatosSalonDeBelleza\venv\Lib\site-packages\pkg_resources\_vendor\pyparsing\util.py", "Python", 184, 0, 0, 0, 0, 0, 0, 0, 2, 50, 236
"c:\Users\makib\Documents\EntornosVirtuales\BaseDeDatosSalonDeBelleza\venv\Lib\site-packages\pkg_resources\_vendor\zipp.py", "Python", 255, 0, 0, 0, 0, 0, 0, 0, 1, 74, 330
"c:\Users\makib\Documents\EntornosVirtuales\BaseDeDatosSalonDeBelleza\venv\Lib\site-packages\pkg_resources\extern\__init__.py", "Python", 64, 0, 0, 0, 0, 0, 0, 0, 0, 13, 77
"c:\Users\makib\Documents\EntornosVirtuales\BaseDeDatosSalonDeBelleza\venv\Lib\site-packages\setuptools\__init__.py", "Python", 186, 0, 0, 0, 0, 0, 0, 0, 6, 56, 248
"c:\Users\makib\Documents\EntornosVirtuales\BaseDeDatosSalonDeBelleza\venv\Lib\site-packages\setuptools\_deprecation_warning.py", "Python", 6, 0, 0, 0, 0, 0, 0, 0, 0, 2, 8
"c:\Users\makib\Documents\EntornosVirtuales\BaseDeDatosSalonDeBelleza\venv\Lib\site-packages\setuptools\_distutils\__init__.py", "Python", 13, 0, 0, 0, 0, 0, 0, 0, 4, 8, 25
"c:\Users\makib\Documents\EntornosVirtuales\BaseDeDatosSalonDeBelleza\venv\Lib\site-packages\setuptools\_distutils\_collections.py", "Python", 47, 0, 0, 0, 0, 0, 0, 0, 1, 9, 57
"c:\Users\makib\Documents\EntornosVirtuales\BaseDeDatosSalonDeBelleza\venv\Lib\site-packages\setuptools\_distutils\_functools.py", "Python", 14, 0, 0, 0, 0, 0, 0, 0, 1, 6, 21
"c:\Users\makib\Documents\EntornosVirtuales\BaseDeDatosSalonDeBelleza\venv\Lib\site-packages\setuptools\_distutils\_macos_compat.py", "Python", 8, 0, 0, 0, 0, 0, 0, 0, 0, 5, 13
"c:\Users\makib\Documents\EntornosVirtuales\BaseDeDatosSalonDeBelleza\venv\Lib\site-packages\setuptools\_distutils\_msvccompiler.py", "Python", 430, 0, 0, 0, 0, 0, 0, 0, 54, 89, 573
"c:\Users\makib\Documents\EntornosVirtuales\BaseDeDatosSalonDeBelleza\venv\Lib\site-packages\setuptools\_distutils\archive_util.py", "Python", 219, 0, 0, 0, 0, 0, 0, 0, 8, 54, 281
"c:\Users\makib\Documents\EntornosVirtuales\BaseDeDatosSalonDeBelleza\venv\Lib\site-packages\setuptools\_distutils\bcppcompiler.py", "Python", 267, 0, 0, 0, 0, 0, 0, 0, 78, 64, 409
"c:\Users\makib\Documents\EntornosVirtuales\BaseDeDatosSalonDeBelleza\venv\Lib\site-packages\setuptools\_distutils\ccompiler.py", "Python", 900, 0, 0, 0, 0, 0, 0, 0, 160, 161, 1221
"c:\Users\makib\Documents\EntornosVirtuales\BaseDeDatosSalonDeBelleza\venv\Lib\site-packages\setuptools\_distutils\cmd.py", "Python", 309, 0, 0, 0, 0, 0, 0, 0, 71, 57, 437
"c:\Users\makib\Documents\EntornosVirtuales\BaseDeDatosSalonDeBelleza\venv\Lib\site-packages\setuptools\_distutils\command\__init__.py", "Python", 23, 0, 0, 0, 0, 0, 0, 0, 0, 3, 26
"c:\Users\makib\Documents\EntornosVirtuales\BaseDeDatosSalonDeBelleza\venv\Lib\site-packages\setuptools\_distutils\command\_framework_compat.py", "Python", 45, 0, 0, 0, 0, 0, 0, 0, 0, 11, 56
"c:\Users\makib\Documents\EntornosVirtuales\BaseDeDatosSalonDeBelleza\venv\Lib\site-packages\setuptools\_distutils\command\bdist.py", "Python", 115, 0, 0, 0, 0, 0, 0, 0, 15, 28, 158
"c:\Users\makib\Documents\EntornosVirtuales\BaseDeDatosSalonDeBelleza\venv\Lib\site-packages\setuptools\_distutils\command\bdist_dumb.py", "Python", 122, 0, 0, 0, 0, 0, 0, 0, 3, 20, 145
"c:\Users\makib\Documents\EntornosVirtuales\BaseDeDatosSalonDeBelleza\venv\Lib\site-packages\setuptools\_distutils\command\bdist_rpm.py", "Python", 481, 0, 0, 0, 0, 0, 0, 0, 59, 76, 616
"c:\Users\makib\Documents\EntornosVirtuales\BaseDeDatosSalonDeBelleza\venv\Lib\site-packages\setuptools\_distutils\command\build.py", "Python", 104, 0, 0, 0, 0, 0, 0, 0, 22, 28, 154
"c:\Users\makib\Documents\EntornosVirtuales\BaseDeDatosSalonDeBelleza\venv\Lib\site-packages\setuptools\_distutils\command\build_clib.py", "Python", 140, 0, 0, 0, 0, 0, 0, 0, 27, 42, 209
"c:\Users\makib\Documents\EntornosVirtuales\BaseDeDatosSalonDeBelleza\venv\Lib\site-packages\setuptools\_distutils\command\build_ext.py", "Python", 528, 0, 0, 0, 0, 0, 0, 0, 153, 107, 788
"c:\Users\makib\Documents\EntornosVirtuales\BaseDeDatosSalonDeBelleza\venv\Lib\site-packages\setuptools\_distutils\command\build_py.py", "Python", 275, 0, 0, 0, 0, 0, 0, 0, 77, 56, 408
"c:\Users\makib\Documents\EntornosVirtuales\BaseDeDatosSalonDeBelleza\venv\Lib\site-packages\setuptools\_distutils\command\build_scripts.py", "Python", 134, 0, 0, 0, 0, 0, 0, 0, 11, 29, 174
"c:\Users\makib\Documents\EntornosVirtuales\BaseDeDatosSalonDeBelleza\venv\Lib\site-packages\setuptools\_distutils\command\check.py", "Python", 124, 0, 0, 0, 0, 0, 0, 0, 4, 24, 152
"c:\Users\makib\Documents\EntornosVirtuales\BaseDeDatosSalonDeBelleza\venv\Lib\site-packages\setuptools\_distutils\command\clean.py", "Python", 58, 0, 0, 0, 0, 0, 0, 0, 6, 13, 77
"c:\Users\makib\Documents\EntornosVirtuales\BaseDeDatosSalonDeBelleza\venv\Lib\site-packages\setuptools\_distutils\command\config.py", "Python", 303, 0, 0, 0, 0, 0, 0, 0, 21, 54, 378
"c:\Users\makib\Documents\EntornosVirtuales\BaseDeDatosSalonDeBelleza\venv\Lib\site-packages\setuptools\_distutils\command\install.py", "Python", 565, 0, 0, 0, 0, 0, 0, 0, 126, 124, 815
"c:\Users\makib\Documents\EntornosVirtuales\BaseDeDatosSalonDeBelleza\venv\Lib\site-packages\setuptools\_distutils\command\install_data.py", "Python", 63, 0, 0, 0, 0, 0, 0, 0, 7, 15, 85
"c:\Users\makib\Documents\EntornosVirtuales\BaseDeDatosSalonDeBelleza\venv\Lib\site-packages\setuptools\_distutils\command\install_egg_info.py", "Python", 66, 0, 0, 0, 0, 0, 0, 0, 3, 23, 92
"c:\Users\makib\Documents\EntornosVirtuales\BaseDeDatosSalonDeBelleza\venv\Lib\site-packages\setuptools\_distutils\command\install_headers.py", "Python", 31, 0, 0, 0, 0, 0, 0, 0, 1, 14, 46
"c:\Users\makib\Documents\EntornosVirtuales\BaseDeDatosSalonDeBelleza\venv\Lib\site-packages\setuptools\_distutils\command\install_lib.py", "Python", 162, 0, 0, 0, 0, 0, 0, 0, 36, 41, 239
"c:\Users\makib\Documents\EntornosVirtuales\BaseDeDatosSalonDeBelleza\venv\Lib\site-packages\setuptools\_distutils\command\install_scripts.py", "Python", 45, 0, 0, 0, 0, 0, 0, 0, 3, 14, 62
"c:\Users\makib\Documents\EntornosVirtuales\BaseDeDatosSalonDeBelleza\venv\Lib\site-packages\setuptools\_distutils\command\py37compat.py", "Python", 23, 0, 0, 0, 0, 0, 0, 0, 0, 9, 32
"c:\Users\makib\Documents\EntornosVirtuales\BaseDeDatosSalonDeBelleza\venv\Lib\site-packages\setuptools\_distutils\command\register.py", "Python", 265, 0, 0, 0, 0, 0, 0, 0, 20, 35, 320
"c:\Users\makib\Documents\EntornosVirtuales\BaseDeDatosSalonDeBelleza\venv\Lib\site-packages\setuptools\_distutils\command\sdist.py", "Python", 409, 0, 0, 0, 0, 0, 0, 0, 47, 76, 532
"c:\Users\makib\Documents\EntornosVirtuales\BaseDeDatosSalonDeBelleza\venv\Lib\site-packages\setuptools\_distutils\command\upload.py", "Python", 156, 0, 0, 0, 0, 0, 0, 0, 22, 28, 206
"c:\Users\makib\Documents\EntornosVirtuales\BaseDeDatosSalonDeBelleza\venv\Lib\site-packages\setuptools\_distutils\config.py", "Python", 109, 0, 0, 0, 0, 0, 0, 0, 9, 22, 140
"c:\Users\makib\Documents\EntornosVirtuales\BaseDeDatosSalonDeBelleza\venv\Lib\site-packages\setuptools\_distutils\core.py", "Python", 216, 0, 0, 0, 0, 0, 0, 0, 26, 50, 292
"c:\Users\makib\Documents\EntornosVirtuales\BaseDeDatosSalonDeBelleza\venv\Lib\site-packages\setuptools\_distutils\cygwinccompiler.py", "Python", 239, 0, 0, 0, 0, 0, 0, 0, 60, 66, 365
"c:\Users\makib\Documents\EntornosVirtuales\BaseDeDatosSalonDeBelleza\venv\Lib\site-packages\setuptools\_distutils\debug.py", "Python", 2, 0, 0, 0, 0, 0, 0, 0, 2, 2, 6
"c:\Users\makib\Documents\EntornosVirtuales\BaseDeDatosSalonDeBelleza\venv\Lib\site-packages\setuptools\_distutils\dep_util.py", "Python", 65, 0, 0, 0, 0, 0, 0, 0, 9, 23, 97
"c:\Users\makib\Documents\EntornosVirtuales\BaseDeDatosSalonDeBelleza\venv\Lib\site-packages\setuptools\_distutils\dir_util.py", "Python", 184, 0, 0, 0, 0, 0, 0, 0, 15, 45, 244
"c:\Users\makib\Documents\EntornosVirtuales\BaseDeDatosSalonDeBelleza\venv\Lib\site-packages\setuptools\_distutils\dist.py", "Python", 921, 0, 0, 0, 0, 0, 0, 0, 165, 201, 1287
"c:\Users\makib\Documents\EntornosVirtuales\BaseDeDatosSalonDeBelleza\venv\Lib\site-packages\setuptools\_distutils\errors.py", "Python", 75, 0, 0, 0, 0, 0, 0, 0, 1, 52, 128
"c:\Users\makib\Documents\EntornosVirtuales\BaseDeDatosSalonDeBelleza\venv\Lib\site-packages\setuptools\_distutils\extension.py", "Python", 196, 0, 0, 0, 0, 0, 0, 0, 27, 26, 249
"c:\Users\makib\Documents\EntornosVirtuales\BaseDeDatosSalonDeBelleza\venv\Lib\site-packages\setuptools\_distutils\fancy_getopt.py", "Python", 319, 0, 0, 0, 0, 0, 0, 0, 78, 74, 471
"c:\Users\makib\Documents\EntornosVirtuales\BaseDeDatosSalonDeBelleza\venv\Lib\site-packages\setuptools\_distutils\file_util.py", "Python", 191, 0, 0, 0, 0, 0, 0, 0, 19, 40, 250
"c:\Users\makib\Documents\EntornosVirtuales\BaseDeDatosSalonDeBelleza\venv\Lib\site-packages\setuptools\_distutils\filelist.py", "Python", 284, 0, 0, 0, 0, 0, 0, 0, 27, 61, 372
"c:\Users\makib\Documents\EntornosVirtuales\BaseDeDatosSalonDeBelleza\venv\Lib\site-packages\setuptools\_distutils\log.py", "Python", 57, 0, 0, 0, 0, 0, 0, 0, 4, 20, 81
"c:\Users\makib\Documents\EntornosVirtuales\BaseDeDatosSalonDeBelleza\venv\Lib\site-packages\setuptools\_distutils\msvc9compiler.py", "Python", 619, 0, 0, 0, 0, 0, 0, 0, 107, 107, 833
"c:\Users\makib\Documents\EntornosVirtuales\BaseDeDatosSalonDeBelleza\venv\Lib\site-packages\setuptools\_distutils\msvccompiler.py", "Python", 539, 0, 0, 0, 0, 0, 0, 0, 62, 95, 696
"c:\Users\makib\Documents\EntornosVirtuales\BaseDeDatosSalonDeBelleza\venv\Lib\site-packages\setuptools\_distutils\py38compat.py", "Python", 7, 0, 0, 0, 0, 0, 0, 0, 0, 2, 9
"c:\Users\makib\Documents\EntornosVirtuales\BaseDeDatosSalonDeBelleza\venv\Lib\site-packages\setuptools\_distutils\py39compat.py", "Python", 14, 0, 0, 0, 0, 0, 0, 0, 3, 6, 23
"c:\Users\makib\Documents\EntornosVirtuales\BaseDeDatosSalonDeBelleza\venv\Lib\site-packages\setuptools\_distutils\spawn.py", "Python", 80, 0, 0, 0, 0, 0, 0, 0, 7, 23, 110
"c:\Users\makib\Documents\EntornosVirtuales\BaseDeDatosSalonDeBelleza\venv\Lib\site-packages\setuptools\_distutils\sysconfig.py", "Python", 412, 0, 0, 0, 0, 0, 0, 0, 49, 98, 559
"c:\Users\makib\Documents\EntornosVirtuales\BaseDeDatosSalonDeBelleza\venv\Lib\site-packages\setuptools\_distutils\text_file.py", "Python", 204, 0, 0, 0, 0, 0, 0, 0, 43, 41, 288
"c:\Users\makib\Documents\EntornosVirtuales\BaseDeDatosSalonDeBelleza\venv\Lib\site-packages\setuptools\_distutils\unixccompiler.py", "Python", 287, 0, 0, 0, 0, 0, 0, 0, 59, 56, 402
"c:\Users\makib\Documents\EntornosVirtuales\BaseDeDatosSalonDeBelleza\venv\Lib\site-packages\setuptools\_distutils\util.py", "Python", 366, 0, 0, 0, 0, 0, 0, 0, 55, 93, 514
"c:\Users\makib\Documents\EntornosVirtuales\BaseDeDatosSalonDeBelleza\venv\Lib\site-packages\setuptools\_distutils\version.py", "Python", 205, 0, 0, 0, 0, 0, 0, 0, 98, 56, 359
"c:\Users\makib\Documents\EntornosVirtuales\BaseDeDatosSalonDeBelleza\venv\Lib\site-packages\setuptools\_distutils\versionpredicate.py", "Python", 135, 0, 0, 0, 0, 0, 0, 0, 5, 36, 176
"c:\Users\makib\Documents\EntornosVirtuales\BaseDeDatosSalonDeBelleza\venv\Lib\site-packages\setuptools\_entry_points.py", "Python", 65, 0, 0, 0, 0, 0, 0, 0, 1, 21, 87
"c:\Users\makib\Documents\EntornosVirtuales\BaseDeDatosSalonDeBelleza\venv\Lib\site-packages\setuptools\_imp.py", "Python", 66, 0, 0, 0, 0, 0, 0, 0, 0, 17, 83
"c:\Users\makib\Documents\EntornosVirtuales\BaseDeDatosSalonDeBelleza\venv\Lib\site-packages\setuptools\_importlib.py", "Python", 38, 0, 0, 0, 0, 0, 0, 0, 0, 10, 48
"c:\Users\makib\Documents\EntornosVirtuales\BaseDeDatosSalonDeBelleza\venv\Lib\site-packages\setuptools\_itertools.py", "Python", 19, 0, 0, 0, 0, 0, 0, 0, 1, 4, 24
"c:\Users\makib\Documents\EntornosVirtuales\BaseDeDatosSalonDeBelleza\venv\Lib\site-packages\setuptools\_path.py", "Python", 24, 0, 0, 0, 0, 0, 0, 0, 0, 6, 30
"c:\Users\makib\Documents\EntornosVirtuales\BaseDeDatosSalonDeBelleza\venv\Lib\site-packages\setuptools\_reqs.py", "Python", 13, 0, 0, 0, 0, 0, 0, 0, 0, 7, 20
"c:\Users\makib\Documents\EntornosVirtuales\BaseDeDatosSalonDeBelleza\venv\Lib\site-packages\setuptools\_vendor\__init__.py", "Python", 0, 0, 0, 0, 0, 0, 0, 0, 0, 1, 1
"c:\Users\makib\Documents\EntornosVirtuales\BaseDeDatosSalonDeBelleza\venv\Lib\site-packages\setuptools\_vendor\importlib_metadata\__init__.py", "Python", 835, 0, 0, 0, 0, 0, 0, 0, 6, 207, 1048
"c:\Users\makib\Documents\EntornosVirtuales\BaseDeDatosSalonDeBelleza\venv\Lib\site-packages\setuptools\_vendor\importlib_metadata\_adapters.py", "Python", 56, 0, 0, 0, 0, 0, 0, 0, 1, 12, 69
"c:\Users\makib\Documents\EntornosVirtuales\BaseDeDatosSalonDeBelleza\venv\Lib\site-packages\setuptools\_vendor\importlib_metadata\_collections.py", "Python", 22, 0, 0, 0, 0, 0, 0, 0, 1, 8, 31
"c:\Users\makib\Documents\EntornosVirtuales\BaseDeDatosSalonDeBelleza\venv\Lib\site-packages\setuptools\_vendor\importlib_metadata\_compat.py", "Python", 46, 0, 0, 0, 0, 0, 0, 0, 6, 20, 72
"c:\Users\makib\Documents\EntornosVirtuales\BaseDeDatosSalonDeBelleza\venv\Lib\site-packages\setuptools\_vendor\importlib_metadata\_functools.py", "Python", 76, 0, 0, 0, 0, 0, 0, 0, 4, 25, 105
"c:\Users\makib\Documents\EntornosVirtuales\BaseDeDatosSalonDeBelleza\venv\Lib\site-packages\setuptools\_vendor\importlib_metadata\_itertools.py", "Python", 53, 0, 0, 0, 0, 0, 0, 0, 3, 18, 74
"c:\Users\makib\Documents\EntornosVirtuales\BaseDeDatosSalonDeBelleza\venv\Lib\site-packages\setuptools\_vendor\importlib_metadata\_meta.py", "Python", 33, 0, 0, 0, 0, 0, 0, 0, 0, 16, 49
"c:\Users\makib\Documents\EntornosVirtuales\BaseDeDatosSalonDeBelleza\venv\Lib\site-packages\setuptools\_vendor\importlib_metadata\_text.py", "Python", 66, 0, 0, 0, 0, 0, 0, 0, 2, 32, 100
"c:\Users\makib\Documents\EntornosVirtuales\BaseDeDatosSalonDeBelleza\venv\Lib\site-packages\setuptools\_vendor\importlib_resources\__init__.py", "Python", 31, 0, 0, 0, 0, 0, 0, 0, 0, 6, 37
"c:\Users\makib\Documents\EntornosVirtuales\BaseDeDatosSalonDeBelleza\venv\Lib\site-packages\setuptools\_vendor\importlib_resources\_adapters.py", "Python", 126, 0, 0, 0, 0, 0, 0, 0, 0, 45, 171
"c:\Users\makib\Documents\EntornosVirtuales\BaseDeDatosSalonDeBelleza\venv\Lib\site-packages\setuptools\_vendor\importlib_resources\_common.py", "Python", 71, 0, 0, 0, 0, 0, 0, 0, 12, 22, 105
"c:\Users\makib\Documents\EntornosVirtuales\BaseDeDatosSalonDeBelleza\venv\Lib\site-packages\setuptools\_vendor\importlib_resources\_compat.py", "Python", 69, 0, 0, 0, 0, 0, 0, 0, 6, 24, 99
"c:\Users\makib\Documents\EntornosVirtuales\BaseDeDatosSalonDeBelleza\venv\Lib\site-packages\setuptools\_vendor\importlib_resources\_itertools.py", "Python", 28, 0, 0, 0, 0, 0, 0, 0, 3, 5, 36
"c:\Users\makib\Documents\EntornosVirtuales\BaseDeDatosSalonDeBelleza\venv\Lib\site-packages\setuptools\_vendor\importlib_resources\_legacy.py", "Python", 93, 0, 0, 0, 0, 0, 0, 0, 1, 28, 122
"c:\Users\makib\Documents\EntornosVirtuales\BaseDeDatosSalonDeBelleza\venv\Lib\site-packages\setuptools\_vendor\importlib_resources\abc.py", "Python", 102, 0, 0, 0, 0, 0, 0, 0, 6, 30, 138
"c:\Users\makib\Documents\EntornosVirtuales\BaseDeDatosSalonDeBelleza\venv\Lib\site-packages\setuptools\_vendor\importlib_resources\readers.py", "Python", 88, 0, 0, 0, 0, 0, 0, 0, 4, 31, 123
"c:\Users\makib\Documents\EntornosVirtuales\BaseDeDatosSalonDeBelleza\venv\Lib\site-packages\setuptools\_vendor\importlib_resources\simple.py", "Python", 83, 0, 0, 0, 0, 0, 0, 0, 6, 28, 117
"c:\Users\makib\Documents\EntornosVirtuales\BaseDeDatosSalonDeBelleza\venv\Lib\site-packages\setuptools\_vendor\jaraco\__init__.py", "Python", 0, 0, 0, 0, 0, 0, 0, 0, 0, 1, 1
"c:\Users\makib\Documents\EntornosVirtuales\BaseDeDatosSalonDeBelleza\venv\Lib\site-packages\setuptools\_vendor\jaraco\context.py", "Python", 163, 0, 0, 0, 0, 0, 0, 0, 6, 45, 214
"c:\Users\makib\Documents\EntornosVirtuales\BaseDeDatosSalonDeBelleza\venv\Lib\site-packages\setuptools\_vendor\jaraco\functools.py", "Python", 401, 0, 0, 0, 0, 0, 0, 0, 2, 123, 526
"c:\Users\makib\Documents\EntornosVirtuales\BaseDeDatosSalonDeBelleza\venv\Lib\site-packages\setuptools\_vendor\jaraco\text\__init__.py", "Python", 441, 0, 0, 0, 0, 0, 0, 0, 5, 154, 600
"c:\Users\makib\Documents\EntornosVirtuales\BaseDeDatosSalonDeBelleza\venv\Lib\site-packages\setuptools\_vendor\more_itertools\__init__.py", "Python", 3, 0, 0, 0, 0, 0, 0, 0, 0, 2, 5
"c:\Users\makib\Documents\EntornosVirtuales\BaseDeDatosSalonDeBelleza\venv\Lib\site-packages\setuptools\_vendor\more_itertools\more.py", "Python", 2870, 0, 0, 0, 0, 0, 0, 0, 117, 838, 3825
"c:\Users\makib\Documents\EntornosVirtuales\BaseDeDatosSalonDeBelleza\venv\Lib\site-packages\setuptools\_vendor\more_itertools\recipes.py", "Python", 451, 0, 0, 0, 0, 0, 0, 0, 4, 166, 621
"c:\Users\makib\Documents\EntornosVirtuales\BaseDeDatosSalonDeBelleza\venv\Lib\site-packages\setuptools\_vendor\ordered_set.py", "Python", 405, 0, 0, 0, 0, 0, 0, 0, 15, 69, 489
"c:\Users\makib\Documents\EntornosVirtuales\BaseDeDatosSalonDeBelleza\venv\Lib\site-packages\setuptools\_vendor\packaging\__about__.py", "Python", 18, 0, 0, 0, 0, 0, 0, 0, 3, 6, 27
"c:\Users\makib\Documents\EntornosVirtuales\BaseDeDatosSalonDeBelleza\venv\Lib\site-packages\setuptools\_vendor\packaging\__init__.py", "Python", 20, 0, 0, 0, 0, 0, 0, 0, 3, 3, 26
"c:\Users\makib\Documents\EntornosVirtuales\BaseDeDatosSalonDeBelleza\venv\Lib\site-packages\setuptools\_vendor\packaging\_manylinux.py", "Python", 212, 0, 0, 0, 0, 0, 0, 0, 51, 39, 302
"c:\Users\makib\Documents\EntornosVirtuales\BaseDeDatosSalonDeBelleza\venv\Lib\site-packages\setuptools\_vendor\packaging\_musllinux.py", "Python", 107, 0, 0, 0, 0, 0, 0, 0, 4, 26, 137
"c:\Users\makib\Documents\EntornosVirtuales\BaseDeDatosSalonDeBelleza\venv\Lib\site-packages\setuptools\_vendor\packaging\_structures.py", "Python", 36, 0, 0, 0, 0, 0, 0, 0, 3, 23, 62
"c:\Users\makib\Documents\EntornosVirtuales\BaseDeDatosSalonDeBelleza\venv\Lib\site-packages\setuptools\_vendor\packaging\markers.py", "Python", 224, 0, 0, 0, 0, 0, 0, 0, 7, 74, 305
"c:\Users\makib\Documents\EntornosVirtuales\BaseDeDatosSalonDeBelleza\venv\Lib\site-packages\setuptools\_vendor\packaging\requirements.py", "Python", 105, 0, 0, 0, 0, 0, 0, 0, 9, 33, 147
"c:\Users\makib\Documents\EntornosVirtuales\BaseDeDatosSalonDeBelleza\venv\Lib\site-packages\setuptools\_vendor\packaging\specifiers.py", "Python", 490, 0, 0, 0, 0, 0, 0, 0, 156, 157, 803
"c:\Users\makib\Documents\EntornosVirtuales\BaseDeDatosSalonDeBelleza\venv\Lib\site-packages\setuptools\_vendor\packaging\tags.py", "Python", 373, 0, 0, 0, 0, 0, 0, 0, 26, 89, 488
"c:\Users\makib\Documents\EntornosVirtuales\BaseDeDatosSalonDeBelleza\venv\Lib\site-packages\setuptools\_vendor\packaging\utils.py", "Python", 91, 0, 0, 0, 0, 0, 0, 0, 16, 30, 137
"c:\Users\makib\Documents\EntornosVirtuales\BaseDeDatosSalonDeBelleza\venv\Lib\site-packages\setuptools\_vendor\packaging\version.py", "Python", 334, 0, 0, 0, 0, 0, 0, 0, 58, 113, 505
"c:\Users\makib\Documents\EntornosVirtuales\BaseDeDatosSalonDeBelleza\venv\Lib\site-packages\setuptools\_vendor\pyparsing\__init__.py", "Python", 277, 0, 0, 0, 0, 0, 0, 0, 26, 29, 332
"c:\Users\makib\Documents\EntornosVirtuales\BaseDeDatosSalonDeBelleza\venv\Lib\site-packages\setuptools\_vendor\pyparsing\actions.py", "Python", 148, 0, 0, 0, 0, 0, 0, 0, 6, 54, 208
"c:\Users\makib\Documents\EntornosVirtuales\BaseDeDatosSalonDeBelleza\venv\Lib\site-packages\setuptools\_vendor\pyparsing\common.py", "Python", 304, 0, 0, 0, 0, 0, 0, 0, 39, 82, 425
"c:\Users\makib\Documents\EntornosVirtuales\BaseDeDatosSalonDeBelleza\venv\Lib\site-packages\setuptools\_vendor\pyparsing\core.py", "Python", 4609, 0, 0, 0, 0, 0, 0, 0, 252, 954, 5815
"c:\Users\makib\Documents\EntornosVirtuales\BaseDeDatosSalonDeBelleza\venv\Lib\site-packages\setuptools\_vendor\pyparsing\diagram\__init__.py", "Python", 503, 0, 0, 0, 0, 0, 0, 0, 58, 82, 643
"c:\Users\makib\Documents\EntornosVirtuales\BaseDeDatosSalonDeBelleza\venv\Lib\site-packages\setuptools\_vendor\pyparsing\exceptions.py", "Python", 207, 0, 0, 0, 0, 0, 0, 0, 4, 57, 268
"c:\Users\makib\Documents\EntornosVirtuales\BaseDeDatosSalonDeBelleza\venv\Lib\site-packages\setuptools\_vendor\pyparsing\helpers.py", "Python", 872, 0, 0, 0, 0, 0, 0, 0, 38, 179, 1089
"c:\Users\makib\Documents\EntornosVirtuales\BaseDeDatosSalonDeBelleza\venv\Lib\site-packages\setuptools\_vendor\pyparsing\results.py", "Python", 609, 0, 0, 0, 0, 0, 0, 0, 24, 128, 761
"c:\Users\makib\Documents\EntornosVirtuales\BaseDeDatosSalonDeBelleza\venv\Lib\site-packages\setuptools\_vendor\pyparsing\testing.py", "Python", 279, 0, 0, 0, 0, 0, 0, 0, 10, 43, 332
"c:\Users\makib\Documents\EntornosVirtuales\BaseDeDatosSalonDeBelleza\venv\Lib\site-packages\setuptools\_vendor\pyparsing\unicode.py", "Python", 300, 0, 0, 0, 0, 0, 0, 0, 5, 48, 353
"c:\Users\makib\Documents\EntornosVirtuales\BaseDeDatosSalonDeBelleza\venv\Lib\site-packages\setuptools\_vendor\pyparsing\util.py", "Python", 184, 0, 0, 0, 0, 0, 0, 0, 2, 50, 236
"c:\Users\makib\Documents\EntornosVirtuales\BaseDeDatosSalonDeBelleza\venv\Lib\site-packages\setuptools\_vendor\tomli\__init__.py", "Python", 4, 0, 0, 0, 0, 0, 0, 0, 4, 4, 12
"c:\Users\makib\Documents\EntornosVirtuales\BaseDeDatosSalonDeBelleza\venv\Lib\site-packages\setuptools\_vendor\tomli\_parser.py", "Python", 534, 0, 0, 0, 0, 0, 0, 0, 46, 112, 692
"c:\Users\makib\Documents\EntornosVirtuales\BaseDeDatosSalonDeBelleza\venv\Lib\site-packages\setuptools\_vendor\tomli\_re.py", "Python", 87, 0, 0, 0, 0, 0, 0, 0, 6, 15, 108
"c:\Users\makib\Documents\EntornosVirtuales\BaseDeDatosSalonDeBelleza\venv\Lib\site-packages\setuptools\_vendor\tomli\_types.py", "Python", 4, 0, 0, 0, 0, 0, 0, 0, 4, 3, 11
"c:\Users\makib\Documents\EntornosVirtuales\BaseDeDatosSalonDeBelleza\venv\Lib\site-packages\setuptools\_vendor\typing_extensions.py", "Python", 1729, 0, 0, 0, 0, 0, 0, 0, 144, 424, 2297
"c:\Users\makib\Documents\EntornosVirtuales\BaseDeDatosSalonDeBelleza\venv\Lib\site-packages\setuptools\_vendor\zipp.py", "Python", 255, 0, 0, 0, 0, 0, 0, 0, 1, 74, 330
"c:\Users\makib\Documents\EntornosVirtuales\BaseDeDatosSalonDeBelleza\venv\Lib\site-packages\setuptools\archive_util.py", "Python", 162, 0, 0, 0, 0, 0, 0, 0, 8, 44, 214
"c:\Users\makib\Documents\EntornosVirtuales\BaseDeDatosSalonDeBelleza\venv\Lib\site-packages\setuptools\build_meta.py", "Python", 397, 0, 0, 0, 0, 0, 0, 0, 25, 90, 512
"c:\Users\makib\Documents\EntornosVirtuales\BaseDeDatosSalonDeBelleza\venv\Lib\site-packages\setuptools\command\__init__.py", "Python", 9, 0, 0, 0, 0, 0, 0, 0, 1, 3, 13
"c:\Users\makib\Documents\EntornosVirtuales\BaseDeDatosSalonDeBelleza\venv\Lib\site-packages\setuptools\command\alias.py", "Python", 62, 0, 0, 0, 0, 0, 0, 0, 0, 17, 79
"c:\Users\makib\Documents\EntornosVirtuales\BaseDeDatosSalonDeBelleza\venv\Lib\site-packages\setuptools\command\bdist_egg.py", "Python", 363, 0, 0, 0, 0, 0, 0, 0, 17, 78, 458
"c:\Users\makib\Documents\EntornosVirtuales\BaseDeDatosSalonDeBelleza\venv\Lib\site-packages\setuptools\command\bdist_rpm.py", "Python", 31, 0, 0, 0, 0, 0, 0, 0, 1, 9, 41
"c:\Users\makib\Documents\EntornosVirtuales\BaseDeDatosSalonDeBelleza\venv\Lib\site-packages\setuptools\command\build.py", "Python", 118, 0, 0, 0, 0, 0, 0, 0, 1, 28, 147
"c:\Users\makib\Documents\EntornosVirtuales\BaseDeDatosSalonDeBelleza\venv\Lib\site-packages\setuptools\command\build_clib.py", "Python", 77, 0, 0, 0, 0, 0, 0, 0, 13, 12, 102
"c:\Users\makib\Documents\EntornosVirtuales\BaseDeDatosSalonDeBelleza\venv\Lib\site-packages\setuptools\command\build_ext.py", "Python", 293, 0, 0, 0, 0, 0, 0, 0, 38, 53, 384
"c:\Users\makib\Documents\EntornosVirtuales\BaseDeDatosSalonDeBelleza\venv\Lib\site-packages\setuptools\command\build_py.py", "Python", 294, 0, 0, 0, 0, 0, 0, 0, 16, 59, 369
"c:\Users\makib\Documents\EntornosVirtuales\BaseDeDatosSalonDeBelleza\venv\Lib\site-packages\setuptools\command\develop.py", "Python", 149, 0, 0, 0, 0, 0, 0, 0, 11, 34, 194
"c:\Users\makib\Documents\EntornosVirtuales\BaseDeDatosSalonDeBelleza\venv\Lib\site-packages\setuptools\command\dist_info.py", "Python", 111, 0, 0, 0, 0, 0, 0, 0, 4, 28, 143
"c:\Users\makib\Documents\EntornosVirtuales\BaseDeDatosSalonDeBelleza\venv\Lib\site-packages\setuptools\command\easy_install.py", "Python", 1818, 0, 0, 0, 0, 0, 0, 0, 148, 347, 2313
"c:\Users\makib\Documents\EntornosVirtuales\BaseDeDatosSalonDeBelleza\venv\Lib\site-packages\setuptools\command\editable_wheel.py", "Python", 669, 0, 0, 0, 0, 0, 0, 0, 15, 161, 845
"c:\Users\makib\Documents\EntornosVirtuales\BaseDeDatosSalonDeBelleza\venv\Lib\site-packages\setuptools\command\egg_info.py", "Python", 579, 0, 0, 0, 0, 0, 0, 0, 58, 127, 764
"c:\Users\makib\Documents\EntornosVirtuales\BaseDeDatosSalonDeBelleza\venv\Lib\site-packages\setuptools\command\install.py", "Python", 102, 0, 0, 0, 0, 0, 0, 0, 11, 27, 140
"c:\Users\makib\Documents\EntornosVirtuales\BaseDeDatosSalonDeBelleza\venv\Lib\site-packages\setuptools\command\install_egg_info.py", "Python", 48, 0, 0, 0, 0, 0, 0, 0, 4, 12, 64
"c:\Users\makib\Documents\EntornosVirtuales\BaseDeDatosSalonDeBelleza\venv\Lib\site-packages\setuptools\command\install_lib.py", "Python", 93, 0, 0, 0, 0, 0, 0, 0, 6, 24, 123
"c:\Users\makib\Documents\EntornosVirtuales\BaseDeDatosSalonDeBelleza\venv\Lib\site-packages\setuptools\command\install_scripts.py", "Python", 56, 0, 0, 0, 0, 0, 0, 0, 4, 11, 71
"c:\Users\makib\Documents\EntornosVirtuales\BaseDeDatosSalonDeBelleza\venv\Lib\site-packages\setuptools\command\launcher manifest.xml", "XML", 0, 0, 0, 0, 0, 0, 14, 0, 1, 1, 16
"c:\Users\makib\Documents\EntornosVirtuales\BaseDeDatosSalonDeBelleza\venv\Lib\site-packages\setuptools\command\py36compat.py", "Python", 105, 0, 0, 0, 0, 0, 0, 0, 11, 19, 135
"c:\Users\makib\Documents\EntornosVirtuales\BaseDeDatosSalonDeBelleza\venv\Lib\site-packages\setuptools\command\register.py", "Python", 12, 0, 0, 0, 0, 0, 0, 0, 0, 7, 19
"c:\Users\makib\Documents\EntornosVirtuales\BaseDeDatosSalonDeBelleza\venv\Lib\site-packages\setuptools\command\rotate.py", "Python", 54, 0, 0, 0, 0, 0, 0, 0, 0, 11, 65
"c:\Users\makib\Documents\EntornosVirtuales\BaseDeDatosSalonDeBelleza\venv\Lib\site-packages\setuptools\command\saveopts.py", "Python", 14, 0, 0, 0, 0, 0, 0, 0, 0, 9, 23
"c:\Users\makib\Documents\EntornosVirtuales\BaseDeDatosSalonDeBelleza\venv\Lib\site-packages\setuptools\command\sdist.py", "Python", 165, 0, 0, 0, 0, 0, 0, 0, 9, 37, 211
"c:\Users\makib\Documents\EntornosVirtuales\BaseDeDatosSalonDeBelleza\venv\Lib\site-packages\setuptools\command\setopt.py", "Python", 126, 0, 0, 0, 0, 0, 0, 0, 0, 24, 150
"c:\Users\makib\Documents\EntornosVirtuales\BaseDeDatosSalonDeBelleza\venv\Lib\site-packages\setuptools\command\test.py", "Python", 209, 0, 0, 0, 0, 0, 0, 0, 2, 41, 252
"c:\Users\makib\Documents\EntornosVirtuales\BaseDeDatosSalonDeBelleza\venv\Lib\site-packages\setuptools\command\upload.py", "Python", 12, 0, 0, 0, 0, 0, 0, 0, 0, 6, 18
"c:\Users\makib\Documents\EntornosVirtuales\BaseDeDatosSalonDeBelleza\venv\Lib\site-packages\setuptools\command\upload_docs.py", "Python", 178, 0, 0, 0, 0, 0, 0, 0, 9, 27, 214
"c:\Users\makib\Documents\EntornosVirtuales\BaseDeDatosSalonDeBelleza\venv\Lib\site-packages\setuptools\config\__init__.py", "Python", 26, 0, 0, 0, 0, 0, 0, 0, 0, 10, 36
"c:\Users\makib\Documents\EntornosVirtuales\BaseDeDatosSalonDeBelleza\venv\Lib\site-packages\setuptools\config\_apply_pyprojecttoml.py", "Python", 280, 0, 0, 0, 0, 0, 0, 0, 7, 91, 378
"c:\Users\makib\Documents\EntornosVirtuales\BaseDeDatosSalonDeBelleza\venv\Lib\site-packages\setuptools\config\_validate_pyproject\__init__.py", "Python", 28, 0, 0, 0, 0, 0, 0, 0, 0, 7, 35
"c:\Users\makib\Documents\EntornosVirtuales\BaseDeDatosSalonDeBelleza\venv\Lib\site-packages\setuptools\config\_validate_pyproject\error_reporting.py", "Python", 258, 0, 0, 0, 0, 0, 0, 0, 6, 55, 319
"c:\Users\makib\Documents\EntornosVirtuales\BaseDeDatosSalonDeBelleza\venv\Lib\site-packages\setuptools\config\_validate_pyproject\extra_validations.py", "Python", 24, 0, 0, 0, 0, 0, 0, 0, 0, 13, 37
"c:\Users\makib\Documents\EntornosVirtuales\BaseDeDatosSalonDeBelleza\venv\Lib\site-packages\setuptools\config\_validate_pyproject\fastjsonschema_exceptions.py", "Python", 38, 0, 0, 0, 0, 0, 0, 0, 0, 14, 52
"c:\Users\makib\Documents\EntornosVirtuales\BaseDeDatosSalonDeBelleza\venv\Lib\site-packages\setuptools\config\_validate_pyproject\fastjsonschema_validations.py", "Python", 1009, 0, 0, 0, 0, 0, 0, 0, 8, 18, 1035
"c:\Users\makib\Documents\EntornosVirtuales\BaseDeDatosSalonDeBelleza\venv\Lib\site-packages\setuptools\config\_validate_pyproject\formats.py", "Python", 179, 0, 0, 0, 0, 0, 0, 0, 20, 61, 260
"c:\Users\makib\Documents\EntornosVirtuales\BaseDeDatosSalonDeBelleza\venv\Lib\site-packages\setuptools\config\expand.py", "Python", 361, 0, 0, 0, 0, 0, 0, 0, 6, 96, 463
"c:\Users\makib\Documents\EntornosVirtuales\BaseDeDatosSalonDeBelleza\venv\Lib\site-packages\setuptools\config\pyprojecttoml.py", "Python", 374, 0, 0, 0, 0, 0, 0, 0, 31, 89, 494
"c:\Users\makib\Documents\EntornosVirtuales\BaseDeDatosSalonDeBelleza\venv\Lib\site-packages\setuptools\config\setupcfg.py", "Python", 585, 0, 0, 0, 0, 0, 0, 0, 11, 167, 763
"c:\Users\makib\Documents\EntornosVirtuales\BaseDeDatosSalonDeBelleza\venv\Lib\site-packages\setuptools\dep_util.py", "Python", 17, 0, 0, 0, 0, 0, 0, 0, 4, 5, 26
"c:\Users\makib\Documents\EntornosVirtuales\BaseDeDatosSalonDeBelleza\venv\Lib\site-packages\setuptools\depends.py", "Python", 129, 0, 0, 0, 0, 0, 0, 0, 3, 45, 177
"c:\Users\makib\Documents\EntornosVirtuales\BaseDeDatosSalonDeBelleza\venv\Lib\site-packages\setuptools\discovery.py", "Python", 455, 0, 0, 0, 0, 0, 0, 0, 27, 119, 601
"c:\Users\makib\Documents\EntornosVirtuales\BaseDeDatosSalonDeBelleza\venv\Lib\site-packages\setuptools\dist.py", "Python", 957, 0, 0, 0, 0, 0, 0, 0, 50, 216, 1223
"c:\Users\makib\Documents\EntornosVirtuales\BaseDeDatosSalonDeBelleza\venv\Lib\site-packages\setuptools\errors.py", "Python", 42, 0, 0, 0, 0, 0, 0, 0, 2, 15, 59
"c:\Users\makib\Documents\EntornosVirtuales\BaseDeDatosSalonDeBelleza\venv\Lib\site-packages\setuptools\extension.py", "Python", 111, 0, 0, 0, 0, 0, 0, 0, 5, 33, 149
"c:\Users\makib\Documents\EntornosVirtuales\BaseDeDatosSalonDeBelleza\venv\Lib\site-packages\setuptools\extern\__init__.py", "Python", 64, 0, 0, 0, 0, 0, 0, 0, 0, 13, 77
"c:\Users\makib\Documents\EntornosVirtuales\BaseDeDatosSalonDeBelleza\venv\Lib\site-packages\setuptools\glob.py", "Python", 118, 0, 0, 0, 0, 0, 0, 0, 14, 36, 168
"c:\Users\makib\Documents\EntornosVirtuales\BaseDeDatosSalonDeBelleza\venv\Lib\site-packages\setuptools\installer.py", "Python", 87, 0, 0, 0, 0, 0, 0, 0, 9, 9, 105
"c:\Users\makib\Documents\EntornosVirtuales\BaseDeDatosSalonDeBelleza\venv\Lib\site-packages\setuptools\launch.py", "Python", 27, 0, 0, 0, 0, 0, 0, 0, 2, 8, 37
"c:\Users\makib\Documents\EntornosVirtuales\BaseDeDatosSalonDeBelleza\venv\Lib\site-packages\setuptools\logging.py", "Python", 26, 0, 0, 0, 0, 0, 0, 0, 4, 7, 37
"c:\Users\makib\Documents\EntornosVirtuales\BaseDeDatosSalonDeBelleza\venv\Lib\site-packages\setuptools\monkey.py", "Python", 116, 0, 0, 0, 0, 0, 0, 0, 12, 38, 166
"c:\Users\makib\Documents\EntornosVirtuales\BaseDeDatosSalonDeBelleza\venv\Lib\site-packages\setuptools\msvc.py", "Python", 1375, 0, 0, 0, 0, 0, 0, 0, 54, 275, 1704
"c:\Users\makib\Documents\EntornosVirtuales\BaseDeDatosSalonDeBelleza\venv\Lib\site-packages\setuptools\namespaces.py", "Python", 86, 0, 0, 0, 0, 0, 0, 0, 1, 21, 108
"c:\Users\makib\Documents\EntornosVirtuales\BaseDeDatosSalonDeBelleza\venv\Lib\site-packages\setuptools\package_index.py", "Python", 885, 0, 0, 0, 0, 0, 0, 0, 61, 181, 1127
"c:\Users\makib\Documents\EntornosVirtuales\BaseDeDatosSalonDeBelleza\venv\Lib\site-packages\setuptools\py34compat.py", "Python", 10, 0, 0, 0, 0, 0, 0, 0, 0, 4, 14
"c:\Users\makib\Documents\EntornosVirtuales\BaseDeDatosSalonDeBelleza\venv\Lib\site-packages\setuptools\sandbox.py", "Python", 417, 0, 0, 0, 0, 0, 0, 0, 8, 106, 531
"c:\Users\makib\Documents\EntornosVirtuales\BaseDeDatosSalonDeBelleza\venv\Lib\site-packages\setuptools\unicode_utils.py", "Python", 32, 0, 0, 0, 0, 0, 0, 0, 1, 10, 43
"c:\Users\makib\Documents\EntornosVirtuales\BaseDeDatosSalonDeBelleza\venv\Lib\site-packages\setuptools\version.py", "Python", 5, 0, 0, 0, 0, 0, 0, 0, 0, 2, 7
"c:\Users\makib\Documents\EntornosVirtuales\BaseDeDatosSalonDeBelleza\venv\Lib\site-packages\setuptools\wheel.py", "Python", 185, 0, 0, 0, 0, 0, 0, 0, 12, 26, 223
"c:\Users\makib\Documents\EntornosVirtuales\BaseDeDatosSalonDeBelleza\venv\Lib\site-packages\setuptools\windows_support.py", "Python", 21, 0, 0, 0, 0, 0, 0, 0, 0, 9, 30
"c:\Users\makib\Documents\EntornosVirtuales\BaseDeDatosSalonDeBelleza\venv\Scripts\Activate.ps1", "PowerShell", 0, 0, 0, 0, 0, 108, 0, 0, 360, 35, 503
"c:\Users\makib\Documents\EntornosVirtuales\BaseDeDatosSalonDeBelleza\venv\Scripts\activate.bat", "Batch", 0, 0, 0, 0, 24, 0, 0, 0, 1, 10, 35
"c:\Users\makib\Documents\EntornosVirtuales\BaseDeDatosSalonDeBelleza\venv\Scripts\deactivate.bat", "Batch", 0, 0, 0, 0, 16, 0, 0, 0, 0, 7, 23
"c:\Users\makib\Documents\EntornosVirtuales\BaseDeDatosSalonDeBelleza\venv\pyvenv.cfg", "Properties", 0, 0, 5, 0, 0, 0, 0, 0, 0, 1, 6
"c:\Users\makib\Documents\EntornosVirtuales\BaseDeDatosSalonDeBelleza\views\agendar_cita.py", "Python", 286, 0, 0, 0, 0, 0, 0, 0, 6, 45, 337
"c:\Users\makib\Documents\EntornosVirtuales\BaseDeDatosSalonDeBelleza\views\agregar_producto.py", "Python", 152, 0, 0, 0, 0, 0, 0, 0, 5, 25, 182
"c:\Users\makib\Documents\EntornosVirtuales\BaseDeDatosSalonDeBelleza\views\agregar_promocion.py", "Python", 111, 0, 0, 0, 0, 0, 0, 0, 0, 22, 133
"c:\Users\makib\Documents\EntornosVirtuales\BaseDeDatosSalonDeBelleza\views\agregar_servicio.py", "Python", 109, 0, 0, 0, 0, 0, 0, 0, 5, 18, 132
"c:\Users\makib\Documents\EntornosVirtuales\BaseDeDatosSalonDeBelleza\views\disponibilidad.py", "Python", 102, 0, 0, 0, 0, 0, 0, 0, 4, 19, 125
"c:\Users\makib\Documents\EntornosVirtuales\BaseDeDatosSalonDeBelleza\views\generar_pago.py", "Python", 136, 0, 0, 0, 0, 0, 0, 0, 7, 28, 171
"c:\Users\makib\Documents\EntornosVirtuales\BaseDeDatosSalonDeBelleza\views\home.py", "Python", 162, 0, 0, 0, 0, 0, 0, 0, 5, 37, 204
"c:\Users\makib\Documents\EntornosVirtuales\BaseDeDatosSalonDeBelleza\views\inventario.py", "Python", 144, 0, 0, 0, 0, 0, 0, 0, 5, 20, 169
"c:\Users\makib\Documents\EntornosVirtuales\BaseDeDatosSalonDeBelleza\views\login.py", "Python", 179, 0, 0, 0, 0, 0, 0, 0, 6, 38, 223
"c:\Users\makib\Documents\EntornosVirtuales\BaseDeDatosSalonDeBelleza\views\modificar_producto.py", "Python", 143, 0, 0, 0, 0, 0, 0, 0, 5, 27, 175
"c:\Users\makib\Documents\EntornosVirtuales\BaseDeDatosSalonDeBelleza\views\modificar_promocion.py", "Python", 111, 0, 0, 0, 0, 0, 0, 0, 0, 22, 133
"c:\Users\makib\Documents\EntornosVirtuales\BaseDeDatosSalonDeBelleza\views\modificar_servicio.py", "Python", 117, 0, 0, 0, 0, 0, 0, 0, 5, 20, 142
"c:\Users\makib\Documents\EntornosVirtuales\BaseDeDatosSalonDeBelleza\views\promociones.py", "Python", 178, 0, 0, 0, 0, 0, 0, 0, 7, 20, 205
"c:\Users\makib\Documents\EntornosVirtuales\BaseDeDatosSalonDeBelleza\views\registro.py", "Python", 156, 0, 0, 0, 0, 0, 0, 0, 8, 27, 191
"c:\Users\makib\Documents\EntornosVirtuales\BaseDeDatosSalonDeBelleza\views\registro_pago.py", "Python", 147, 0, 0, 0, 0, 0, 0, 0, 6, 20, 173
"c:\Users\makib\Documents\EntornosVirtuales\BaseDeDatosSalonDeBelleza\views\resumen_citas.py", "Python", 142, 0, 0, 0, 0, 0, 0, 0, 6, 26, 174
"c:\Users\makib\Documents\EntornosVirtuales\BaseDeDatosSalonDeBelleza\views\servicios.py", "Python", 184, 0, 0, 0, 0, 0, 0, 0, 6, 22, 212
"Total", "-", 291850, 2, 5, 0, 40, 108, 14, 136, 19171, 49832, 361158