"filename", "language", "Python", "HTML", "MS SQL", "Properties", "Batch", "pip requirements", "PowerShell", "XML", "JavaScript", "reStructuredText", "Markdown", "JSON", "comment", "blank", "total"
"c:\Users\makib\Documents\EntornosVirtuales\BaseDeDatosSalonDeBelleza\.VSCodeCounter\2025-05-03_21-57-11\details.md", "Markdown", 0, 0, 0, 0, 0, 0, 0, 0, 0, 0, 909, 0, 0, 6, 915
"c:\Users\makib\Documents\EntornosVirtuales\BaseDeDatosSalonDeBelleza\.VSCodeCounter\2025-05-03_21-57-11\diff-details.md", "Markdown", 0, 0, 0, 0, 0, 0, 0, 0, 0, 0, 9, 0, 0, 6, 15
"c:\Users\makib\Documents\EntornosVirtuales\BaseDeDatosSalonDeBelleza\.VSCodeCounter\2025-05-03_21-57-11\diff.md", "Markdown", 0, 0, 0, 0, 0, 0, 0, 0, 0, 0, 12, 0, 0, 7, 19
"c:\Users\makib\Documents\EntornosVirtuales\BaseDeDatosSalonDeBelleza\.VSCodeCounter\2025-05-03_21-57-11\results.json", "JSON", 0, 0, 0, 0, 0, 0, 0, 0, 0, 0, 0, 1, 0, 0, 1
"c:\Users\makib\Documents\EntornosVirtuales\BaseDeDatosSalonDeBelleza\.VSCodeCounter\2025-05-03_21-57-11\results.md", "Markdown", 0, 0, 0, 0, 0, 0, 0, 0, 0, 0, 172, 0, 0, 7, 179
"c:\Users\makib\Documents\EntornosVirtuales\BaseDeDatosSalonDeBelleza\.VSCodeCounter\2025-05-05_12-37-28\details.md", "Markdown", 0, 0, 0, 0, 0, 0, 0, 0, 0, 0, 861, 0, 0, 6, 867
"c:\Users\makib\Documents\EntornosVirtuales\BaseDeDatosSalonDeBelleza\.VSCodeCounter\2025-05-05_12-37-28\diff-details.md", "Markdown", 0, 0, 0, 0, 0, 0, 0, 0, 0, 0, 122, 0, 0, 6, 128
"c:\Users\makib\Documents\EntornosVirtuales\BaseDeDatosSalonDeBelleza\.VSCodeCounter\2025-05-05_12-37-28\diff.md", "Markdown", 0, 0, 0, 0, 0, 0, 0, 0, 0, 0, 43, 0, 0, 7, 50
"c:\Users\makib\Documents\EntornosVirtuales\BaseDeDatosSalonDeBelleza\.VSCodeCounter\2025-05-05_12-37-28\results.json", "JSON", 0, 0, 0, 0, 0, 0, 0, 0, 0, 0, 0, 1, 0, 0, 1
"c:\Users\makib\Documents\EntornosVirtuales\BaseDeDatosSalonDeBelleza\.VSCodeCounter\2025-05-05_12-37-28\results.md", "Markdown", 0, 0, 0, 0, 0, 0, 0, 0, 0, 0, 166, 0, 0, 7, 173
"c:\Users\makib\Documents\EntornosVirtuales\BaseDeDatosSalonDeBelleza\.VSCodeCounter\2025-05-06_03-09-56\details.md", "Markdown", 0, 0, 0, 0, 0, 0, 0, 0, 0, 0, 940, 0, 0, 6, 946
"c:\Users\makib\Documents\EntornosVirtuales\BaseDeDatosSalonDeBelleza\.VSCodeCounter\2025-05-06_03-09-56\diff-details.md", "Markdown", 0, 0, 0, 0, 0, 0, 0, 0, 0, 0, 104, 0, 0, 6, 110
"c:\Users\makib\Documents\EntornosVirtuales\BaseDeDatosSalonDeBelleza\.VSCodeCounter\2025-05-06_03-09-56\diff.md", "Markdown", 0, 0, 0, 0, 0, 0, 0, 0, 0, 0, 36, 0, 0, 7, 43
"c:\Users\makib\Documents\EntornosVirtuales\BaseDeDatosSalonDeBelleza\.VSCodeCounter\2025-05-06_03-09-56\results.json", "JSON", 0, 0, 0, 0, 0, 0, 0, 0, 0, 0, 0, 1, 0, 0, 1
"c:\Users\makib\Documents\EntornosVirtuales\BaseDeDatosSalonDeBelleza\.VSCodeCounter\2025-05-06_03-09-56\results.md", "Markdown", 0, 0, 0, 0, 0, 0, 0, 0, 0, 0, 180, 0, 0, 7, 187
"c:\Users\makib\Documents\EntornosVirtuales\BaseDeDatosSalonDeBelleza\.VSCodeCounter\2025-05-15_20-12-39\details.md", "Markdown", 0, 0, 0, 0, 0, 0, 0, 0, 0, 0, 2222, 0, 0, 6, 2228
"c:\Users\makib\Documents\EntornosVirtuales\BaseDeDatosSalonDeBelleza\.VSCodeCounter\2025-05-15_20-12-39\diff-details.md", "Markdown", 0, 0, 0, 0, 0, 0, 0, 0, 0, 0, 1313, 0, 0, 6, 1319
"c:\Users\makib\Documents\EntornosVirtuales\BaseDeDatosSalonDeBelleza\.VSCodeCounter\2025-05-15_20-12-39\diff.md", "Markdown", 0, 0, 0, 0, 0, 0, 0, 0, 0, 0, 75, 0, 0, 7, 82
"c:\Users\makib\Documents\EntornosVirtuales\BaseDeDatosSalonDeBelleza\.VSCodeCounter\2025-05-15_20-12-39\results.json", "JSON", 0, 0, 0, 0, 0, 0, 0, 0, 0, 0, 0, 1, 0, 0, 1
"c:\Users\makib\Documents\EntornosVirtuales\BaseDeDatosSalonDeBelleza\.VSCodeCounter\2025-05-15_20-12-39\results.md", "Markdown", 0, 0, 0, 0, 0, 0, 0, 0, 0, 0, 232, 0, 0, 7, 239
"c:\Users\makib\Documents\EntornosVirtuales\BaseDeDatosSalonDeBelleza\build\main\xref-main.html", "HTML", 0, 7298, 0, 0, 0, 0, 0, 0, 0, 0, 0, 0, 0, 1540, 8838
"c:\Users\makib\Documents\EntornosVirtuales\BaseDeDatosSalonDeBelleza\database\conexion.py", "Python", 19, 0, 0, 0, 0, 0, 0, 0, 0, 0, 0, 0, 0, 2, 21
"c:\Users\makib\Documents\EntornosVirtuales\BaseDeDatosSalonDeBelleza\database\test_conexion.py", "Python", 0, 0, 0, 0, 0, 0, 0, 0, 0, 0, 0, 0, 0, 1, 1
"c:\Users\makib\Documents\EntornosVirtuales\BaseDeDatosSalonDeBelleza\main.py", "Python", 29, 0, 0, 0, 0, 0, 0, 0, 0, 0, 0, 0, 1, 9, 39
"c:\Users\makib\Documents\EntornosVirtuales\BaseDeDatosSalonDeBelleza\models\cita.py", "Python", 169, 0, 0, 0, 0, 0, 0, 0, 0, 0, 0, 0, 3, 36, 208
"c:\Users\makib\Documents\EntornosVirtuales\BaseDeDatosSalonDeBelleza\models\cliente.py", "Python", 62, 0, 0, 0, 0, 0, 0, 0, 0, 0, 0, 0, 2, 14, 78
"c:\Users\makib\Documents\EntornosVirtuales\BaseDeDatosSalonDeBelleza\models\empleado.py", "Python", 23, 0, 0, 0, 0, 0, 0, 0, 0, 0, 0, 0, 0, 1, 24
"c:\Users\makib\Documents\EntornosVirtuales\BaseDeDatosSalonDeBelleza\models\pago.py", "Python", 80, 0, 0, 0, 0, 0, 0, 0, 0, 0, 0, 0, 1, 13, 94
"c:\Users\makib\Documents\EntornosVirtuales\BaseDeDatosSalonDeBelleza\models\producto.py", "Python", 89, 0, 0, 0, 0, 0, 0, 0, 0, 0, 0, 0, 0, 13, 102
"c:\Users\makib\Documents\EntornosVirtuales\BaseDeDatosSalonDeBelleza\models\promocion.py", "Python", 83, 0, 0, 0, 0, 0, 0, 0, 0, 0, 0, 0, 0, 24, 107
"c:\Users\makib\Documents\EntornosVirtuales\BaseDeDatosSalonDeBelleza\models\servicio_model.py", "Python", 139, 0, 0, 0, 0, 0, 0, 0, 0, 0, 0, 0, 4, 32, 175
"c:\Users\makib\Documents\EntornosVirtuales\BaseDeDatosSalonDeBelleza\models\session.py", "Python", 2, 0, 0, 0, 0, 0, 0, 0, 0, 0, 0, 0, 0, 1, 3
"c:\Users\makib\Documents\EntornosVirtuales\BaseDeDatosSalonDeBelleza\models\usuario.py", "Python", 99, 0, 0, 0, 0, 0, 0, 0, 0, 0, 0, 0, 2, 24, 125
"c:\Users\makib\Documents\EntornosVirtuales\BaseDeDatosSalonDeBelleza\requirements.txt", "pip requirements", 0, 0, 0, 0, 0, 2, 0, 0, 0, 0, 0, 0, 0, 2, 4
"c:\Users\makib\Documents\EntornosVirtuales\BaseDeDatosSalonDeBelleza\sql\belleza_db_completa.sql", "MS SQL", 0, 0, 93, 0, 0, 0, 0, 0, 0, 0, 0, 0, 14, 13, 120
"c:\Users\makib\Documents\EntornosVirtuales\BaseDeDatosSalonDeBelleza\sql\datos_ejemplo.sql", "MS SQL", 0, 0, 0, 0, 0, 0, 0, 0, 0, 0, 0, 0, 0, 1, 1
"c:\Users\makib\Documents\EntornosVirtuales\BaseDeDatosSalonDeBelleza\test_login.py", "Python", 19, 0, 0, 0, 0, 0, 0, 0, 0, 0, 0, 0, 0, 4, 23
"c:\Users\makib\Documents\EntornosVirtuales\BaseDeDatosSalonDeBelleza\venv\Lib\site-packages\PyInstaller\__init__.py", "Python", 14, 0, 0, 0, 0, 0, 0, 0, 0, 0, 0, 0, 21, 10, 45
"c:\Users\makib\Documents\EntornosVirtuales\BaseDeDatosSalonDeBelleza\venv\Lib\site-packages\PyInstaller\__main__.py", "Python", 217, 0, 0, 0, 0, 0, 0, 0, 0, 0, 0, 0, 47, 58, 322
"c:\Users\makib\Documents\EntornosVirtuales\BaseDeDatosSalonDeBelleza\venv\Lib\site-packages\PyInstaller\_recursion_too_deep_message.py", "Python", 25, 0, 0, 0, 0, 0, 0, 0, 0, 0, 0, 0, 10, 11, 46
"c:\Users\makib\Documents\EntornosVirtuales\BaseDeDatosSalonDeBelleza\venv\Lib\site-packages\PyInstaller\_shared_with_waf.py", "Python", 50, 0, 0, 0, 0, 0, 0, 0, 0, 0, 0, 0, 25, 12, 87
"c:\Users\makib\Documents\EntornosVirtuales\BaseDeDatosSalonDeBelleza\venv\Lib\site-packages\PyInstaller\archive\__init__.py", "Python", 1, 0, 0, 0, 0, 0, 0, 0, 0, 0, 0, 0, 0, 1, 2
"c:\Users\makib\Documents\EntornosVirtuales\BaseDeDatosSalonDeBelleza\venv\Lib\site-packages\PyInstaller\archive\pyz_crypto.py", "Python", 4, 0, 0, 0, 0, 0, 0, 0, 0, 0, 0, 0, 10, 3, 17
"c:\Users\makib\Documents\EntornosVirtuales\BaseDeDatosSalonDeBelleza\venv\Lib\site-packages\PyInstaller\archive\readers.py", "Python", 141, 0, 0, 0, 0, 0, 0, 0, 0, 0, 0, 0, 54, 44, 239
"c:\Users\makib\Documents\EntornosVirtuales\BaseDeDatosSalonDeBelleza\venv\Lib\site-packages\PyInstaller\archive\writers.py", "Python", 268, 0, 0, 0, 0, 0, 0, 0, 0, 0, 0, 0, 95, 61, 424
"c:\Users\makib\Documents\EntornosVirtuales\BaseDeDatosSalonDeBelleza\venv\Lib\site-packages\PyInstaller\building\__init__.py", "Python", 0, 0, 0, 0, 0, 0, 0, 0, 0, 0, 0, 0, 1, 1, 2
"c:\Users\makib\Documents\EntornosVirtuales\BaseDeDatosSalonDeBelleza\venv\Lib\site-packages\PyInstaller\building\api.py", "Python", 928, 0, 0, 0, 0, 0, 0, 0, 0, 0, 0, 0, 253, 144, 1325
"c:\Users\makib\Documents\EntornosVirtuales\BaseDeDatosSalonDeBelleza\venv\Lib\site-packages\PyInstaller\building\build_main.py", "Python", 838, 0, 0, 0, 0, 0, 0, 0, 0, 0, 0, 0, 246, 187, 1271
"c:\Users\makib\Documents\EntornosVirtuales\BaseDeDatosSalonDeBelleza\venv\Lib\site-packages\PyInstaller\building\datastruct.py", "Python", 322, 0, 0, 0, 0, 0, 0, 0, 0, 0, 0, 0, 60, 78, 460
"c:\Users\makib\Documents\EntornosVirtuales\BaseDeDatosSalonDeBelleza\venv\Lib\site-packages\PyInstaller\building\icon.py", "Python", 56, 0, 0, 0, 0, 0, 0, 0, 0, 0, 0, 0, 20, 15, 91
"c:\Users\makib\Documents\EntornosVirtuales\BaseDeDatosSalonDeBelleza\venv\Lib\site-packages\PyInstaller\building\makespec.py", "Python", 745, 0, 0, 0, 0, 0, 0, 0, 0, 0, 0, 0, 89, 76, 910
"c:\Users\makib\Documents\EntornosVirtuales\BaseDeDatosSalonDeBelleza\venv\Lib\site-packages\PyInstaller\building\osx.py", "Python", 335, 0, 0, 0, 0, 0, 0, 0, 0, 0, 0, 0, 316, 86, 737
"c:\Users\makib\Documents\EntornosVirtuales\BaseDeDatosSalonDeBelleza\venv\Lib\site-packages\PyInstaller\building\splash.py", "Python", 327, 0, 0, 0, 0, 0, 0, 0, 0, 0, 0, 0, 71, 60, 458
"c:\Users\makib\Documents\EntornosVirtuales\BaseDeDatosSalonDeBelleza\venv\Lib\site-packages\PyInstaller\building\splash_templates.py", "Python", 136, 0, 0, 0, 0, 0, 0, 0, 0, 0, 0, 0, 60, 34, 230
"c:\Users\makib\Documents\EntornosVirtuales\BaseDeDatosSalonDeBelleza\venv\Lib\site-packages\PyInstaller\building\templates.py", "Python", 109, 0, 0, 0, 0, 0, 0, 0, 0, 0, 0, 0, 10, 8, 127
"c:\Users\makib\Documents\EntornosVirtuales\BaseDeDatosSalonDeBelleza\venv\Lib\site-packages\PyInstaller\building\utils.py", "Python", 554, 0, 0, 0, 0, 0, 0, 0, 0, 0, 0, 0, 159, 122, 835
"c:\Users\makib\Documents\EntornosVirtuales\BaseDeDatosSalonDeBelleza\venv\Lib\site-packages\PyInstaller\compat.py", "Python", 499, 0, 0, 0, 0, 0, 0, 0, 0, 0, 0, 0, 157, 114, 770
"c:\Users\makib\Documents\EntornosVirtuales\BaseDeDatosSalonDeBelleza\venv\Lib\site-packages\PyInstaller\config.py", "Python", 30, 0, 0, 0, 0, 0, 0, 0, 0, 0, 0, 0, 12, 15, 57
"c:\Users\makib\Documents\EntornosVirtuales\BaseDeDatosSalonDeBelleza\venv\Lib\site-packages\PyInstaller\configure.py", "Python", 72, 0, 0, 0, 0, 0, 0, 0, 0, 0, 0, 0, 19, 17, 108
"c:\Users\makib\Documents\EntornosVirtuales\BaseDeDatosSalonDeBelleza\venv\Lib\site-packages\PyInstaller\depend\__init__.py", "Python", 0, 0, 0, 0, 0, 0, 0, 0, 0, 0, 0, 0, 1, 1, 2
"c:\Users\makib\Documents\EntornosVirtuales\BaseDeDatosSalonDeBelleza\venv\Lib\site-packages\PyInstaller\depend\analysis.py", "Python", 685, 0, 0, 0, 0, 0, 0, 0, 0, 0, 0, 0, 185, 133, 1003
"c:\Users\makib\Documents\EntornosVirtuales\BaseDeDatosSalonDeBelleza\venv\Lib\site-packages\PyInstaller\depend\bindepend.py", "Python", 569, 0, 0, 0, 0, 0, 0, 0, 0, 0, 0, 0, 245, 164, 978
"c:\Users\makib\Documents\EntornosVirtuales\BaseDeDatosSalonDeBelleza\venv\Lib\site-packages\PyInstaller\depend\bytecode.py", "Python", 213, 0, 0, 0, 0, 0, 0, 0, 0, 0, 0, 0, 70, 64, 347
"c:\Users\makib\Documents\EntornosVirtuales\BaseDeDatosSalonDeBelleza\venv\Lib\site-packages\PyInstaller\depend\dylib.py", "Python", 224, 0, 0, 0, 0, 0, 0, 0, 0, 0, 0, 0, 100, 47, 371
"c:\Users\makib\Documents\EntornosVirtuales\BaseDeDatosSalonDeBelleza\venv\Lib\site-packages\PyInstaller\depend\imphook.py", "Python", 373, 0, 0, 0, 0, 0, 0, 0, 0, 0, 0, 0, 110, 100, 583
"c:\Users\makib\Documents\EntornosVirtuales\BaseDeDatosSalonDeBelleza\venv\Lib\site-packages\PyInstaller\depend\imphookapi.py", "Python", 365, 0, 0, 0, 0, 0, 0, 0, 0, 0, 0, 0, 33, 89, 487
"c:\Users\makib\Documents\EntornosVirtuales\BaseDeDatosSalonDeBelleza\venv\Lib\site-packages\PyInstaller\depend\utils.py", "Python", 225, 0, 0, 0, 0, 0, 0, 0, 0, 0, 0, 0, 70, 50, 345
"c:\Users\makib\Documents\EntornosVirtuales\BaseDeDatosSalonDeBelleza\venv\Lib\site-packages\PyInstaller\exceptions.py", "Python", 52, 0, 0, 0, 0, 0, 0, 0, 0, 0, 0, 0, 10, 23, 85
"c:\Users\makib\Documents\EntornosVirtuales\BaseDeDatosSalonDeBelleza\venv\Lib\site-packages\PyInstaller\fake-modules\_pyi_rth_utils\__init__.py", "Python", 17, 0, 0, 0, 0, 0, 0, 0, 0, 0, 0, 0, 15, 5, 37
"c:\Users\makib\Documents\EntornosVirtuales\BaseDeDatosSalonDeBelleza\venv\Lib\site-packages\PyInstaller\fake-modules\_pyi_rth_utils\_win32.py", "Python", 218, 0, 0, 0, 0, 0, 0, 0, 0, 0, 0, 0, 49, 67, 334
"c:\Users\makib\Documents\EntornosVirtuales\BaseDeDatosSalonDeBelleza\venv\Lib\site-packages\PyInstaller\fake-modules\_pyi_rth_utils\qt.py", "Python", 67, 0, 0, 0, 0, 0, 0, 0, 0, 0, 0, 0, 34, 18, 119
"c:\Users\makib\Documents\EntornosVirtuales\BaseDeDatosSalonDeBelleza\venv\Lib\site-packages\PyInstaller\fake-modules\_pyi_rth_utils\tempfile.py", "Python", 32, 0, 0, 0, 0, 0, 0, 0, 0, 0, 0, 0, 15, 10, 57
"c:\Users\makib\Documents\EntornosVirtuales\BaseDeDatosSalonDeBelleza\venv\Lib\site-packages\PyInstaller\fake-modules\pyi_splash.py", "Python", 132, 0, 0, 0, 0, 0, 0, 0, 0, 0, 0, 0, 33, 47, 212
"c:\Users\makib\Documents\EntornosVirtuales\BaseDeDatosSalonDeBelleza\venv\Lib\site-packages\PyInstaller\hooks\__init__.py", "Python", 0, 0, 0, 0, 0, 0, 0, 0, 0, 0, 0, 0, 1, 1, 2
"c:\Users\makib\Documents\EntornosVirtuales\BaseDeDatosSalonDeBelleza\venv\Lib\site-packages\PyInstaller\hooks\hook-PIL.Image.py", "Python", 2, 0, 0, 0, 0, 0, 0, 0, 0, 0, 0, 0, 12, 4, 18
"c:\Users\makib\Documents\EntornosVirtuales\BaseDeDatosSalonDeBelleza\venv\Lib\site-packages\PyInstaller\hooks\hook-PIL.ImageFilter.py", "Python", 1, 0, 0, 0, 0, 0, 0, 0, 0, 0, 0, 0, 11, 2, 14
"c:\Users\makib\Documents\EntornosVirtuales\BaseDeDatosSalonDeBelleza\venv\Lib\site-packages\PyInstaller\hooks\hook-PIL.SpiderImagePlugin.py", "Python", 1, 0, 0, 0, 0, 0, 0, 0, 0, 0, 0, 0, 12, 2, 15
"c:\Users\makib\Documents\EntornosVirtuales\BaseDeDatosSalonDeBelleza\venv\Lib\site-packages\PyInstaller\hooks\hook-PIL.py", "Python", 2, 0, 0, 0, 0, 0, 0, 0, 0, 0, 0, 0, 16, 4, 22
"c:\Users\makib\Documents\EntornosVirtuales\BaseDeDatosSalonDeBelleza\venv\Lib\site-packages\PyInstaller\hooks\hook-PyQt5.QAxContainer.py", "Python", 2, 0, 0, 0, 0, 0, 0, 0, 0, 0, 0, 0, 10, 3, 15
"c:\Users\makib\Documents\EntornosVirtuales\BaseDeDatosSalonDeBelleza\venv\Lib\site-packages\PyInstaller\hooks\hook-PyQt5.Qsci.py", "Python", 2, 0, 0, 0, 0, 0, 0, 0, 0, 0, 0, 0, 10, 3, 15
"c:\Users\makib\Documents\EntornosVirtuales\BaseDeDatosSalonDeBelleza\venv\Lib\site-packages\PyInstaller\hooks\hook-PyQt5.Qt.py", "Python", 11, 0, 0, 0, 0, 0, 0, 0, 0, 0, 0, 0, 15, 4, 30
"c:\Users\makib\Documents\EntornosVirtuales\BaseDeDatosSalonDeBelleza\venv\Lib\site-packages\PyInstaller\hooks\hook-PyQt5.Qt3DAnimation.py", "Python", 2, 0, 0, 0, 0, 0, 0, 0, 0, 0, 0, 0, 10, 3, 15
"c:\Users\makib\Documents\EntornosVirtuales\BaseDeDatosSalonDeBelleza\venv\Lib\site-packages\PyInstaller\hooks\hook-PyQt5.Qt3DCore.py", "Python", 2, 0, 0, 0, 0, 0, 0, 0, 0, 0, 0, 0, 10, 3, 15
"c:\Users\makib\Documents\EntornosVirtuales\BaseDeDatosSalonDeBelleza\venv\Lib\site-packages\PyInstaller\hooks\hook-PyQt5.Qt3DExtras.py", "Python", 2, 0, 0, 0, 0, 0, 0, 0, 0, 0, 0, 0, 10, 3, 15
"c:\Users\makib\Documents\EntornosVirtuales\BaseDeDatosSalonDeBelleza\venv\Lib\site-packages\PyInstaller\hooks\hook-PyQt5.Qt3DInput.py", "Python", 2, 0, 0, 0, 0, 0, 0, 0, 0, 0, 0, 0, 10, 3, 15
"c:\Users\makib\Documents\EntornosVirtuales\BaseDeDatosSalonDeBelleza\venv\Lib\site-packages\PyInstaller\hooks\hook-PyQt5.Qt3DLogic.py", "Python", 2, 0, 0, 0, 0, 0, 0, 0, 0, 0, 0, 0, 10, 3, 15
"c:\Users\makib\Documents\EntornosVirtuales\BaseDeDatosSalonDeBelleza\venv\Lib\site-packages\PyInstaller\hooks\hook-PyQt5.Qt3DRender.py", "Python", 2, 0, 0, 0, 0, 0, 0, 0, 0, 0, 0, 0, 10, 3, 15
"c:\Users\makib\Documents\EntornosVirtuales\BaseDeDatosSalonDeBelleza\venv\Lib\site-packages\PyInstaller\hooks\hook-PyQt5.QtBluetooth.py", "Python", 2, 0, 0, 0, 0, 0, 0, 0, 0, 0, 0, 0, 10, 3, 15
"c:\Users\makib\Documents\EntornosVirtuales\BaseDeDatosSalonDeBelleza\venv\Lib\site-packages\PyInstaller\hooks\hook-PyQt5.QtChart.py", "Python", 2, 0, 0, 0, 0, 0, 0, 0, 0, 0, 0, 0, 10, 3, 15
"c:\Users\makib\Documents\EntornosVirtuales\BaseDeDatosSalonDeBelleza\venv\Lib\site-packages\PyInstaller\hooks\hook-PyQt5.QtCore.py", "Python", 2, 0, 0, 0, 0, 0, 0, 0, 0, 0, 0, 0, 10, 3, 15
"c:\Users\makib\Documents\EntornosVirtuales\BaseDeDatosSalonDeBelleza\venv\Lib\site-packages\PyInstaller\hooks\hook-PyQt5.QtDBus.py", "Python", 2, 0, 0, 0, 0, 0, 0, 0, 0, 0, 0, 0, 10, 3, 15
"c:\Users\makib\Documents\EntornosVirtuales\BaseDeDatosSalonDeBelleza\venv\Lib\site-packages\PyInstaller\hooks\hook-PyQt5.QtDataVisualization.py", "Python", 2, 0, 0, 0, 0, 0, 0, 0, 0, 0, 0, 0, 10, 3, 15
"c:\Users\makib\Documents\EntornosVirtuales\BaseDeDatosSalonDeBelleza\venv\Lib\site-packages\PyInstaller\hooks\hook-PyQt5.QtDesigner.py", "Python", 2, 0, 0, 0, 0, 0, 0, 0, 0, 0, 0, 0, 10, 3, 15
"c:\Users\makib\Documents\EntornosVirtuales\BaseDeDatosSalonDeBelleza\venv\Lib\site-packages\PyInstaller\hooks\hook-PyQt5.QtGui.py", "Python", 2, 0, 0, 0, 0, 0, 0, 0, 0, 0, 0, 0, 10, 3, 15
"c:\Users\makib\Documents\EntornosVirtuales\BaseDeDatosSalonDeBelleza\venv\Lib\site-packages\PyInstaller\hooks\hook-PyQt5.QtHelp.py", "Python", 2, 0, 0, 0, 0, 0, 0, 0, 0, 0, 0, 0, 10, 3, 15
"c:\Users\makib\Documents\EntornosVirtuales\BaseDeDatosSalonDeBelleza\venv\Lib\site-packages\PyInstaller\hooks\hook-PyQt5.QtLocation.py", "Python", 2, 0, 0, 0, 0, 0, 0, 0, 0, 0, 0, 0, 10, 3, 15
"c:\Users\makib\Documents\EntornosVirtuales\BaseDeDatosSalonDeBelleza\venv\Lib\site-packages\PyInstaller\hooks\hook-PyQt5.QtMacExtras.py", "Python", 2, 0, 0, 0, 0, 0, 0, 0, 0, 0, 0, 0, 10, 3, 15
"c:\Users\makib\Documents\EntornosVirtuales\BaseDeDatosSalonDeBelleza\venv\Lib\site-packages\PyInstaller\hooks\hook-PyQt5.QtMultimedia.py", "Python", 2, 0, 0, 0, 0, 0, 0, 0, 0, 0, 0, 0, 10, 3, 15
"c:\Users\makib\Documents\EntornosVirtuales\BaseDeDatosSalonDeBelleza\venv\Lib\site-packages\PyInstaller\hooks\hook-PyQt5.QtMultimediaWidgets.py", "Python", 2, 0, 0, 0, 0, 0, 0, 0, 0, 0, 0, 0, 10, 3, 15
"c:\Users\makib\Documents\EntornosVirtuales\BaseDeDatosSalonDeBelleza\venv\Lib\site-packages\PyInstaller\hooks\hook-PyQt5.QtNetwork.py", "Python", 3, 0, 0, 0, 0, 0, 0, 0, 0, 0, 0, 0, 10, 3, 16
"c:\Users\makib\Documents\EntornosVirtuales\BaseDeDatosSalonDeBelleza\venv\Lib\site-packages\PyInstaller\hooks\hook-PyQt5.QtNetworkAuth.py", "Python", 2, 0, 0, 0, 0, 0, 0, 0, 0, 0, 0, 0, 10, 3, 15
"c:\Users\makib\Documents\EntornosVirtuales\BaseDeDatosSalonDeBelleza\venv\Lib\site-packages\PyInstaller\hooks\hook-PyQt5.QtNfc.py", "Python", 2, 0, 0, 0, 0, 0, 0, 0, 0, 0, 0, 0, 10, 3, 15
"c:\Users\makib\Documents\EntornosVirtuales\BaseDeDatosSalonDeBelleza\venv\Lib\site-packages\PyInstaller\hooks\hook-PyQt5.QtOpenGL.py", "Python", 2, 0, 0, 0, 0, 0, 0, 0, 0, 0, 0, 0, 10, 3, 15
"c:\Users\makib\Documents\EntornosVirtuales\BaseDeDatosSalonDeBelleza\venv\Lib\site-packages\PyInstaller\hooks\hook-PyQt5.QtPositioning.py", "Python", 2, 0, 0, 0, 0, 0, 0, 0, 0, 0, 0, 0, 10, 3, 15
"c:\Users\makib\Documents\EntornosVirtuales\BaseDeDatosSalonDeBelleza\venv\Lib\site-packages\PyInstaller\hooks\hook-PyQt5.QtPrintSupport.py", "Python", 2, 0, 0, 0, 0, 0, 0, 0, 0, 0, 0, 0, 10, 3, 15
"c:\Users\makib\Documents\EntornosVirtuales\BaseDeDatosSalonDeBelleza\venv\Lib\site-packages\PyInstaller\hooks\hook-PyQt5.QtPurchasing.py", "Python", 2, 0, 0, 0, 0, 0, 0, 0, 0, 0, 0, 0, 10, 3, 15
"c:\Users\makib\Documents\EntornosVirtuales\BaseDeDatosSalonDeBelleza\venv\Lib\site-packages\PyInstaller\hooks\hook-PyQt5.QtQml.py", "Python", 5, 0, 0, 0, 0, 0, 0, 0, 0, 0, 0, 0, 10, 3, 18
"c:\Users\makib\Documents\EntornosVirtuales\BaseDeDatosSalonDeBelleza\venv\Lib\site-packages\PyInstaller\hooks\hook-PyQt5.QtQuick.py", "Python", 2, 0, 0, 0, 0, 0, 0, 0, 0, 0, 0, 0, 10, 3, 15
"c:\Users\makib\Documents\EntornosVirtuales\BaseDeDatosSalonDeBelleza\venv\Lib\site-packages\PyInstaller\hooks\hook-PyQt5.QtQuick3D.py", "Python", 2, 0, 0, 0, 0, 0, 0, 0, 0, 0, 0, 0, 10, 3, 15
"c:\Users\makib\Documents\EntornosVirtuales\BaseDeDatosSalonDeBelleza\venv\Lib\site-packages\PyInstaller\hooks\hook-PyQt5.QtQuickWidgets.py", "Python", 2, 0, 0, 0, 0, 0, 0, 0, 0, 0, 0, 0, 10, 3, 15
"c:\Users\makib\Documents\EntornosVirtuales\BaseDeDatosSalonDeBelleza\venv\Lib\site-packages\PyInstaller\hooks\hook-PyQt5.QtRemoteObjects.py", "Python", 2, 0, 0, 0, 0, 0, 0, 0, 0, 0, 0, 0, 10, 3, 15
"c:\Users\makib\Documents\EntornosVirtuales\BaseDeDatosSalonDeBelleza\venv\Lib\site-packages\PyInstaller\hooks\hook-PyQt5.QtScript.py", "Python", 2, 0, 0, 0, 0, 0, 0, 0, 0, 0, 0, 0, 10, 3, 15
"c:\Users\makib\Documents\EntornosVirtuales\BaseDeDatosSalonDeBelleza\venv\Lib\site-packages\PyInstaller\hooks\hook-PyQt5.QtSensors.py", "Python", 2, 0, 0, 0, 0, 0, 0, 0, 0, 0, 0, 0, 10, 3, 15
"c:\Users\makib\Documents\EntornosVirtuales\BaseDeDatosSalonDeBelleza\venv\Lib\site-packages\PyInstaller\hooks\hook-PyQt5.QtSerialPort.py", "Python", 2, 0, 0, 0, 0, 0, 0, 0, 0, 0, 0, 0, 10, 3, 15
"c:\Users\makib\Documents\EntornosVirtuales\BaseDeDatosSalonDeBelleza\venv\Lib\site-packages\PyInstaller\hooks\hook-PyQt5.QtSql.py", "Python", 2, 0, 0, 0, 0, 0, 0, 0, 0, 0, 0, 0, 10, 3, 15
"c:\Users\makib\Documents\EntornosVirtuales\BaseDeDatosSalonDeBelleza\venv\Lib\site-packages\PyInstaller\hooks\hook-PyQt5.QtSvg.py", "Python", 2, 0, 0, 0, 0, 0, 0, 0, 0, 0, 0, 0, 10, 3, 15
"c:\Users\makib\Documents\EntornosVirtuales\BaseDeDatosSalonDeBelleza\venv\Lib\site-packages\PyInstaller\hooks\hook-PyQt5.QtTest.py", "Python", 2, 0, 0, 0, 0, 0, 0, 0, 0, 0, 0, 0, 10, 3, 15
"c:\Users\makib\Documents\EntornosVirtuales\BaseDeDatosSalonDeBelleza\venv\Lib\site-packages\PyInstaller\hooks\hook-PyQt5.QtTextToSpeech.py", "Python", 2, 0, 0, 0, 0, 0, 0, 0, 0, 0, 0, 0, 10, 3, 15
"c:\Users\makib\Documents\EntornosVirtuales\BaseDeDatosSalonDeBelleza\venv\Lib\site-packages\PyInstaller\hooks\hook-PyQt5.QtWebChannel.py", "Python", 2, 0, 0, 0, 0, 0, 0, 0, 0, 0, 0, 0, 10, 3, 15
"c:\Users\makib\Documents\EntornosVirtuales\BaseDeDatosSalonDeBelleza\venv\Lib\site-packages\PyInstaller\hooks\hook-PyQt5.QtWebEngine.py", "Python", 2, 0, 0, 0, 0, 0, 0, 0, 0, 0, 0, 0, 10, 3, 15
"c:\Users\makib\Documents\EntornosVirtuales\BaseDeDatosSalonDeBelleza\venv\Lib\site-packages\PyInstaller\hooks\hook-PyQt5.QtWebEngineCore.py", "Python", 7, 0, 0, 0, 0, 0, 0, 0, 0, 0, 0, 0, 12, 4, 23
"c:\Users\makib\Documents\EntornosVirtuales\BaseDeDatosSalonDeBelleza\venv\Lib\site-packages\PyInstaller\hooks\hook-PyQt5.QtWebEngineWidgets.py", "Python", 2, 0, 0, 0, 0, 0, 0, 0, 0, 0, 0, 0, 10, 3, 15
"c:\Users\makib\Documents\EntornosVirtuales\BaseDeDatosSalonDeBelleza\venv\Lib\site-packages\PyInstaller\hooks\hook-PyQt5.QtWebKit.py", "Python", 2, 0, 0, 0, 0, 0, 0, 0, 0, 0, 0, 0, 10, 3, 15
"c:\Users\makib\Documents\EntornosVirtuales\BaseDeDatosSalonDeBelleza\venv\Lib\site-packages\PyInstaller\hooks\hook-PyQt5.QtWebKitWidgets.py", "Python", 2, 0, 0, 0, 0, 0, 0, 0, 0, 0, 0, 0, 10, 3, 15
"c:\Users\makib\Documents\EntornosVirtuales\BaseDeDatosSalonDeBelleza\venv\Lib\site-packages\PyInstaller\hooks\hook-PyQt5.QtWebSockets.py", "Python", 2, 0, 0, 0, 0, 0, 0, 0, 0, 0, 0, 0, 10, 3, 15
"c:\Users\makib\Documents\EntornosVirtuales\BaseDeDatosSalonDeBelleza\venv\Lib\site-packages\PyInstaller\hooks\hook-PyQt5.QtWidgets.py", "Python", 2, 0, 0, 0, 0, 0, 0, 0, 0, 0, 0, 0, 10, 3, 15
"c:\Users\makib\Documents\EntornosVirtuales\BaseDeDatosSalonDeBelleza\venv\Lib\site-packages\PyInstaller\hooks\hook-PyQt5.QtWinExtras.py", "Python", 2, 0, 0, 0, 0, 0, 0, 0, 0, 0, 0, 0, 10, 3, 15
"c:\Users\makib\Documents\EntornosVirtuales\BaseDeDatosSalonDeBelleza\venv\Lib\site-packages\PyInstaller\hooks\hook-PyQt5.QtX11Extras.py", "Python", 2, 0, 0, 0, 0, 0, 0, 0, 0, 0, 0, 0, 10, 3, 15
"c:\Users\makib\Documents\EntornosVirtuales\BaseDeDatosSalonDeBelleza\venv\Lib\site-packages\PyInstaller\hooks\hook-PyQt5.QtXml.py", "Python", 2, 0, 0, 0, 0, 0, 0, 0, 0, 0, 0, 0, 10, 3, 15
"c:\Users\makib\Documents\EntornosVirtuales\BaseDeDatosSalonDeBelleza\venv\Lib\site-packages\PyInstaller\hooks\hook-PyQt5.QtXmlPatterns.py", "Python", 2, 0, 0, 0, 0, 0, 0, 0, 0, 0, 0, 0, 10, 3, 15
"c:\Users\makib\Documents\EntornosVirtuales\BaseDeDatosSalonDeBelleza\venv\Lib\site-packages\PyInstaller\hooks\hook-PyQt5.py", "Python", 9, 0, 0, 0, 0, 0, 0, 0, 0, 0, 0, 0, 16, 5, 30
"c:\Users\makib\Documents\EntornosVirtuales\BaseDeDatosSalonDeBelleza\venv\Lib\site-packages\PyInstaller\hooks\hook-PyQt5.uic.py", "Python", 2, 0, 0, 0, 0, 0, 0, 0, 0, 0, 0, 0, 13, 3, 18
"c:\Users\makib\Documents\EntornosVirtuales\BaseDeDatosSalonDeBelleza\venv\Lib\site-packages\PyInstaller\hooks\hook-PyQt6.QAxContainer.py", "Python", 2, 0, 0, 0, 0, 0, 0, 0, 0, 0, 0, 0, 10, 3, 15
"c:\Users\makib\Documents\EntornosVirtuales\BaseDeDatosSalonDeBelleza\venv\Lib\site-packages\PyInstaller\hooks\hook-PyQt6.Qsci.py", "Python", 2, 0, 0, 0, 0, 0, 0, 0, 0, 0, 0, 0, 10, 3, 15
"c:\Users\makib\Documents\EntornosVirtuales\BaseDeDatosSalonDeBelleza\venv\Lib\site-packages\PyInstaller\hooks\hook-PyQt6.Qt3DAnimation.py", "Python", 2, 0, 0, 0, 0, 0, 0, 0, 0, 0, 0, 0, 10, 3, 15
"c:\Users\makib\Documents\EntornosVirtuales\BaseDeDatosSalonDeBelleza\venv\Lib\site-packages\PyInstaller\hooks\hook-PyQt6.Qt3DCore.py", "Python", 2, 0, 0, 0, 0, 0, 0, 0, 0, 0, 0, 0, 10, 3, 15
"c:\Users\makib\Documents\EntornosVirtuales\BaseDeDatosSalonDeBelleza\venv\Lib\site-packages\PyInstaller\hooks\hook-PyQt6.Qt3DExtras.py", "Python", 2, 0, 0, 0, 0, 0, 0, 0, 0, 0, 0, 0, 10, 3, 15
"c:\Users\makib\Documents\EntornosVirtuales\BaseDeDatosSalonDeBelleza\venv\Lib\site-packages\PyInstaller\hooks\hook-PyQt6.Qt3DInput.py", "Python", 2, 0, 0, 0, 0, 0, 0, 0, 0, 0, 0, 0, 10, 3, 15
"c:\Users\makib\Documents\EntornosVirtuales\BaseDeDatosSalonDeBelleza\venv\Lib\site-packages\PyInstaller\hooks\hook-PyQt6.Qt3DLogic.py", "Python", 2, 0, 0, 0, 0, 0, 0, 0, 0, 0, 0, 0, 10, 3, 15
"c:\Users\makib\Documents\EntornosVirtuales\BaseDeDatosSalonDeBelleza\venv\Lib\site-packages\PyInstaller\hooks\hook-PyQt6.Qt3DRender.py", "Python", 3, 0, 0, 0, 0, 0, 0, 0, 0, 0, 0, 0, 10, 4, 17
"c:\Users\makib\Documents\EntornosVirtuales\BaseDeDatosSalonDeBelleza\venv\Lib\site-packages\PyInstaller\hooks\hook-PyQt6.QtBluetooth.py", "Python", 2, 0, 0, 0, 0, 0, 0, 0, 0, 0, 0, 0, 10, 3, 15
"c:\Users\makib\Documents\EntornosVirtuales\BaseDeDatosSalonDeBelleza\venv\Lib\site-packages\PyInstaller\hooks\hook-PyQt6.QtCharts.py", "Python", 2, 0, 0, 0, 0, 0, 0, 0, 0, 0, 0, 0, 10, 3, 15
"c:\Users\makib\Documents\EntornosVirtuales\BaseDeDatosSalonDeBelleza\venv\Lib\site-packages\PyInstaller\hooks\hook-PyQt6.QtCore.py", "Python", 2, 0, 0, 0, 0, 0, 0, 0, 0, 0, 0, 0, 10, 3, 15
"c:\Users\makib\Documents\EntornosVirtuales\BaseDeDatosSalonDeBelleza\venv\Lib\site-packages\PyInstaller\hooks\hook-PyQt6.QtDBus.py", "Python", 2, 0, 0, 0, 0, 0, 0, 0, 0, 0, 0, 0, 10, 3, 15
"c:\Users\makib\Documents\EntornosVirtuales\BaseDeDatosSalonDeBelleza\venv\Lib\site-packages\PyInstaller\hooks\hook-PyQt6.QtDataVisualization.py", "Python", 2, 0, 0, 0, 0, 0, 0, 0, 0, 0, 0, 0, 10, 3, 15
"c:\Users\makib\Documents\EntornosVirtuales\BaseDeDatosSalonDeBelleza\venv\Lib\site-packages\PyInstaller\hooks\hook-PyQt6.QtDesigner.py", "Python", 2, 0, 0, 0, 0, 0, 0, 0, 0, 0, 0, 0, 10, 3, 15
"c:\Users\makib\Documents\EntornosVirtuales\BaseDeDatosSalonDeBelleza\venv\Lib\site-packages\PyInstaller\hooks\hook-PyQt6.QtGraphs.py", "Python", 3, 0, 0, 0, 0, 0, 0, 0, 0, 0, 0, 0, 11, 4, 18
"c:\Users\makib\Documents\EntornosVirtuales\BaseDeDatosSalonDeBelleza\venv\Lib\site-packages\PyInstaller\hooks\hook-PyQt6.QtGraphsWidgets.py", "Python", 3, 0, 0, 0, 0, 0, 0, 0, 0, 0, 0, 0, 11, 4, 18
"c:\Users\makib\Documents\EntornosVirtuales\BaseDeDatosSalonDeBelleza\venv\Lib\site-packages\PyInstaller\hooks\hook-PyQt6.QtGui.py", "Python", 2, 0, 0, 0, 0, 0, 0, 0, 0, 0, 0, 0, 10, 3, 15
"c:\Users\makib\Documents\EntornosVirtuales\BaseDeDatosSalonDeBelleza\venv\Lib\site-packages\PyInstaller\hooks\hook-PyQt6.QtHelp.py", "Python", 2, 0, 0, 0, 0, 0, 0, 0, 0, 0, 0, 0, 10, 3, 15
"c:\Users\makib\Documents\EntornosVirtuales\BaseDeDatosSalonDeBelleza\venv\Lib\site-packages\PyInstaller\hooks\hook-PyQt6.QtMultimedia.py", "Python", 2, 0, 0, 0, 0, 0, 0, 0, 0, 0, 0, 0, 10, 3, 15
"c:\Users\makib\Documents\EntornosVirtuales\BaseDeDatosSalonDeBelleza\venv\Lib\site-packages\PyInstaller\hooks\hook-PyQt6.QtMultimediaWidgets.py", "Python", 2, 0, 0, 0, 0, 0, 0, 0, 0, 0, 0, 0, 10, 3, 15
"c:\Users\makib\Documents\EntornosVirtuales\BaseDeDatosSalonDeBelleza\venv\Lib\site-packages\PyInstaller\hooks\hook-PyQt6.QtNetwork.py", "Python", 3, 0, 0, 0, 0, 0, 0, 0, 0, 0, 0, 0, 10, 3, 16
"c:\Users\makib\Documents\EntornosVirtuales\BaseDeDatosSalonDeBelleza\venv\Lib\site-packages\PyInstaller\hooks\hook-PyQt6.QtNetworkAuth.py", "Python", 2, 0, 0, 0, 0, 0, 0, 0, 0, 0, 0, 0, 10, 3, 15
"c:\Users\makib\Documents\EntornosVirtuales\BaseDeDatosSalonDeBelleza\venv\Lib\site-packages\PyInstaller\hooks\hook-PyQt6.QtNfc.py", "Python", 2, 0, 0, 0, 0, 0, 0, 0, 0, 0, 0, 0, 10, 3, 15
"c:\Users\makib\Documents\EntornosVirtuales\BaseDeDatosSalonDeBelleza\venv\Lib\site-packages\PyInstaller\hooks\hook-PyQt6.QtOpenGL.py", "Python", 2, 0, 0, 0, 0, 0, 0, 0, 0, 0, 0, 0, 10, 3, 15
"c:\Users\makib\Documents\EntornosVirtuales\BaseDeDatosSalonDeBelleza\venv\Lib\site-packages\PyInstaller\hooks\hook-PyQt6.QtOpenGLWidgets.py", "Python", 2, 0, 0, 0, 0, 0, 0, 0, 0, 0, 0, 0, 10, 3, 15
"c:\Users\makib\Documents\EntornosVirtuales\BaseDeDatosSalonDeBelleza\venv\Lib\site-packages\PyInstaller\hooks\hook-PyQt6.QtPdf.py", "Python", 2, 0, 0, 0, 0, 0, 0, 0, 0, 0, 0, 0, 10, 3, 15
"c:\Users\makib\Documents\EntornosVirtuales\BaseDeDatosSalonDeBelleza\venv\Lib\site-packages\PyInstaller\hooks\hook-PyQt6.QtPdfWidgets.py", "Python", 2, 0, 0, 0, 0, 0, 0, 0, 0, 0, 0, 0, 10, 3, 15
"c:\Users\makib\Documents\EntornosVirtuales\BaseDeDatosSalonDeBelleza\venv\Lib\site-packages\PyInstaller\hooks\hook-PyQt6.QtPositioning.py", "Python", 2, 0, 0, 0, 0, 0, 0, 0, 0, 0, 0, 0, 10, 3, 15
"c:\Users\makib\Documents\EntornosVirtuales\BaseDeDatosSalonDeBelleza\venv\Lib\site-packages\PyInstaller\hooks\hook-PyQt6.QtPrintSupport.py", "Python", 2, 0, 0, 0, 0, 0, 0, 0, 0, 0, 0, 0, 10, 3, 15
"c:\Users\makib\Documents\EntornosVirtuales\BaseDeDatosSalonDeBelleza\venv\Lib\site-packages\PyInstaller\hooks\hook-PyQt6.QtQml.py", "Python", 5, 0, 0, 0, 0, 0, 0, 0, 0, 0, 0, 0, 10, 3, 18
"c:\Users\makib\Documents\EntornosVirtuales\BaseDeDatosSalonDeBelleza\venv\Lib\site-packages\PyInstaller\hooks\hook-PyQt6.QtQuick.py", "Python", 2, 0, 0, 0, 0, 0, 0, 0, 0, 0, 0, 0, 10, 3, 15
"c:\Users\makib\Documents\EntornosVirtuales\BaseDeDatosSalonDeBelleza\venv\Lib\site-packages\PyInstaller\hooks\hook-PyQt6.QtQuick3D.py", "Python", 2, 0, 0, 0, 0, 0, 0, 0, 0, 0, 0, 0, 10, 3, 15
"c:\Users\makib\Documents\EntornosVirtuales\BaseDeDatosSalonDeBelleza\venv\Lib\site-packages\PyInstaller\hooks\hook-PyQt6.QtQuickWidgets.py", "Python", 2, 0, 0, 0, 0, 0, 0, 0, 0, 0, 0, 0, 10, 3, 15
"c:\Users\makib\Documents\EntornosVirtuales\BaseDeDatosSalonDeBelleza\venv\Lib\site-packages\PyInstaller\hooks\hook-PyQt6.QtRemoteObjects.py", "Python", 2, 0, 0, 0, 0, 0, 0, 0, 0, 0, 0, 0, 10, 3, 15
"c:\Users\makib\Documents\EntornosVirtuales\BaseDeDatosSalonDeBelleza\venv\Lib\site-packages\PyInstaller\hooks\hook-PyQt6.QtSensors.py", "Python", 2, 0, 0, 0, 0, 0, 0, 0, 0, 0, 0, 0, 10, 3, 15
"c:\Users\makib\Documents\EntornosVirtuales\BaseDeDatosSalonDeBelleza\venv\Lib\site-packages\PyInstaller\hooks\hook-PyQt6.QtSerialPort.py", "Python", 2, 0, 0, 0, 0, 0, 0, 0, 0, 0, 0, 0, 10, 3, 15
"c:\Users\makib\Documents\EntornosVirtuales\BaseDeDatosSalonDeBelleza\venv\Lib\site-packages\PyInstaller\hooks\hook-PyQt6.QtSpatialAudio.py", "Python", 2, 0, 0, 0, 0, 0, 0, 0, 0, 0, 0, 0, 10, 3, 15
"c:\Users\makib\Documents\EntornosVirtuales\BaseDeDatosSalonDeBelleza\venv\Lib\site-packages\PyInstaller\hooks\hook-PyQt6.QtSql.py", "Python", 2, 0, 0, 0, 0, 0, 0, 0, 0, 0, 0, 0, 10, 3, 15
"c:\Users\makib\Documents\EntornosVirtuales\BaseDeDatosSalonDeBelleza\venv\Lib\site-packages\PyInstaller\hooks\hook-PyQt6.QtStateMachine.py", "Python", 3, 0, 0, 0, 0, 0, 0, 0, 0, 0, 0, 0, 11, 4, 18
"c:\Users\makib\Documents\EntornosVirtuales\BaseDeDatosSalonDeBelleza\venv\Lib\site-packages\PyInstaller\hooks\hook-PyQt6.QtSvg.py", "Python", 2, 0, 0, 0, 0, 0, 0, 0, 0, 0, 0, 0, 10, 3, 15
"c:\Users\makib\Documents\EntornosVirtuales\BaseDeDatosSalonDeBelleza\venv\Lib\site-packages\PyInstaller\hooks\hook-PyQt6.QtSvgWidgets.py", "Python", 2, 0, 0, 0, 0, 0, 0, 0, 0, 0, 0, 0, 10, 3, 15
"c:\Users\makib\Documents\EntornosVirtuales\BaseDeDatosSalonDeBelleza\venv\Lib\site-packages\PyInstaller\hooks\hook-PyQt6.QtTest.py", "Python", 2, 0, 0, 0, 0, 0, 0, 0, 0, 0, 0, 0, 10, 3, 15
"c:\Users\makib\Documents\EntornosVirtuales\BaseDeDatosSalonDeBelleza\venv\Lib\site-packages\PyInstaller\hooks\hook-PyQt6.QtTextToSpeech.py", "Python", 2, 0, 0, 0, 0, 0, 0, 0, 0, 0, 0, 0, 10, 3, 15
"c:\Users\makib\Documents\EntornosVirtuales\BaseDeDatosSalonDeBelleza\venv\Lib\site-packages\PyInstaller\hooks\hook-PyQt6.QtWebChannel.py", "Python", 2, 0, 0, 0, 0, 0, 0, 0, 0, 0, 0, 0, 10, 3, 15
"c:\Users\makib\Documents\EntornosVirtuales\BaseDeDatosSalonDeBelleza\venv\Lib\site-packages\PyInstaller\hooks\hook-PyQt6.QtWebEngineCore.py", "Python", 9, 0, 0, 0, 0, 0, 0, 0, 0, 0, 0, 0, 14, 5, 28
"c:\Users\makib\Documents\EntornosVirtuales\BaseDeDatosSalonDeBelleza\venv\Lib\site-packages\PyInstaller\hooks\hook-PyQt6.QtWebEngineQuick.py", "Python", 2, 0, 0, 0, 0, 0, 0, 0, 0, 0, 0, 0, 10, 3, 15
"c:\Users\makib\Documents\EntornosVirtuales\BaseDeDatosSalonDeBelleza\venv\Lib\site-packages\PyInstaller\hooks\hook-PyQt6.QtWebEngineWidgets.py", "Python", 2, 0, 0, 0, 0, 0, 0, 0, 0, 0, 0, 0, 10, 3, 15
"c:\Users\makib\Documents\EntornosVirtuales\BaseDeDatosSalonDeBelleza\venv\Lib\site-packages\PyInstaller\hooks\hook-PyQt6.QtWebSockets.py", "Python", 2, 0, 0, 0, 0, 0, 0, 0, 0, 0, 0, 0, 10, 3, 15
"c:\Users\makib\Documents\EntornosVirtuales\BaseDeDatosSalonDeBelleza\venv\Lib\site-packages\PyInstaller\hooks\hook-PyQt6.QtWidgets.py", "Python", 2, 0, 0, 0, 0, 0, 0, 0, 0, 0, 0, 0, 10, 3, 15
"c:\Users\makib\Documents\EntornosVirtuales\BaseDeDatosSalonDeBelleza\venv\Lib\site-packages\PyInstaller\hooks\hook-PyQt6.QtXml.py", "Python", 2, 0, 0, 0, 0, 0, 0, 0, 0, 0, 0, 0, 10, 3, 15
"c:\Users\makib\Documents\EntornosVirtuales\BaseDeDatosSalonDeBelleza\venv\Lib\site-packages\PyInstaller\hooks\hook-PyQt6.py", "Python", 8, 0, 0, 0, 0, 0, 0, 0, 0, 0, 0, 0, 14, 5, 27
"c:\Users\makib\Documents\EntornosVirtuales\BaseDeDatosSalonDeBelleza\venv\Lib\site-packages\PyInstaller\hooks\hook-PyQt6.uic.py", "Python", 2, 0, 0, 0, 0, 0, 0, 0, 0, 0, 0, 0, 13, 3, 18
"c:\Users\makib\Documents\EntornosVirtuales\BaseDeDatosSalonDeBelleza\venv\Lib\site-packages\PyInstaller\hooks\hook-PySide2.Qt3DAnimation.py", "Python", 2, 0, 0, 0, 0, 0, 0, 0, 0, 0, 0, 0, 10, 3, 15
"c:\Users\makib\Documents\EntornosVirtuales\BaseDeDatosSalonDeBelleza\venv\Lib\site-packages\PyInstaller\hooks\hook-PySide2.Qt3DCore.py", "Python", 2, 0, 0, 0, 0, 0, 0, 0, 0, 0, 0, 0, 10, 3, 15
"c:\Users\makib\Documents\EntornosVirtuales\BaseDeDatosSalonDeBelleza\venv\Lib\site-packages\PyInstaller\hooks\hook-PySide2.Qt3DExtras.py", "Python", 2, 0, 0, 0, 0, 0, 0, 0, 0, 0, 0, 0, 10, 3, 15
"c:\Users\makib\Documents\EntornosVirtuales\BaseDeDatosSalonDeBelleza\venv\Lib\site-packages\PyInstaller\hooks\hook-PySide2.Qt3DInput.py", "Python", 2, 0, 0, 0, 0, 0, 0, 0, 0, 0, 0, 0, 10, 3, 15
"c:\Users\makib\Documents\EntornosVirtuales\BaseDeDatosSalonDeBelleza\venv\Lib\site-packages\PyInstaller\hooks\hook-PySide2.Qt3DLogic.py", "Python", 2, 0, 0, 0, 0, 0, 0, 0, 0, 0, 0, 0, 10, 3, 15
"c:\Users\makib\Documents\EntornosVirtuales\BaseDeDatosSalonDeBelleza\venv\Lib\site-packages\PyInstaller\hooks\hook-PySide2.Qt3DRender.py", "Python", 2, 0, 0, 0, 0, 0, 0, 0, 0, 0, 0, 0, 10, 3, 15
"c:\Users\makib\Documents\EntornosVirtuales\BaseDeDatosSalonDeBelleza\venv\Lib\site-packages\PyInstaller\hooks\hook-PySide2.QtAxContainer.py", "Python", 2, 0, 0, 0, 0, 0, 0, 0, 0, 0, 0, 0, 10, 3, 15
"c:\Users\makib\Documents\EntornosVirtuales\BaseDeDatosSalonDeBelleza\venv\Lib\site-packages\PyInstaller\hooks\hook-PySide2.QtCharts.py", "Python", 2, 0, 0, 0, 0, 0, 0, 0, 0, 0, 0, 0, 10, 3, 15
"c:\Users\makib\Documents\EntornosVirtuales\BaseDeDatosSalonDeBelleza\venv\Lib\site-packages\PyInstaller\hooks\hook-PySide2.QtConcurrent.py", "Python", 2, 0, 0, 0, 0, 0, 0, 0, 0, 0, 0, 0, 10, 3, 15
"c:\Users\makib\Documents\EntornosVirtuales\BaseDeDatosSalonDeBelleza\venv\Lib\site-packages\PyInstaller\hooks\hook-PySide2.QtCore.py", "Python", 2, 0, 0, 0, 0, 0, 0, 0, 0, 0, 0, 0, 10, 3, 15
"c:\Users\makib\Documents\EntornosVirtuales\BaseDeDatosSalonDeBelleza\venv\Lib\site-packages\PyInstaller\hooks\hook-PySide2.QtDataVisualization.py", "Python", 2, 0, 0, 0, 0, 0, 0, 0, 0, 0, 0, 0, 10, 3, 15
"c:\Users\makib\Documents\EntornosVirtuales\BaseDeDatosSalonDeBelleza\venv\Lib\site-packages\PyInstaller\hooks\hook-PySide2.QtGui.py", "Python", 2, 0, 0, 0, 0, 0, 0, 0, 0, 0, 0, 0, 10, 3, 15
"c:\Users\makib\Documents\EntornosVirtuales\BaseDeDatosSalonDeBelleza\venv\Lib\site-packages\PyInstaller\hooks\hook-PySide2.QtHelp.py", "Python", 2, 0, 0, 0, 0, 0, 0, 0, 0, 0, 0, 0, 10, 3, 15
"c:\Users\makib\Documents\EntornosVirtuales\BaseDeDatosSalonDeBelleza\venv\Lib\site-packages\PyInstaller\hooks\hook-PySide2.QtLocation.py", "Python", 2, 0, 0, 0, 0, 0, 0, 0, 0, 0, 0, 0, 10, 3, 15
"c:\Users\makib\Documents\EntornosVirtuales\BaseDeDatosSalonDeBelleza\venv\Lib\site-packages\PyInstaller\hooks\hook-PySide2.QtMacExtras.py", "Python", 2, 0, 0, 0, 0, 0, 0, 0, 0, 0, 0, 0, 10, 3, 15
"c:\Users\makib\Documents\EntornosVirtuales\BaseDeDatosSalonDeBelleza\venv\Lib\site-packages\PyInstaller\hooks\hook-PySide2.QtMultimedia.py", "Python", 3, 0, 0, 0, 0, 0, 0, 0, 0, 0, 0, 0, 13, 4, 20
"c:\Users\makib\Documents\EntornosVirtuales\BaseDeDatosSalonDeBelleza\venv\Lib\site-packages\PyInstaller\hooks\hook-PySide2.QtMultimediaWidgets.py", "Python", 2, 0, 0, 0, 0, 0, 0, 0, 0, 0, 0, 0, 10, 3, 15
"c:\Users\makib\Documents\EntornosVirtuales\BaseDeDatosSalonDeBelleza\venv\Lib\site-packages\PyInstaller\hooks\hook-PySide2.QtNetwork.py", "Python", 3, 0, 0, 0, 0, 0, 0, 0, 0, 0, 0, 0, 10, 3, 16
"c:\Users\makib\Documents\EntornosVirtuales\BaseDeDatosSalonDeBelleza\venv\Lib\site-packages\PyInstaller\hooks\hook-PySide2.QtOpenGL.py", "Python", 2, 0, 0, 0, 0, 0, 0, 0, 0, 0, 0, 0, 10, 3, 15
"c:\Users\makib\Documents\EntornosVirtuales\BaseDeDatosSalonDeBelleza\venv\Lib\site-packages\PyInstaller\hooks\hook-PySide2.QtOpenGLFunctions.py", "Python", 2, 0, 0, 0, 0, 0, 0, 0, 0, 0, 0, 0, 10, 3, 15
"c:\Users\makib\Documents\EntornosVirtuales\BaseDeDatosSalonDeBelleza\venv\Lib\site-packages\PyInstaller\hooks\hook-PySide2.QtPositioning.py", "Python", 2, 0, 0, 0, 0, 0, 0, 0, 0, 0, 0, 0, 10, 3, 15
"c:\Users\makib\Documents\EntornosVirtuales\BaseDeDatosSalonDeBelleza\venv\Lib\site-packages\PyInstaller\hooks\hook-PySide2.QtPrintSupport.py", "Python", 2, 0, 0, 0, 0, 0, 0, 0, 0, 0, 0, 0, 10, 3, 15
"c:\Users\makib\Documents\EntornosVirtuales\BaseDeDatosSalonDeBelleza\venv\Lib\site-packages\PyInstaller\hooks\hook-PySide2.QtQml.py", "Python", 6, 0, 0, 0, 0, 0, 0, 0, 0, 0, 0, 0, 10, 4, 20
"c:\Users\makib\Documents\EntornosVirtuales\BaseDeDatosSalonDeBelleza\venv\Lib\site-packages\PyInstaller\hooks\hook-PySide2.QtQuick.py", "Python", 2, 0, 0, 0, 0, 0, 0, 0, 0, 0, 0, 0, 10, 3, 15
"c:\Users\makib\Documents\EntornosVirtuales\BaseDeDatosSalonDeBelleza\venv\Lib\site-packages\PyInstaller\hooks\hook-PySide2.QtQuickControls2.py", "Python", 2, 0, 0, 0, 0, 0, 0, 0, 0, 0, 0, 0, 10, 3, 15
"c:\Users\makib\Documents\EntornosVirtuales\BaseDeDatosSalonDeBelleza\venv\Lib\site-packages\PyInstaller\hooks\hook-PySide2.QtQuickWidgets.py", "Python", 2, 0, 0, 0, 0, 0, 0, 0, 0, 0, 0, 0, 10, 3, 15
"c:\Users\makib\Documents\EntornosVirtuales\BaseDeDatosSalonDeBelleza\venv\Lib\site-packages\PyInstaller\hooks\hook-PySide2.QtRemoteObjects.py", "Python", 2, 0, 0, 0, 0, 0, 0, 0, 0, 0, 0, 0, 10, 3, 15
"c:\Users\makib\Documents\EntornosVirtuales\BaseDeDatosSalonDeBelleza\venv\Lib\site-packages\PyInstaller\hooks\hook-PySide2.QtScript.py", "Python", 2, 0, 0, 0, 0, 0, 0, 0, 0, 0, 0, 0, 10, 3, 15
"c:\Users\makib\Documents\EntornosVirtuales\BaseDeDatosSalonDeBelleza\venv\Lib\site-packages\PyInstaller\hooks\hook-PySide2.QtScriptTools.py", "Python", 2, 0, 0, 0, 0, 0, 0, 0, 0, 0, 0, 0, 10, 3, 15
"c:\Users\makib\Documents\EntornosVirtuales\BaseDeDatosSalonDeBelleza\venv\Lib\site-packages\PyInstaller\hooks\hook-PySide2.QtScxml.py", "Python", 2, 0, 0, 0, 0, 0, 0, 0, 0, 0, 0, 0, 10, 3, 15
"c:\Users\makib\Documents\EntornosVirtuales\BaseDeDatosSalonDeBelleza\venv\Lib\site-packages\PyInstaller\hooks\hook-PySide2.QtSensors.py", "Python", 2, 0, 0, 0, 0, 0, 0, 0, 0, 0, 0, 0, 10, 3, 15
"c:\Users\makib\Documents\EntornosVirtuales\BaseDeDatosSalonDeBelleza\venv\Lib\site-packages\PyInstaller\hooks\hook-PySide2.QtSerialPort.py", "Python", 2, 0, 0, 0, 0, 0, 0, 0, 0, 0, 0, 0, 10, 3, 15
"c:\Users\makib\Documents\EntornosVirtuales\BaseDeDatosSalonDeBelleza\venv\Lib\site-packages\PyInstaller\hooks\hook-PySide2.QtSql.py", "Python", 2, 0, 0, 0, 0, 0, 0, 0, 0, 0, 0, 0, 10, 3, 15
"c:\Users\makib\Documents\EntornosVirtuales\BaseDeDatosSalonDeBelleza\venv\Lib\site-packages\PyInstaller\hooks\hook-PySide2.QtSvg.py", "Python", 2, 0, 0, 0, 0, 0, 0, 0, 0, 0, 0, 0, 10, 3, 15
"c:\Users\makib\Documents\EntornosVirtuales\BaseDeDatosSalonDeBelleza\venv\Lib\site-packages\PyInstaller\hooks\hook-PySide2.QtTest.py", "Python", 2, 0, 0, 0, 0, 0, 0, 0, 0, 0, 0, 0, 10, 3, 15
"c:\Users\makib\Documents\EntornosVirtuales\BaseDeDatosSalonDeBelleza\venv\Lib\site-packages\PyInstaller\hooks\hook-PySide2.QtTextToSpeech.py", "Python", 2, 0, 0, 0, 0, 0, 0, 0, 0, 0, 0, 0, 10, 3, 15
"c:\Users\makib\Documents\EntornosVirtuales\BaseDeDatosSalonDeBelleza\venv\Lib\site-packages\PyInstaller\hooks\hook-PySide2.QtUiTools.py", "Python", 3, 0, 0, 0, 0, 0, 0, 0, 0, 0, 0, 0, 10, 3, 16
"c:\Users\makib\Documents\EntornosVirtuales\BaseDeDatosSalonDeBelleza\venv\Lib\site-packages\PyInstaller\hooks\hook-PySide2.QtWebChannel.py", "Python", 2, 0, 0, 0, 0, 0, 0, 0, 0, 0, 0, 0, 10, 3, 15
"c:\Users\makib\Documents\EntornosVirtuales\BaseDeDatosSalonDeBelleza\venv\Lib\site-packages\PyInstaller\hooks\hook-PySide2.QtWebEngine.py", "Python", 2, 0, 0, 0, 0, 0, 0, 0, 0, 0, 0, 0, 10, 3, 15
"c:\Users\makib\Documents\EntornosVirtuales\BaseDeDatosSalonDeBelleza\venv\Lib\site-packages\PyInstaller\hooks\hook-PySide2.QtWebEngineCore.py", "Python", 7, 0, 0, 0, 0, 0, 0, 0, 0, 0, 0, 0, 12, 4, 23
"c:\Users\makib\Documents\EntornosVirtuales\BaseDeDatosSalonDeBelleza\venv\Lib\site-packages\PyInstaller\hooks\hook-PySide2.QtWebEngineWidgets.py", "Python", 2, 0, 0, 0, 0, 0, 0, 0, 0, 0, 0, 0, 10, 3, 15
"c:\Users\makib\Documents\EntornosVirtuales\BaseDeDatosSalonDeBelleza\venv\Lib\site-packages\PyInstaller\hooks\hook-PySide2.QtWebKit.py", "Python", 2, 0, 0, 0, 0, 0, 0, 0, 0, 0, 0, 0, 10, 3, 15
"c:\Users\makib\Documents\EntornosVirtuales\BaseDeDatosSalonDeBelleza\venv\Lib\site-packages\PyInstaller\hooks\hook-PySide2.QtWebKitWidgets.py", "Python", 2, 0, 0, 0, 0, 0, 0, 0, 0, 0, 0, 0, 10, 3, 15
"c:\Users\makib\Documents\EntornosVirtuales\BaseDeDatosSalonDeBelleza\venv\Lib\site-packages\PyInstaller\hooks\hook-PySide2.QtWebSockets.py", "Python", 2, 0, 0, 0, 0, 0, 0, 0, 0, 0, 0, 0, 10, 3, 15
"c:\Users\makib\Documents\EntornosVirtuales\BaseDeDatosSalonDeBelleza\venv\Lib\site-packages\PyInstaller\hooks\hook-PySide2.QtWidgets.py", "Python", 2, 0, 0, 0, 0, 0, 0, 0, 0, 0, 0, 0, 10, 3, 15
"c:\Users\makib\Documents\EntornosVirtuales\BaseDeDatosSalonDeBelleza\venv\Lib\site-packages\PyInstaller\hooks\hook-PySide2.QtWinExtras.py", "Python", 2, 0, 0, 0, 0, 0, 0, 0, 0, 0, 0, 0, 10, 3, 15
"c:\Users\makib\Documents\EntornosVirtuales\BaseDeDatosSalonDeBelleza\venv\Lib\site-packages\PyInstaller\hooks\hook-PySide2.QtX11Extras.py", "Python", 2, 0, 0, 0, 0, 0, 0, 0, 0, 0, 0, 0, 10, 3, 15
"c:\Users\makib\Documents\EntornosVirtuales\BaseDeDatosSalonDeBelleza\venv\Lib\site-packages\PyInstaller\hooks\hook-PySide2.QtXml.py", "Python", 2, 0, 0, 0, 0, 0, 0, 0, 0, 0, 0, 0, 10, 3, 15
"c:\Users\makib\Documents\EntornosVirtuales\BaseDeDatosSalonDeBelleza\venv\Lib\site-packages\PyInstaller\hooks\hook-PySide2.QtXmlPatterns.py", "Python", 2, 0, 0, 0, 0, 0, 0, 0, 0, 0, 0, 0, 10, 3, 15
"c:\Users\makib\Documents\EntornosVirtuales\BaseDeDatosSalonDeBelleza\venv\Lib\site-packages\PyInstaller\hooks\hook-PySide2.Qwt5.py", "Python", 14, 0, 0, 0, 0, 0, 0, 0, 0, 0, 0, 0, 10, 8, 32
"c:\Users\makib\Documents\EntornosVirtuales\BaseDeDatosSalonDeBelleza\venv\Lib\site-packages\PyInstaller\hooks\hook-PySide2.py", "Python", 7, 0, 0, 0, 0, 0, 0, 0, 0, 0, 0, 0, 14, 5, 26
"c:\Users\makib\Documents\EntornosVirtuales\BaseDeDatosSalonDeBelleza\venv\Lib\site-packages\PyInstaller\hooks\hook-PySide6.Qt3DAnimation.py", "Python", 2, 0, 0, 0, 0, 0, 0, 0, 0, 0, 0, 0, 10, 3, 15
"c:\Users\makib\Documents\EntornosVirtuales\BaseDeDatosSalonDeBelleza\venv\Lib\site-packages\PyInstaller\hooks\hook-PySide6.Qt3DCore.py", "Python", 2, 0, 0, 0, 0, 0, 0, 0, 0, 0, 0, 0, 10, 3, 15
"c:\Users\makib\Documents\EntornosVirtuales\BaseDeDatosSalonDeBelleza\venv\Lib\site-packages\PyInstaller\hooks\hook-PySide6.Qt3DExtras.py", "Python", 2, 0, 0, 0, 0, 0, 0, 0, 0, 0, 0, 0, 10, 3, 15
"c:\Users\makib\Documents\EntornosVirtuales\BaseDeDatosSalonDeBelleza\venv\Lib\site-packages\PyInstaller\hooks\hook-PySide6.Qt3DInput.py", "Python", 2, 0, 0, 0, 0, 0, 0, 0, 0, 0, 0, 0, 10, 3, 15
"c:\Users\makib\Documents\EntornosVirtuales\BaseDeDatosSalonDeBelleza\venv\Lib\site-packages\PyInstaller\hooks\hook-PySide6.Qt3DLogic.py", "Python", 2, 0, 0, 0, 0, 0, 0, 0, 0, 0, 0, 0, 10, 3, 15
"c:\Users\makib\Documents\EntornosVirtuales\BaseDeDatosSalonDeBelleza\venv\Lib\site-packages\PyInstaller\hooks\hook-PySide6.Qt3DRender.py", "Python", 4, 0, 0, 0, 0, 0, 0, 0, 0, 0, 0, 0, 13, 4, 21
"c:\Users\makib\Documents\EntornosVirtuales\BaseDeDatosSalonDeBelleza\venv\Lib\site-packages\PyInstaller\hooks\hook-PySide6.QtAxContainer.py", "Python", 2, 0, 0, 0, 0, 0, 0, 0, 0, 0, 0, 0, 10, 3, 15
"c:\Users\makib\Documents\EntornosVirtuales\BaseDeDatosSalonDeBelleza\venv\Lib\site-packages\PyInstaller\hooks\hook-PySide6.QtBluetooth.py", "Python", 2, 0, 0, 0, 0, 0, 0, 0, 0, 0, 0, 0, 10, 3, 15
"c:\Users\makib\Documents\EntornosVirtuales\BaseDeDatosSalonDeBelleza\venv\Lib\site-packages\PyInstaller\hooks\hook-PySide6.QtCharts.py", "Python", 2, 0, 0, 0, 0, 0, 0, 0, 0, 0, 0, 0, 10, 3, 15
"c:\Users\makib\Documents\EntornosVirtuales\BaseDeDatosSalonDeBelleza\venv\Lib\site-packages\PyInstaller\hooks\hook-PySide6.QtConcurrent.py", "Python", 2, 0, 0, 0, 0, 0, 0, 0, 0, 0, 0, 0, 10, 3, 15
"c:\Users\makib\Documents\EntornosVirtuales\BaseDeDatosSalonDeBelleza\venv\Lib\site-packages\PyInstaller\hooks\hook-PySide6.QtCore.py", "Python", 2, 0, 0, 0, 0, 0, 0, 0, 0, 0, 0, 0, 10, 3, 15
"c:\Users\makib\Documents\EntornosVirtuales\BaseDeDatosSalonDeBelleza\venv\Lib\site-packages\PyInstaller\hooks\hook-PySide6.QtDBus.py", "Python", 2, 0, 0, 0, 0, 0, 0, 0, 0, 0, 0, 0, 10, 3, 15
"c:\Users\makib\Documents\EntornosVirtuales\BaseDeDatosSalonDeBelleza\venv\Lib\site-packages\PyInstaller\hooks\hook-PySide6.QtDataVisualization.py", "Python", 2, 0, 0, 0, 0, 0, 0, 0, 0, 0, 0, 0, 10, 3, 15
"c:\Users\makib\Documents\EntornosVirtuales\BaseDeDatosSalonDeBelleza\venv\Lib\site-packages\PyInstaller\hooks\hook-PySide6.QtDesigner.py", "Python", 2, 0, 0, 0, 0, 0, 0, 0, 0, 0, 0, 0, 10, 3, 15
"c:\Users\makib\Documents\EntornosVirtuales\BaseDeDatosSalonDeBelleza\venv\Lib\site-packages\PyInstaller\hooks\hook-PySide6.QtGraphs.py", "Python", 2, 0, 0, 0, 0, 0, 0, 0, 0, 0, 0, 0, 10, 3, 15
"c:\Users\makib\Documents\EntornosVirtuales\BaseDeDatosSalonDeBelleza\venv\Lib\site-packages\PyInstaller\hooks\hook-PySide6.QtGraphsWidgets.py", "Python", 3, 0, 0, 0, 0, 0, 0, 0, 0, 0, 0, 0, 11, 4, 18
"c:\Users\makib\Documents\EntornosVirtuales\BaseDeDatosSalonDeBelleza\venv\Lib\site-packages\PyInstaller\hooks\hook-PySide6.QtGui.py", "Python", 2, 0, 0, 0, 0, 0, 0, 0, 0, 0, 0, 0, 10, 3, 15
"c:\Users\makib\Documents\EntornosVirtuales\BaseDeDatosSalonDeBelleza\venv\Lib\site-packages\PyInstaller\hooks\hook-PySide6.QtHelp.py", "Python", 2, 0, 0, 0, 0, 0, 0, 0, 0, 0, 0, 0, 10, 3, 15
"c:\Users\makib\Documents\EntornosVirtuales\BaseDeDatosSalonDeBelleza\venv\Lib\site-packages\PyInstaller\hooks\hook-PySide6.QtHttpServer.py", "Python", 3, 0, 0, 0, 0, 0, 0, 0, 0, 0, 0, 0, 12, 4, 19
"c:\Users\makib\Documents\EntornosVirtuales\BaseDeDatosSalonDeBelleza\venv\Lib\site-packages\PyInstaller\hooks\hook-PySide6.QtLocation.py", "Python", 2, 0, 0, 0, 0, 0, 0, 0, 0, 0, 0, 0, 10, 3, 15
"c:\Users\makib\Documents\EntornosVirtuales\BaseDeDatosSalonDeBelleza\venv\Lib\site-packages\PyInstaller\hooks\hook-PySide6.QtMultimedia.py", "Python", 3, 0, 0, 0, 0, 0, 0, 0, 0, 0, 0, 0, 13, 4, 20
"c:\Users\makib\Documents\EntornosVirtuales\BaseDeDatosSalonDeBelleza\venv\Lib\site-packages\PyInstaller\hooks\hook-PySide6.QtMultimediaWidgets.py", "Python", 2, 0, 0, 0, 0, 0, 0, 0, 0, 0, 0, 0, 10, 3, 15
"c:\Users\makib\Documents\EntornosVirtuales\BaseDeDatosSalonDeBelleza\venv\Lib\site-packages\PyInstaller\hooks\hook-PySide6.QtNetwork.py", "Python", 3, 0, 0, 0, 0, 0, 0, 0, 0, 0, 0, 0, 10, 3, 16
"c:\Users\makib\Documents\EntornosVirtuales\BaseDeDatosSalonDeBelleza\venv\Lib\site-packages\PyInstaller\hooks\hook-PySide6.QtNetworkAuth.py", "Python", 2, 0, 0, 0, 0, 0, 0, 0, 0, 0, 0, 0, 10, 3, 15
"c:\Users\makib\Documents\EntornosVirtuales\BaseDeDatosSalonDeBelleza\venv\Lib\site-packages\PyInstaller\hooks\hook-PySide6.QtNfc.py", "Python", 2, 0, 0, 0, 0, 0, 0, 0, 0, 0, 0, 0, 10, 3, 15
"c:\Users\makib\Documents\EntornosVirtuales\BaseDeDatosSalonDeBelleza\venv\Lib\site-packages\PyInstaller\hooks\hook-PySide6.QtOpenGL.py", "Python", 2, 0, 0, 0, 0, 0, 0, 0, 0, 0, 0, 0, 10, 3, 15
"c:\Users\makib\Documents\EntornosVirtuales\BaseDeDatosSalonDeBelleza\venv\Lib\site-packages\PyInstaller\hooks\hook-PySide6.QtOpenGLWidgets.py", "Python", 2, 0, 0, 0, 0, 0, 0, 0, 0, 0, 0, 0, 10, 3, 15
"c:\Users\makib\Documents\EntornosVirtuales\BaseDeDatosSalonDeBelleza\venv\Lib\site-packages\PyInstaller\hooks\hook-PySide6.QtPdf.py", "Python", 2, 0, 0, 0, 0, 0, 0, 0, 0, 0, 0, 0, 10, 3, 15
"c:\Users\makib\Documents\EntornosVirtuales\BaseDeDatosSalonDeBelleza\venv\Lib\site-packages\PyInstaller\hooks\hook-PySide6.QtPdfWidgets.py", "Python", 2, 0, 0, 0, 0, 0, 0, 0, 0, 0, 0, 0, 10, 3, 15
"c:\Users\makib\Documents\EntornosVirtuales\BaseDeDatosSalonDeBelleza\venv\Lib\site-packages\PyInstaller\hooks\hook-PySide6.QtPositioning.py", "Python", 2, 0, 0, 0, 0, 0, 0, 0, 0, 0, 0, 0, 10, 3, 15
"c:\Users\makib\Documents\EntornosVirtuales\BaseDeDatosSalonDeBelleza\venv\Lib\site-packages\PyInstaller\hooks\hook-PySide6.QtPrintSupport.py", "Python", 2, 0, 0, 0, 0, 0, 0, 0, 0, 0, 0, 0, 10, 3, 15
"c:\Users\makib\Documents\EntornosVirtuales\BaseDeDatosSalonDeBelleza\venv\Lib\site-packages\PyInstaller\hooks\hook-PySide6.QtQml.py", "Python", 5, 0, 0, 0, 0, 0, 0, 0, 0, 0, 0, 0, 10, 3, 18
"c:\Users\makib\Documents\EntornosVirtuales\BaseDeDatosSalonDeBelleza\venv\Lib\site-packages\PyInstaller\hooks\hook-PySide6.QtQuick.py", "Python", 2, 0, 0, 0, 0, 0, 0, 0, 0, 0, 0, 0, 10, 3, 15
"c:\Users\makib\Documents\EntornosVirtuales\BaseDeDatosSalonDeBelleza\venv\Lib\site-packages\PyInstaller\hooks\hook-PySide6.QtQuick3D.py", "Python", 2, 0, 0, 0, 0, 0, 0, 0, 0, 0, 0, 0, 10, 3, 15
"c:\Users\makib\Documents\EntornosVirtuales\BaseDeDatosSalonDeBelleza\venv\Lib\site-packages\PyInstaller\hooks\hook-PySide6.QtQuickControls2.py", "Python", 3, 0, 0, 0, 0, 0, 0, 0, 0, 0, 0, 0, 10, 4, 17
"c:\Users\makib\Documents\EntornosVirtuales\BaseDeDatosSalonDeBelleza\venv\Lib\site-packages\PyInstaller\hooks\hook-PySide6.QtQuickWidgets.py", "Python", 2, 0, 0, 0, 0, 0, 0, 0, 0, 0, 0, 0, 10, 3, 15
"c:\Users\makib\Documents\EntornosVirtuales\BaseDeDatosSalonDeBelleza\venv\Lib\site-packages\PyInstaller\hooks\hook-PySide6.QtRemoteObjects.py", "Python", 2, 0, 0, 0, 0, 0, 0, 0, 0, 0, 0, 0, 10, 3, 15
"c:\Users\makib\Documents\EntornosVirtuales\BaseDeDatosSalonDeBelleza\venv\Lib\site-packages\PyInstaller\hooks\hook-PySide6.QtScxml.py", "Python", 2, 0, 0, 0, 0, 0, 0, 0, 0, 0, 0, 0, 10, 3, 15
"c:\Users\makib\Documents\EntornosVirtuales\BaseDeDatosSalonDeBelleza\venv\Lib\site-packages\PyInstaller\hooks\hook-PySide6.QtSensors.py", "Python", 2, 0, 0, 0, 0, 0, 0, 0, 0, 0, 0, 0, 10, 3, 15
"c:\Users\makib\Documents\EntornosVirtuales\BaseDeDatosSalonDeBelleza\venv\Lib\site-packages\PyInstaller\hooks\hook-PySide6.QtSerialBus.py", "Python", 2, 0, 0, 0, 0, 0, 0, 0, 0, 0, 0, 0, 10, 3, 15
"c:\Users\makib\Documents\EntornosVirtuales\BaseDeDatosSalonDeBelleza\venv\Lib\site-packages\PyInstaller\hooks\hook-PySide6.QtSerialPort.py", "Python", 2, 0, 0, 0, 0, 0, 0, 0, 0, 0, 0, 0, 10, 3, 15
"c:\Users\makib\Documents\EntornosVirtuales\BaseDeDatosSalonDeBelleza\venv\Lib\site-packages\PyInstaller\hooks\hook-PySide6.QtSpatialAudio.py", "Python", 2, 0, 0, 0, 0, 0, 0, 0, 0, 0, 0, 0, 10, 3, 15
"c:\Users\makib\Documents\EntornosVirtuales\BaseDeDatosSalonDeBelleza\venv\Lib\site-packages\PyInstaller\hooks\hook-PySide6.QtSql.py", "Python", 2, 0, 0, 0, 0, 0, 0, 0, 0, 0, 0, 0, 10, 3, 15
"c:\Users\makib\Documents\EntornosVirtuales\BaseDeDatosSalonDeBelleza\venv\Lib\site-packages\PyInstaller\hooks\hook-PySide6.QtStateMachine.py", "Python", 2, 0, 0, 0, 0, 0, 0, 0, 0, 0, 0, 0, 10, 3, 15
"c:\Users\makib\Documents\EntornosVirtuales\BaseDeDatosSalonDeBelleza\venv\Lib\site-packages\PyInstaller\hooks\hook-PySide6.QtSvg.py", "Python", 2, 0, 0, 0, 0, 0, 0, 0, 0, 0, 0, 0, 10, 3, 15
"c:\Users\makib\Documents\EntornosVirtuales\BaseDeDatosSalonDeBelleza\venv\Lib\site-packages\PyInstaller\hooks\hook-PySide6.QtSvgWidgets.py", "Python", 2, 0, 0, 0, 0, 0, 0, 0, 0, 0, 0, 0, 10, 3, 15
"c:\Users\makib\Documents\EntornosVirtuales\BaseDeDatosSalonDeBelleza\venv\Lib\site-packages\PyInstaller\hooks\hook-PySide6.QtTest.py", "Python", 2, 0, 0, 0, 0, 0, 0, 0, 0, 0, 0, 0, 10, 3, 15
"c:\Users\makib\Documents\EntornosVirtuales\BaseDeDatosSalonDeBelleza\venv\Lib\site-packages\PyInstaller\hooks\hook-PySide6.QtTextToSpeech.py", "Python", 2, 0, 0, 0, 0, 0, 0, 0, 0, 0, 0, 0, 10, 3, 15
"c:\Users\makib\Documents\EntornosVirtuales\BaseDeDatosSalonDeBelleza\venv\Lib\site-packages\PyInstaller\hooks\hook-PySide6.QtUiTools.py", "Python", 2, 0, 0, 0, 0, 0, 0, 0, 0, 0, 0, 0, 10, 3, 15
"c:\Users\makib\Documents\EntornosVirtuales\BaseDeDatosSalonDeBelleza\venv\Lib\site-packages\PyInstaller\hooks\hook-PySide6.QtWebChannel.py", "Python", 2, 0, 0, 0, 0, 0, 0, 0, 0, 0, 0, 0, 10, 3, 15
"c:\Users\makib\Documents\EntornosVirtuales\BaseDeDatosSalonDeBelleza\venv\Lib\site-packages\PyInstaller\hooks\hook-PySide6.QtWebEngineCore.py", "Python", 10, 0, 0, 0, 0, 0, 0, 0, 0, 0, 0, 0, 14, 6, 30
"c:\Users\makib\Documents\EntornosVirtuales\BaseDeDatosSalonDeBelleza\venv\Lib\site-packages\PyInstaller\hooks\hook-PySide6.QtWebEngineQuick.py", "Python", 2, 0, 0, 0, 0, 0, 0, 0, 0, 0, 0, 0, 10, 3, 15
"c:\Users\makib\Documents\EntornosVirtuales\BaseDeDatosSalonDeBelleza\venv\Lib\site-packages\PyInstaller\hooks\hook-PySide6.QtWebEngineWidgets.py", "Python", 2, 0, 0, 0, 0, 0, 0, 0, 0, 0, 0, 0, 10, 3, 15
"c:\Users\makib\Documents\EntornosVirtuales\BaseDeDatosSalonDeBelleza\venv\Lib\site-packages\PyInstaller\hooks\hook-PySide6.QtWebSockets.py", "Python", 2, 0, 0, 0, 0, 0, 0, 0, 0, 0, 0, 0, 10, 3, 15
"c:\Users\makib\Documents\EntornosVirtuales\BaseDeDatosSalonDeBelleza\venv\Lib\site-packages\PyInstaller\hooks\hook-PySide6.QtWidgets.py", "Python", 2, 0, 0, 0, 0, 0, 0, 0, 0, 0, 0, 0, 10, 3, 15
"c:\Users\makib\Documents\EntornosVirtuales\BaseDeDatosSalonDeBelleza\venv\Lib\site-packages\PyInstaller\hooks\hook-PySide6.QtXml.py", "Python", 2, 0, 0, 0, 0, 0, 0, 0, 0, 0, 0, 0, 10, 3, 15
"c:\Users\makib\Documents\EntornosVirtuales\BaseDeDatosSalonDeBelleza\venv\Lib\site-packages\PyInstaller\hooks\hook-PySide6.py", "Python", 8, 0, 0, 0, 0, 0, 0, 0, 0, 0, 0, 0, 15, 6, 29
"c:\Users\makib\Documents\EntornosVirtuales\BaseDeDatosSalonDeBelleza\venv\Lib\site-packages\PyInstaller\hooks\hook-_osx_support.py", "Python", 1, 0, 0, 0, 0, 0, 0, 0, 0, 0, 0, 0, 16, 3, 20
"c:\Users\makib\Documents\EntornosVirtuales\BaseDeDatosSalonDeBelleza\venv\Lib\site-packages\PyInstaller\hooks\hook-_pyi_rth_utils.py", "Python", 4, 0, 0, 0, 0, 0, 0, 0, 0, 0, 0, 0, 11, 3, 18
"c:\Users\makib\Documents\EntornosVirtuales\BaseDeDatosSalonDeBelleza\venv\Lib\site-packages\PyInstaller\hooks\hook-_tkinter.py", "Python", 3, 0, 0, 0, 0, 0, 0, 0, 0, 0, 0, 0, 16, 4, 23
"c:\Users\makib\Documents\EntornosVirtuales\BaseDeDatosSalonDeBelleza\venv\Lib\site-packages\PyInstaller\hooks\hook-babel.py", "Python", 8, 0, 0, 0, 0, 0, 0, 0, 0, 0, 0, 0, 13, 4, 25
"c:\Users\makib\Documents\EntornosVirtuales\BaseDeDatosSalonDeBelleza\venv\Lib\site-packages\PyInstaller\hooks\hook-difflib.py", "Python", 1, 0, 0, 0, 0, 0, 0, 0, 0, 0, 0, 0, 11, 2, 14
"c:\Users\makib\Documents\EntornosVirtuales\BaseDeDatosSalonDeBelleza\venv\Lib\site-packages\PyInstaller\hooks\hook-distutils.command.check.py", "Python", 1, 0, 0, 0, 0, 0, 0, 0, 0, 0, 0, 0, 11, 2, 14
"c:\Users\makib\Documents\EntornosVirtuales\BaseDeDatosSalonDeBelleza\venv\Lib\site-packages\PyInstaller\hooks\hook-distutils.py", "Python", 9, 0, 0, 0, 0, 0, 0, 0, 0, 0, 0, 0, 20, 5, 34
"c:\Users\makib\Documents\EntornosVirtuales\BaseDeDatosSalonDeBelleza\venv\Lib\site-packages\PyInstaller\hooks\hook-distutils.util.py", "Python", 1, 0, 0, 0, 0, 0, 0, 0, 0, 0, 0, 0, 11, 2, 14
"c:\Users\makib\Documents\EntornosVirtuales\BaseDeDatosSalonDeBelleza\venv\Lib\site-packages\PyInstaller\hooks\hook-django.contrib.sessions.py", "Python", 2, 0, 0, 0, 0, 0, 0, 0, 0, 0, 0, 0, 10, 3, 15
"c:\Users\makib\Documents\EntornosVirtuales\BaseDeDatosSalonDeBelleza\venv\Lib\site-packages\PyInstaller\hooks\hook-django.core.cache.py", "Python", 2, 0, 0, 0, 0, 0, 0, 0, 0, 0, 0, 0, 10, 3, 15
"c:\Users\makib\Documents\EntornosVirtuales\BaseDeDatosSalonDeBelleza\venv\Lib\site-packages\PyInstaller\hooks\hook-django.core.mail.py", "Python", 14, 0, 0, 0, 0, 0, 0, 0, 0, 0, 0, 0, 10, 2, 26
"c:\Users\makib\Documents\EntornosVirtuales\BaseDeDatosSalonDeBelleza\venv\Lib\site-packages\PyInstaller\hooks\hook-django.core.management.py", "Python", 3, 0, 0, 0, 0, 0, 0, 0, 0, 0, 0, 0, 13, 4, 20
"c:\Users\makib\Documents\EntornosVirtuales\BaseDeDatosSalonDeBelleza\venv\Lib\site-packages\PyInstaller\hooks\hook-django.db.backends.mysql.base.py", "Python", 1, 0, 0, 0, 0, 0, 0, 0, 0, 0, 0, 0, 11, 2, 14
"c:\Users\makib\Documents\EntornosVirtuales\BaseDeDatosSalonDeBelleza\venv\Lib\site-packages\PyInstaller\hooks\hook-django.db.backends.oracle.base.py", "Python", 1, 0, 0, 0, 0, 0, 0, 0, 0, 0, 0, 0, 10, 2, 13
"c:\Users\makib\Documents\EntornosVirtuales\BaseDeDatosSalonDeBelleza\venv\Lib\site-packages\PyInstaller\hooks\hook-django.db.backends.py", "Python", 9, 0, 0, 0, 0, 0, 0, 0, 0, 0, 0, 0, 12, 5, 26
"c:\Users\makib\Documents\EntornosVirtuales\BaseDeDatosSalonDeBelleza\venv\Lib\site-packages\PyInstaller\hooks\hook-django.py", "Python", 56, 0, 0, 0, 0, 0, 0, 0, 0, 0, 0, 0, 26, 11, 93
"c:\Users\makib\Documents\EntornosVirtuales\BaseDeDatosSalonDeBelleza\venv\Lib\site-packages\PyInstaller\hooks\hook-django.template.loaders.py", "Python", 2, 0, 0, 0, 0, 0, 0, 0, 0, 0, 0, 0, 10, 3, 15
"c:\Users\makib\Documents\EntornosVirtuales\BaseDeDatosSalonDeBelleza\venv\Lib\site-packages\PyInstaller\hooks\hook-encodings.py", "Python", 2, 0, 0, 0, 0, 0, 0, 0, 0, 0, 0, 0, 10, 3, 15
"c:\Users\makib\Documents\EntornosVirtuales\BaseDeDatosSalonDeBelleza\venv\Lib\site-packages\PyInstaller\hooks\hook-gevent.py", "Python", 9, 0, 0, 0, 0, 0, 0, 0, 0, 0, 0, 0, 11, 5, 25
"c:\Users\makib\Documents\EntornosVirtuales\BaseDeDatosSalonDeBelleza\venv\Lib\site-packages\PyInstaller\hooks\hook-gi.py", "Python", 8, 0, 0, 0, 0, 0, 0, 0, 0, 0, 0, 0, 13, 6, 27
"c:\Users\makib\Documents\EntornosVirtuales\BaseDeDatosSalonDeBelleza\venv\Lib\site-packages\PyInstaller\hooks\hook-gi.repository.Adw.py", "Python", 4, 0, 0, 0, 0, 0, 0, 0, 0, 0, 0, 0, 10, 3, 17
"c:\Users\makib\Documents\EntornosVirtuales\BaseDeDatosSalonDeBelleza\venv\Lib\site-packages\PyInstaller\hooks\hook-gi.repository.AppIndicator3.py", "Python", 4, 0, 0, 0, 0, 0, 0, 0, 0, 0, 0, 0, 10, 3, 17
"c:\Users\makib\Documents\EntornosVirtuales\BaseDeDatosSalonDeBelleza\venv\Lib\site-packages\PyInstaller\hooks\hook-gi.repository.Atk.py", "Python", 12, 0, 0, 0, 0, 0, 0, 0, 0, 0, 0, 0, 11, 7, 30
"c:\Users\makib\Documents\EntornosVirtuales\BaseDeDatosSalonDeBelleza\venv\Lib\site-packages\PyInstaller\hooks\hook-gi.repository.AyatanaAppIndicator3.py", "Python", 4, 0, 0, 0, 0, 0, 0, 0, 0, 0, 0, 0, 10, 3, 17
"c:\Users\makib\Documents\EntornosVirtuales\BaseDeDatosSalonDeBelleza\venv\Lib\site-packages\PyInstaller\hooks\hook-gi.repository.Champlain.py", "Python", 4, 0, 0, 0, 0, 0, 0, 0, 0, 0, 0, 0, 10, 3, 17
"c:\Users\makib\Documents\EntornosVirtuales\BaseDeDatosSalonDeBelleza\venv\Lib\site-packages\PyInstaller\hooks\hook-gi.repository.Clutter.py", "Python", 4, 0, 0, 0, 0, 0, 0, 0, 0, 0, 0, 0, 10, 3, 17
"c:\Users\makib\Documents\EntornosVirtuales\BaseDeDatosSalonDeBelleza\venv\Lib\site-packages\PyInstaller\hooks\hook-gi.repository.DBus.py", "Python", 4, 0, 0, 0, 0, 0, 0, 0, 0, 0, 0, 0, 10, 3, 17
"c:\Users\makib\Documents\EntornosVirtuales\BaseDeDatosSalonDeBelleza\venv\Lib\site-packages\PyInstaller\hooks\hook-gi.repository.GIRepository.py", "Python", 4, 0, 0, 0, 0, 0, 0, 0, 0, 0, 0, 0, 10, 3, 17
"c:\Users\makib\Documents\EntornosVirtuales\BaseDeDatosSalonDeBelleza\venv\Lib\site-packages\PyInstaller\hooks\hook-gi.repository.GLib.py", "Python", 20, 0, 0, 0, 0, 0, 0, 0, 0, 0, 0, 0, 13, 10, 43
"c:\Users\makib\Documents\EntornosVirtuales\BaseDeDatosSalonDeBelleza\venv\Lib\site-packages\PyInstaller\hooks\hook-gi.repository.GModule.py", "Python", 4, 0, 0, 0, 0, 0, 0, 0, 0, 0, 0, 0, 10, 3, 17
"c:\Users\makib\Documents\EntornosVirtuales\BaseDeDatosSalonDeBelleza\venv\Lib\site-packages\PyInstaller\hooks\hook-gi.repository.GObject.py", "Python", 7, 0, 0, 0, 0, 0, 0, 0, 0, 0, 0, 0, 11, 2, 20
"c:\Users\makib\Documents\EntornosVirtuales\BaseDeDatosSalonDeBelleza\venv\Lib\site-packages\PyInstaller\hooks\hook-gi.repository.Gdk.py", "Python", 18, 0, 0, 0, 0, 0, 0, 0, 0, 0, 0, 0, 12, 7, 37
"c:\Users\makib\Documents\EntornosVirtuales\BaseDeDatosSalonDeBelleza\venv\Lib\site-packages\PyInstaller\hooks\hook-gi.repository.GdkPixbuf.py", "Python", 81, 0, 0, 0, 0, 0, 0, 0, 0, 0, 0, 0, 41, 29, 151
"c:\Users\makib\Documents\EntornosVirtuales\BaseDeDatosSalonDeBelleza\venv\Lib\site-packages\PyInstaller\hooks\hook-gi.repository.Gio.py", "Python", 35, 0, 0, 0, 0, 0, 0, 0, 0, 0, 0, 0, 18, 11, 64
"c:\Users\makib\Documents\EntornosVirtuales\BaseDeDatosSalonDeBelleza\venv\Lib\site-packages\PyInstaller\hooks\hook-gi.repository.Graphene.py", "Python", 4, 0, 0, 0, 0, 0, 0, 0, 0, 0, 0, 0, 10, 3, 17
"c:\Users\makib\Documents\EntornosVirtuales\BaseDeDatosSalonDeBelleza\venv\Lib\site-packages\PyInstaller\hooks\hook-gi.repository.Gsk.py", "Python", 4, 0, 0, 0, 0, 0, 0, 0, 0, 0, 0, 0, 10, 3, 17
"c:\Users\makib\Documents\EntornosVirtuales\BaseDeDatosSalonDeBelleza\venv\Lib\site-packages\PyInstaller\hooks\hook-gi.repository.Gst.py", "Python", 54, 0, 0, 0, 0, 0, 0, 0, 0, 0, 0, 0, 20, 20, 94
"c:\Users\makib\Documents\EntornosVirtuales\BaseDeDatosSalonDeBelleza\venv\Lib\site-packages\PyInstaller\hooks\hook-gi.repository.GstAllocators.py", "Python", 4, 0, 0, 0, 0, 0, 0, 0, 0, 0, 0, 0, 10, 3, 17
"c:\Users\makib\Documents\EntornosVirtuales\BaseDeDatosSalonDeBelleza\venv\Lib\site-packages\PyInstaller\hooks\hook-gi.repository.GstApp.py", "Python", 4, 0, 0, 0, 0, 0, 0, 0, 0, 0, 0, 0, 10, 3, 17
"c:\Users\makib\Documents\EntornosVirtuales\BaseDeDatosSalonDeBelleza\venv\Lib\site-packages\PyInstaller\hooks\hook-gi.repository.GstAudio.py", "Python", 4, 0, 0, 0, 0, 0, 0, 0, 0, 0, 0, 0, 10, 3, 17
"c:\Users\makib\Documents\EntornosVirtuales\BaseDeDatosSalonDeBelleza\venv\Lib\site-packages\PyInstaller\hooks\hook-gi.repository.GstBadAudio.py", "Python", 4, 0, 0, 0, 0, 0, 0, 0, 0, 0, 0, 0, 10, 3, 17
"c:\Users\makib\Documents\EntornosVirtuales\BaseDeDatosSalonDeBelleza\venv\Lib\site-packages\PyInstaller\hooks\hook-gi.repository.GstBase.py", "Python", 4, 0, 0, 0, 0, 0, 0, 0, 0, 0, 0, 0, 10, 3, 17
"c:\Users\makib\Documents\EntornosVirtuales\BaseDeDatosSalonDeBelleza\venv\Lib\site-packages\PyInstaller\hooks\hook-gi.repository.GstCheck.py", "Python", 4, 0, 0, 0, 0, 0, 0, 0, 0, 0, 0, 0, 10, 3, 17
"c:\Users\makib\Documents\EntornosVirtuales\BaseDeDatosSalonDeBelleza\venv\Lib\site-packages\PyInstaller\hooks\hook-gi.repository.GstCodecs.py", "Python", 4, 0, 0, 0, 0, 0, 0, 0, 0, 0, 0, 0, 10, 3, 17
"c:\Users\makib\Documents\EntornosVirtuales\BaseDeDatosSalonDeBelleza\venv\Lib\site-packages\PyInstaller\hooks\hook-gi.repository.GstController.py", "Python", 4, 0, 0, 0, 0, 0, 0, 0, 0, 0, 0, 0, 10, 3, 17
"c:\Users\makib\Documents\EntornosVirtuales\BaseDeDatosSalonDeBelleza\venv\Lib\site-packages\PyInstaller\hooks\hook-gi.repository.GstGL.py", "Python", 4, 0, 0, 0, 0, 0, 0, 0, 0, 0, 0, 0, 10, 3, 17
"c:\Users\makib\Documents\EntornosVirtuales\BaseDeDatosSalonDeBelleza\venv\Lib\site-packages\PyInstaller\hooks\hook-gi.repository.GstGLEGL.py", "Python", 4, 0, 0, 0, 0, 0, 0, 0, 0, 0, 0, 0, 10, 3, 17
"c:\Users\makib\Documents\EntornosVirtuales\BaseDeDatosSalonDeBelleza\venv\Lib\site-packages\PyInstaller\hooks\hook-gi.repository.GstGLWayland.py", "Python", 4, 0, 0, 0, 0, 0, 0, 0, 0, 0, 0, 0, 10, 3, 17
"c:\Users\makib\Documents\EntornosVirtuales\BaseDeDatosSalonDeBelleza\venv\Lib\site-packages\PyInstaller\hooks\hook-gi.repository.GstGLX11.py", "Python", 4, 0, 0, 0, 0, 0, 0, 0, 0, 0, 0, 0, 10, 3, 17
"c:\Users\makib\Documents\EntornosVirtuales\BaseDeDatosSalonDeBelleza\venv\Lib\site-packages\PyInstaller\hooks\hook-gi.repository.GstInsertBin.py", "Python", 4, 0, 0, 0, 0, 0, 0, 0, 0, 0, 0, 0, 10, 3, 17
"c:\Users\makib\Documents\EntornosVirtuales\BaseDeDatosSalonDeBelleza\venv\Lib\site-packages\PyInstaller\hooks\hook-gi.repository.GstMpegts.py", "Python", 4, 0, 0, 0, 0, 0, 0, 0, 0, 0, 0, 0, 10, 3, 17
"c:\Users\makib\Documents\EntornosVirtuales\BaseDeDatosSalonDeBelleza\venv\Lib\site-packages\PyInstaller\hooks\hook-gi.repository.GstNet.py", "Python", 4, 0, 0, 0, 0, 0, 0, 0, 0, 0, 0, 0, 10, 3, 17
"c:\Users\makib\Documents\EntornosVirtuales\BaseDeDatosSalonDeBelleza\venv\Lib\site-packages\PyInstaller\hooks\hook-gi.repository.GstPbutils.py", "Python", 4, 0, 0, 0, 0, 0, 0, 0, 0, 0, 0, 0, 10, 3, 17
"c:\Users\makib\Documents\EntornosVirtuales\BaseDeDatosSalonDeBelleza\venv\Lib\site-packages\PyInstaller\hooks\hook-gi.repository.GstPlay.py", "Python", 4, 0, 0, 0, 0, 0, 0, 0, 0, 0, 0, 0, 10, 3, 17
"c:\Users\makib\Documents\EntornosVirtuales\BaseDeDatosSalonDeBelleza\venv\Lib\site-packages\PyInstaller\hooks\hook-gi.repository.GstPlayer.py", "Python", 4, 0, 0, 0, 0, 0, 0, 0, 0, 0, 0, 0, 10, 3, 17
"c:\Users\makib\Documents\EntornosVirtuales\BaseDeDatosSalonDeBelleza\venv\Lib\site-packages\PyInstaller\hooks\hook-gi.repository.GstRtp.py", "Python", 4, 0, 0, 0, 0, 0, 0, 0, 0, 0, 0, 0, 10, 3, 17
"c:\Users\makib\Documents\EntornosVirtuales\BaseDeDatosSalonDeBelleza\venv\Lib\site-packages\PyInstaller\hooks\hook-gi.repository.GstRtsp.py", "Python", 4, 0, 0, 0, 0, 0, 0, 0, 0, 0, 0, 0, 10, 3, 17
"c:\Users\makib\Documents\EntornosVirtuales\BaseDeDatosSalonDeBelleza\venv\Lib\site-packages\PyInstaller\hooks\hook-gi.repository.GstRtspServer.py", "Python", 4, 0, 0, 0, 0, 0, 0, 0, 0, 0, 0, 0, 10, 3, 17
"c:\Users\makib\Documents\EntornosVirtuales\BaseDeDatosSalonDeBelleza\venv\Lib\site-packages\PyInstaller\hooks\hook-gi.repository.GstSdp.py", "Python", 4, 0, 0, 0, 0, 0, 0, 0, 0, 0, 0, 0, 10, 3, 17
"c:\Users\makib\Documents\EntornosVirtuales\BaseDeDatosSalonDeBelleza\venv\Lib\site-packages\PyInstaller\hooks\hook-gi.repository.GstTag.py", "Python", 4, 0, 0, 0, 0, 0, 0, 0, 0, 0, 0, 0, 10, 3, 17
"c:\Users\makib\Documents\EntornosVirtuales\BaseDeDatosSalonDeBelleza\venv\Lib\site-packages\PyInstaller\hooks\hook-gi.repository.GstTranscoder.py", "Python", 4, 0, 0, 0, 0, 0, 0, 0, 0, 0, 0, 0, 10, 3, 17
"c:\Users\makib\Documents\EntornosVirtuales\BaseDeDatosSalonDeBelleza\venv\Lib\site-packages\PyInstaller\hooks\hook-gi.repository.GstVideo.py", "Python", 4, 0, 0, 0, 0, 0, 0, 0, 0, 0, 0, 0, 10, 3, 17
"c:\Users\makib\Documents\EntornosVirtuales\BaseDeDatosSalonDeBelleza\venv\Lib\site-packages\PyInstaller\hooks\hook-gi.repository.GstVulkan.py", "Python", 4, 0, 0, 0, 0, 0, 0, 0, 0, 0, 0, 0, 10, 3, 17
"c:\Users\makib\Documents\EntornosVirtuales\BaseDeDatosSalonDeBelleza\venv\Lib\site-packages\PyInstaller\hooks\hook-gi.repository.GstVulkanWayland.py", "Python", 4, 0, 0, 0, 0, 0, 0, 0, 0, 0, 0, 0, 10, 3, 17
"c:\Users\makib\Documents\EntornosVirtuales\BaseDeDatosSalonDeBelleza\venv\Lib\site-packages\PyInstaller\hooks\hook-gi.repository.GstVulkanXCB.py", "Python", 4, 0, 0, 0, 0, 0, 0, 0, 0, 0, 0, 0, 10, 3, 17
"c:\Users\makib\Documents\EntornosVirtuales\BaseDeDatosSalonDeBelleza\venv\Lib\site-packages\PyInstaller\hooks\hook-gi.repository.GstWebRTC.py", "Python", 4, 0, 0, 0, 0, 0, 0, 0, 0, 0, 0, 0, 10, 3, 17
"c:\Users\makib\Documents\EntornosVirtuales\BaseDeDatosSalonDeBelleza\venv\Lib\site-packages\PyInstaller\hooks\hook-gi.repository.Gtk.py", "Python", 33, 0, 0, 0, 0, 0, 0, 0, 0, 0, 0, 0, 15, 12, 60
"c:\Users\makib\Documents\EntornosVirtuales\BaseDeDatosSalonDeBelleza\venv\Lib\site-packages\PyInstaller\hooks\hook-gi.repository.GtkChamplain.py", "Python", 4, 0, 0, 0, 0, 0, 0, 0, 0, 0, 0, 0, 10, 3, 17
"c:\Users\makib\Documents\EntornosVirtuales\BaseDeDatosSalonDeBelleza\venv\Lib\site-packages\PyInstaller\hooks\hook-gi.repository.GtkClutter.py", "Python", 4, 0, 0, 0, 0, 0, 0, 0, 0, 0, 0, 0, 10, 3, 17
"c:\Users\makib\Documents\EntornosVirtuales\BaseDeDatosSalonDeBelleza\venv\Lib\site-packages\PyInstaller\hooks\hook-gi.repository.GtkSource.py", "Python", 10, 0, 0, 0, 0, 0, 0, 0, 0, 0, 0, 0, 15, 7, 32
"c:\Users\makib\Documents\EntornosVirtuales\BaseDeDatosSalonDeBelleza\venv\Lib\site-packages\PyInstaller\hooks\hook-gi.repository.GtkosxApplication.py", "Python", 6, 0, 0, 0, 0, 0, 0, 0, 0, 0, 0, 0, 10, 3, 19
"c:\Users\makib\Documents\EntornosVirtuales\BaseDeDatosSalonDeBelleza\venv\Lib\site-packages\PyInstaller\hooks\hook-gi.repository.HarfBuzz.py", "Python", 4, 0, 0, 0, 0, 0, 0, 0, 0, 0, 0, 0, 10, 3, 17
"c:\Users\makib\Documents\EntornosVirtuales\BaseDeDatosSalonDeBelleza\venv\Lib\site-packages\PyInstaller\hooks\hook-gi.repository.Pango.py", "Python", 4, 0, 0, 0, 0, 0, 0, 0, 0, 0, 0, 0, 10, 3, 17
"c:\Users\makib\Documents\EntornosVirtuales\BaseDeDatosSalonDeBelleza\venv\Lib\site-packages\PyInstaller\hooks\hook-gi.repository.PangoCairo.py", "Python", 4, 0, 0, 0, 0, 0, 0, 0, 0, 0, 0, 0, 10, 3, 17
"c:\Users\makib\Documents\EntornosVirtuales\BaseDeDatosSalonDeBelleza\venv\Lib\site-packages\PyInstaller\hooks\hook-gi.repository.Rsvg.py", "Python", 4, 0, 0, 0, 0, 0, 0, 0, 0, 0, 0, 0, 10, 3, 17
"c:\Users\makib\Documents\EntornosVirtuales\BaseDeDatosSalonDeBelleza\venv\Lib\site-packages\PyInstaller\hooks\hook-gi.repository.cairo.py", "Python", 4, 0, 0, 0, 0, 0, 0, 0, 0, 0, 0, 0, 10, 3, 17
"c:\Users\makib\Documents\EntornosVirtuales\BaseDeDatosSalonDeBelleza\venv\Lib\site-packages\PyInstaller\hooks\hook-gi.repository.freetype2.py", "Python", 4, 0, 0, 0, 0, 0, 0, 0, 0, 0, 0, 0, 10, 3, 17
"c:\Users\makib\Documents\EntornosVirtuales\BaseDeDatosSalonDeBelleza\venv\Lib\site-packages\PyInstaller\hooks\hook-gi.repository.xlib.py", "Python", 4, 0, 0, 0, 0, 0, 0, 0, 0, 0, 0, 0, 10, 3, 17
"c:\Users\makib\Documents\EntornosVirtuales\BaseDeDatosSalonDeBelleza\venv\Lib\site-packages\PyInstaller\hooks\hook-heapq.py", "Python", 1, 0, 0, 0, 0, 0, 0, 0, 0, 0, 0, 0, 11, 2, 14
"c:\Users\makib\Documents\EntornosVirtuales\BaseDeDatosSalonDeBelleza\venv\Lib\site-packages\PyInstaller\hooks\hook-idlelib.py", "Python", 2, 0, 0, 0, 0, 0, 0, 0, 0, 0, 0, 0, 10, 3, 15
"c:\Users\makib\Documents\EntornosVirtuales\BaseDeDatosSalonDeBelleza\venv\Lib\site-packages\PyInstaller\hooks\hook-importlib_metadata.py", "Python", 6, 0, 0, 0, 0, 0, 0, 0, 0, 0, 0, 0, 16, 3, 25
"c:\Users\makib\Documents\EntornosVirtuales\BaseDeDatosSalonDeBelleza\venv\Lib\site-packages\PyInstaller\hooks\hook-importlib_resources.py", "Python", 8, 0, 0, 0, 0, 0, 0, 0, 0, 0, 0, 0, 11, 4, 23
"c:\Users\makib\Documents\EntornosVirtuales\BaseDeDatosSalonDeBelleza\venv\Lib\site-packages\PyInstaller\hooks\hook-keyring.py", "Python", 3, 0, 0, 0, 0, 0, 0, 0, 0, 0, 0, 0, 13, 4, 20
"c:\Users\makib\Documents\EntornosVirtuales\BaseDeDatosSalonDeBelleza\venv\Lib\site-packages\PyInstaller\hooks\hook-kivy.py", "Python", 11, 0, 0, 0, 0, 0, 0, 0, 0, 0, 0, 0, 10, 5, 26
"c:\Users\makib\Documents\EntornosVirtuales\BaseDeDatosSalonDeBelleza\venv\Lib\site-packages\PyInstaller\hooks\hook-lib2to3.py", "Python", 2, 0, 0, 0, 0, 0, 0, 0, 0, 0, 0, 0, 11, 4, 17
"c:\Users\makib\Documents\EntornosVirtuales\BaseDeDatosSalonDeBelleza\venv\Lib\site-packages\PyInstaller\hooks\hook-matplotlib.backend_bases.py", "Python", 1, 0, 0, 0, 0, 0, 0, 0, 0, 0, 0, 0, 10, 2, 13
"c:\Users\makib\Documents\EntornosVirtuales\BaseDeDatosSalonDeBelleza\venv\Lib\site-packages\PyInstaller\hooks\hook-matplotlib.backends.backend_qtagg.py", "Python", 1, 0, 0, 0, 0, 0, 0, 0, 0, 0, 0, 0, 14, 2, 17
"c:\Users\makib\Documents\EntornosVirtuales\BaseDeDatosSalonDeBelleza\venv\Lib\site-packages\PyInstaller\hooks\hook-matplotlib.backends.backend_qtcairo.py", "Python", 1, 0, 0, 0, 0, 0, 0, 0, 0, 0, 0, 0, 14, 2, 17
"c:\Users\makib\Documents\EntornosVirtuales\BaseDeDatosSalonDeBelleza\venv\Lib\site-packages\PyInstaller\hooks\hook-matplotlib.backends.py", "Python", 140, 0, 0, 0, 0, 0, 0, 0, 0, 0, 0, 0, 46, 41, 227
"c:\Users\makib\Documents\EntornosVirtuales\BaseDeDatosSalonDeBelleza\venv\Lib\site-packages\PyInstaller\hooks\hook-matplotlib.backends.qt_compat.py", "Python", 5, 0, 0, 0, 0, 0, 0, 0, 0, 0, 0, 0, 19, 3, 27
"c:\Users\makib\Documents\EntornosVirtuales\BaseDeDatosSalonDeBelleza\venv\Lib\site-packages\PyInstaller\hooks\hook-matplotlib.numerix.py", "Python", 10, 0, 0, 0, 0, 0, 0, 0, 0, 0, 0, 0, 10, 2, 22
"c:\Users\makib\Documents\EntornosVirtuales\BaseDeDatosSalonDeBelleza\venv\Lib\site-packages\PyInstaller\hooks\hook-matplotlib.py", "Python", 15, 0, 0, 0, 0, 0, 0, 0, 0, 0, 0, 0, 15, 9, 39
"c:\Users\makib\Documents\EntornosVirtuales\BaseDeDatosSalonDeBelleza\venv\Lib\site-packages\PyInstaller\hooks\hook-matplotlib.pyplot.py", "Python", 1, 0, 0, 0, 0, 0, 0, 0, 0, 0, 0, 0, 10, 2, 13
"c:\Users\makib\Documents\EntornosVirtuales\BaseDeDatosSalonDeBelleza\venv\Lib\site-packages\PyInstaller\hooks\hook-multiprocessing.util.py", "Python", 1, 0, 0, 0, 0, 0, 0, 0, 0, 0, 0, 0, 13, 3, 17
"c:\Users\makib\Documents\EntornosVirtuales\BaseDeDatosSalonDeBelleza\venv\Lib\site-packages\PyInstaller\hooks\hook-numpy.py", "Python", 42, 0, 0, 0, 0, 0, 0, 0, 0, 0, 0, 0, 58, 17, 117
"c:\Users\makib\Documents\EntornosVirtuales\BaseDeDatosSalonDeBelleza\venv\Lib\site-packages\PyInstaller\hooks\hook-packaging.py", "Python", 1, 0, 0, 0, 0, 0, 0, 0, 0, 0, 0, 0, 11, 2, 14
"c:\Users\makib\Documents\EntornosVirtuales\BaseDeDatosSalonDeBelleza\venv\Lib\site-packages\PyInstaller\hooks\hook-pandas.io.clipboard.py", "Python", 1, 0, 0, 0, 0, 0, 0, 0, 0, 0, 0, 0, 17, 2, 20
"c:\Users\makib\Documents\EntornosVirtuales\BaseDeDatosSalonDeBelleza\venv\Lib\site-packages\PyInstaller\hooks\hook-pandas.io.formats.style.py", "Python", 3, 0, 0, 0, 0, 0, 0, 0, 0, 0, 0, 0, 12, 4, 19
"c:\Users\makib\Documents\EntornosVirtuales\BaseDeDatosSalonDeBelleza\venv\Lib\site-packages\PyInstaller\hooks\hook-pandas.plotting.py", "Python", 3, 0, 0, 0, 0, 0, 0, 0, 0, 0, 0, 0, 13, 3, 19
"c:\Users\makib\Documents\EntornosVirtuales\BaseDeDatosSalonDeBelleza\venv\Lib\site-packages\PyInstaller\hooks\hook-pandas.py", "Python", 4, 0, 0, 0, 0, 0, 0, 0, 0, 0, 0, 0, 13, 4, 21
"c:\Users\makib\Documents\EntornosVirtuales\BaseDeDatosSalonDeBelleza\venv\Lib\site-packages\PyInstaller\hooks\hook-pickle.py", "Python", 1, 0, 0, 0, 0, 0, 0, 0, 0, 0, 0, 0, 11, 2, 14
"c:\Users\makib\Documents\EntornosVirtuales\BaseDeDatosSalonDeBelleza\venv\Lib\site-packages\PyInstaller\hooks\hook-pkg_resources.py", "Python", 29, 0, 0, 0, 0, 0, 0, 0, 0, 0, 0, 0, 32, 8, 69
"c:\Users\makib\Documents\EntornosVirtuales\BaseDeDatosSalonDeBelleza\venv\Lib\site-packages\PyInstaller\hooks\hook-platform.py", "Python", 3, 0, 0, 0, 0, 0, 0, 0, 0, 0, 0, 0, 12, 2, 17
"c:\Users\makib\Documents\EntornosVirtuales\BaseDeDatosSalonDeBelleza\venv\Lib\site-packages\PyInstaller\hooks\hook-pygments.py", "Python", 7, 0, 0, 0, 0, 0, 0, 0, 0, 0, 0, 0, 19, 4, 30
"c:\Users\makib\Documents\EntornosVirtuales\BaseDeDatosSalonDeBelleza\venv\Lib\site-packages\PyInstaller\hooks\hook-pytz.py", "Python", 2, 0, 0, 0, 0, 0, 0, 0, 0, 0, 0, 0, 12, 3, 17
"c:\Users\makib\Documents\EntornosVirtuales\BaseDeDatosSalonDeBelleza\venv\Lib\site-packages\PyInstaller\hooks\hook-pytzdata.py", "Python", 2, 0, 0, 0, 0, 0, 0, 0, 0, 0, 0, 0, 10, 3, 15
"c:\Users\makib\Documents\EntornosVirtuales\BaseDeDatosSalonDeBelleza\venv\Lib\site-packages\PyInstaller\hooks\hook-qtawesome.py", "Python", 7, 0, 0, 0, 0, 0, 0, 0, 0, 0, 0, 0, 10, 3, 20
"c:\Users\makib\Documents\EntornosVirtuales\BaseDeDatosSalonDeBelleza\venv\Lib\site-packages\PyInstaller\hooks\hook-qtpy.py", "Python", 5, 0, 0, 0, 0, 0, 0, 0, 0, 0, 0, 0, 18, 3, 26
"c:\Users\makib\Documents\EntornosVirtuales\BaseDeDatosSalonDeBelleza\venv\Lib\site-packages\PyInstaller\hooks\hook-scapy.layers.all.py", "Python", 2, 0, 0, 0, 0, 0, 0, 0, 0, 0, 0, 0, 14, 4, 20
"c:\Users\makib\Documents\EntornosVirtuales\BaseDeDatosSalonDeBelleza\venv\Lib\site-packages\PyInstaller\hooks\hook-scipy.io.matlab.py", "Python", 1, 0, 0, 0, 0, 0, 0, 0, 0, 0, 0, 0, 11, 2, 14
"c:\Users\makib\Documents\EntornosVirtuales\BaseDeDatosSalonDeBelleza\venv\Lib\site-packages\PyInstaller\hooks\hook-scipy.linalg.py", "Python", 1, 0, 0, 0, 0, 0, 0, 0, 0, 0, 0, 0, 11, 2, 14
"c:\Users\makib\Documents\EntornosVirtuales\BaseDeDatosSalonDeBelleza\venv\Lib\site-packages\PyInstaller\hooks\hook-scipy.py", "Python", 27, 0, 0, 0, 0, 0, 0, 0, 0, 0, 0, 0, 23, 10, 60
"c:\Users\makib\Documents\EntornosVirtuales\BaseDeDatosSalonDeBelleza\venv\Lib\site-packages\PyInstaller\hooks\hook-scipy.sparse.csgraph.py", "Python", 1, 0, 0, 0, 0, 0, 0, 0, 0, 0, 0, 0, 11, 2, 14
"c:\Users\makib\Documents\EntornosVirtuales\BaseDeDatosSalonDeBelleza\venv\Lib\site-packages\PyInstaller\hooks\hook-scipy.spatial.transform.rotation.py", "Python", 3, 0, 0, 0, 0, 0, 0, 0, 0, 0, 0, 0, 12, 3, 18
"c:\Users\makib\Documents\EntornosVirtuales\BaseDeDatosSalonDeBelleza\venv\Lib\site-packages\PyInstaller\hooks\hook-scipy.special._ellip_harm_2.py", "Python", 8, 0, 0, 0, 0, 0, 0, 0, 0, 0, 0, 0, 20, 3, 31
"c:\Users\makib\Documents\EntornosVirtuales\BaseDeDatosSalonDeBelleza\venv\Lib\site-packages\PyInstaller\hooks\hook-scipy.special._ufuncs.py", "Python", 6, 0, 0, 0, 0, 0, 0, 0, 0, 0, 0, 0, 15, 5, 26
"c:\Users\makib\Documents\EntornosVirtuales\BaseDeDatosSalonDeBelleza\venv\Lib\site-packages\PyInstaller\hooks\hook-scipy.stats._stats.py", "Python", 3, 0, 0, 0, 0, 0, 0, 0, 0, 0, 0, 0, 10, 3, 16
"c:\Users\makib\Documents\EntornosVirtuales\BaseDeDatosSalonDeBelleza\venv\Lib\site-packages\PyInstaller\hooks\hook-scrapy.py", "Python", 3, 0, 0, 0, 0, 0, 0, 0, 0, 0, 0, 0, 12, 4, 19
"c:\Users\makib\Documents\EntornosVirtuales\BaseDeDatosSalonDeBelleza\venv\Lib\site-packages\PyInstaller\hooks\hook-setuptools._vendor.importlib_metadata.py", "Python", 4, 0, 0, 0, 0, 0, 0, 0, 0, 0, 0, 0, 14, 4, 22
"c:\Users\makib\Documents\EntornosVirtuales\BaseDeDatosSalonDeBelleza\venv\Lib\site-packages\PyInstaller\hooks\hook-setuptools._vendor.jaraco.text.py", "Python", 4, 0, 0, 0, 0, 0, 0, 0, 0, 0, 0, 0, 12, 3, 19
"c:\Users\makib\Documents\EntornosVirtuales\BaseDeDatosSalonDeBelleza\venv\Lib\site-packages\PyInstaller\hooks\hook-setuptools.py", "Python", 18, 0, 0, 0, 0, 0, 0, 0, 0, 0, 0, 0, 49, 9, 76
"c:\Users\makib\Documents\EntornosVirtuales\BaseDeDatosSalonDeBelleza\venv\Lib\site-packages\PyInstaller\hooks\hook-shelve.py", "Python", 1, 0, 0, 0, 0, 0, 0, 0, 0, 0, 0, 0, 11, 3, 15
"c:\Users\makib\Documents\EntornosVirtuales\BaseDeDatosSalonDeBelleza\venv\Lib\site-packages\PyInstaller\hooks\hook-shiboken6.py", "Python", 3, 0, 0, 0, 0, 0, 0, 0, 0, 0, 0, 0, 12, 3, 18
"c:\Users\makib\Documents\EntornosVirtuales\BaseDeDatosSalonDeBelleza\venv\Lib\site-packages\PyInstaller\hooks\hook-sphinx.py", "Python", 16, 0, 0, 0, 0, 0, 0, 0, 0, 0, 0, 0, 20, 6, 42
"c:\Users\makib\Documents\EntornosVirtuales\BaseDeDatosSalonDeBelleza\venv\Lib\site-packages\PyInstaller\hooks\hook-sqlalchemy.py", "Python", 47, 0, 0, 0, 0, 0, 0, 0, 0, 0, 0, 0, 20, 22, 89
"c:\Users\makib\Documents\EntornosVirtuales\BaseDeDatosSalonDeBelleza\venv\Lib\site-packages\PyInstaller\hooks\hook-sqlite3.py", "Python", 5, 0, 0, 0, 0, 0, 0, 0, 0, 0, 0, 0, 11, 4, 20
"c:\Users\makib\Documents\EntornosVirtuales\BaseDeDatosSalonDeBelleza\venv\Lib\site-packages\PyInstaller\hooks\hook-sysconfig.py", "Python", 8, 0, 0, 0, 0, 0, 0, 0, 0, 0, 0, 0, 19, 3, 30
"c:\Users\makib\Documents\EntornosVirtuales\BaseDeDatosSalonDeBelleza\venv\Lib\site-packages\PyInstaller\hooks\hook-wcwidth.py", "Python", 2, 0, 0, 0, 0, 0, 0, 0, 0, 0, 0, 0, 10, 3, 15
"c:\Users\makib\Documents\EntornosVirtuales\BaseDeDatosSalonDeBelleza\venv\Lib\site-packages\PyInstaller\hooks\hook-win32ctypes.core.py", "Python", 4, 0, 0, 0, 0, 0, 0, 0, 0, 0, 0, 0, 15, 4, 23
"c:\Users\makib\Documents\EntornosVirtuales\BaseDeDatosSalonDeBelleza\venv\Lib\site-packages\PyInstaller\hooks\hook-xml.dom.domreg.py", "Python", 1, 0, 0, 0, 0, 0, 0, 0, 0, 0, 0, 0, 11, 2, 14
"c:\Users\makib\Documents\EntornosVirtuales\BaseDeDatosSalonDeBelleza\venv\Lib\site-packages\PyInstaller\hooks\hook-xml.etree.cElementTree.py", "Python", 1, 0, 0, 0, 0, 0, 0, 0, 0, 0, 0, 0, 11, 2, 14
"c:\Users\makib\Documents\EntornosVirtuales\BaseDeDatosSalonDeBelleza\venv\Lib\site-packages\PyInstaller\hooks\hook-xml.py", "Python", 1, 0, 0, 0, 0, 0, 0, 0, 0, 0, 0, 0, 10, 2, 13
"c:\Users\makib\Documents\EntornosVirtuales\BaseDeDatosSalonDeBelleza\venv\Lib\site-packages\PyInstaller\hooks\hook-zope.interface.py", "Python", 1, 0, 0, 0, 0, 0, 0, 0, 0, 0, 0, 0, 10, 2, 13
"c:\Users\makib\Documents\EntornosVirtuales\BaseDeDatosSalonDeBelleza\venv\Lib\site-packages\PyInstaller\hooks\pre_find_module_path\__init__.py", "Python", 0, 0, 0, 0, 0, 0, 0, 0, 0, 0, 0, 0, 1, 1, 2
"c:\Users\makib\Documents\EntornosVirtuales\BaseDeDatosSalonDeBelleza\venv\Lib\site-packages\PyInstaller\hooks\pre_find_module_path\hook-PyQt5.uic.port_v2.py", "Python", 2, 0, 0, 0, 0, 0, 0, 0, 0, 0, 0, 0, 11, 3, 16
"c:\Users\makib\Documents\EntornosVirtuales\BaseDeDatosSalonDeBelleza\venv\Lib\site-packages\PyInstaller\hooks\pre_find_module_path\hook-_pyi_rth_utils.py", "Python", 10, 0, 0, 0, 0, 0, 0, 0, 0, 0, 0, 0, 10, 6, 26
"c:\Users\makib\Documents\EntornosVirtuales\BaseDeDatosSalonDeBelleza\venv\Lib\site-packages\PyInstaller\hooks\pre_find_module_path\hook-distutils.py", "Python", 21, 0, 0, 0, 0, 0, 0, 0, 0, 0, 0, 0, 17, 9, 47
"c:\Users\makib\Documents\EntornosVirtuales\BaseDeDatosSalonDeBelleza\venv\Lib\site-packages\PyInstaller\hooks\pre_find_module_path\hook-pyi_splash.py", "Python", 18, 0, 0, 0, 0, 0, 0, 0, 0, 0, 0, 0, 12, 7, 37
"c:\Users\makib\Documents\EntornosVirtuales\BaseDeDatosSalonDeBelleza\venv\Lib\site-packages\PyInstaller\hooks\pre_find_module_path\hook-tkinter.py", "Python", 7, 0, 0, 0, 0, 0, 0, 0, 0, 0, 0, 0, 10, 5, 22
"c:\Users\makib\Documents\EntornosVirtuales\BaseDeDatosSalonDeBelleza\venv\Lib\site-packages\PyInstaller\hooks\pre_safe_import_module\__init__.py", "Python", 0, 0, 0, 0, 0, 0, 0, 0, 0, 0, 0, 0, 1, 1, 2
"c:\Users\makib\Documents\EntornosVirtuales\BaseDeDatosSalonDeBelleza\venv\Lib\site-packages\PyInstaller\hooks\pre_safe_import_module\hook-autocommand.py", "Python", 1, 0, 0, 0, 0, 0, 0, 0, 0, 0, 0, 0, 13, 2, 16
"c:\Users\makib\Documents\EntornosVirtuales\BaseDeDatosSalonDeBelleza\venv\Lib\site-packages\PyInstaller\hooks\pre_safe_import_module\hook-backports.tarfile.py", "Python", 1, 0, 0, 0, 0, 0, 0, 0, 0, 0, 0, 0, 13, 2, 16
"c:\Users\makib\Documents\EntornosVirtuales\BaseDeDatosSalonDeBelleza\venv\Lib\site-packages\PyInstaller\hooks\pre_safe_import_module\hook-distutils.py", "Python", 6, 0, 0, 0, 0, 0, 0, 0, 0, 0, 0, 0, 14, 4, 24
"c:\Users\makib\Documents\EntornosVirtuales\BaseDeDatosSalonDeBelleza\venv\Lib\site-packages\PyInstaller\hooks\pre_safe_import_module\hook-gi.py", "Python", 10, 0, 0, 0, 0, 0, 0, 0, 0, 0, 0, 0, 23, 5, 38
"c:\Users\makib\Documents\EntornosVirtuales\BaseDeDatosSalonDeBelleza\venv\Lib\site-packages\PyInstaller\hooks\pre_safe_import_module\hook-gi.repository.Adw.py", "Python", 2, 0, 0, 0, 0, 0, 0, 0, 0, 0, 0, 0, 12, 3, 17
"c:\Users\makib\Documents\EntornosVirtuales\BaseDeDatosSalonDeBelleza\venv\Lib\site-packages\PyInstaller\hooks\pre_safe_import_module\hook-gi.repository.AppIndicator3.py", "Python", 2, 0, 0, 0, 0, 0, 0, 0, 0, 0, 0, 0, 12, 3, 17
"c:\Users\makib\Documents\EntornosVirtuales\BaseDeDatosSalonDeBelleza\venv\Lib\site-packages\PyInstaller\hooks\pre_safe_import_module\hook-gi.repository.Atk.py", "Python", 2, 0, 0, 0, 0, 0, 0, 0, 0, 0, 0, 0, 12, 3, 17
"c:\Users\makib\Documents\EntornosVirtuales\BaseDeDatosSalonDeBelleza\venv\Lib\site-packages\PyInstaller\hooks\pre_safe_import_module\hook-gi.repository.AyatanaAppIndicator3.py", "Python", 2, 0, 0, 0, 0, 0, 0, 0, 0, 0, 0, 0, 12, 3, 17
"c:\Users\makib\Documents\EntornosVirtuales\BaseDeDatosSalonDeBelleza\venv\Lib\site-packages\PyInstaller\hooks\pre_safe_import_module\hook-gi.repository.Champlain.py", "Python", 2, 0, 0, 0, 0, 0, 0, 0, 0, 0, 0, 0, 12, 3, 17
"c:\Users\makib\Documents\EntornosVirtuales\BaseDeDatosSalonDeBelleza\venv\Lib\site-packages\PyInstaller\hooks\pre_safe_import_module\hook-gi.repository.Clutter.py", "Python", 2, 0, 0, 0, 0, 0, 0, 0, 0, 0, 0, 0, 12, 3, 17
"c:\Users\makib\Documents\EntornosVirtuales\BaseDeDatosSalonDeBelleza\venv\Lib\site-packages\PyInstaller\hooks\pre_safe_import_module\hook-gi.repository.DBus.py", "Python", 2, 0, 0, 0, 0, 0, 0, 0, 0, 0, 0, 0, 12, 3, 17
"c:\Users\makib\Documents\EntornosVirtuales\BaseDeDatosSalonDeBelleza\venv\Lib\site-packages\PyInstaller\hooks\pre_safe_import_module\hook-gi.repository.GIRepository.py", "Python", 2, 0, 0, 0, 0, 0, 0, 0, 0, 0, 0, 0, 12, 3, 17
"c:\Users\makib\Documents\EntornosVirtuales\BaseDeDatosSalonDeBelleza\venv\Lib\site-packages\PyInstaller\hooks\pre_safe_import_module\hook-gi.repository.GLib.py", "Python", 2, 0, 0, 0, 0, 0, 0, 0, 0, 0, 0, 0, 12, 3, 17
"c:\Users\makib\Documents\EntornosVirtuales\BaseDeDatosSalonDeBelleza\venv\Lib\site-packages\PyInstaller\hooks\pre_safe_import_module\hook-gi.repository.GModule.py", "Python", 2, 0, 0, 0, 0, 0, 0, 0, 0, 0, 0, 0, 12, 3, 17
"c:\Users\makib\Documents\EntornosVirtuales\BaseDeDatosSalonDeBelleza\venv\Lib\site-packages\PyInstaller\hooks\pre_safe_import_module\hook-gi.repository.GObject.py", "Python", 2, 0, 0, 0, 0, 0, 0, 0, 0, 0, 0, 0, 12, 3, 17
"c:\Users\makib\Documents\EntornosVirtuales\BaseDeDatosSalonDeBelleza\venv\Lib\site-packages\PyInstaller\hooks\pre_safe_import_module\hook-gi.repository.Gdk.py", "Python", 2, 0, 0, 0, 0, 0, 0, 0, 0, 0, 0, 0, 12, 3, 17
"c:\Users\makib\Documents\EntornosVirtuales\BaseDeDatosSalonDeBelleza\venv\Lib\site-packages\PyInstaller\hooks\pre_safe_import_module\hook-gi.repository.GdkPixbuf.py", "Python", 2, 0, 0, 0, 0, 0, 0, 0, 0, 0, 0, 0, 12, 3, 17
"c:\Users\makib\Documents\EntornosVirtuales\BaseDeDatosSalonDeBelleza\venv\Lib\site-packages\PyInstaller\hooks\pre_safe_import_module\hook-gi.repository.Gio.py", "Python", 2, 0, 0, 0, 0, 0, 0, 0, 0, 0, 0, 0, 12, 3, 17
"c:\Users\makib\Documents\EntornosVirtuales\BaseDeDatosSalonDeBelleza\venv\Lib\site-packages\PyInstaller\hooks\pre_safe_import_module\hook-gi.repository.Graphene.py", "Python", 2, 0, 0, 0, 0, 0, 0, 0, 0, 0, 0, 0, 12, 3, 17
"c:\Users\makib\Documents\EntornosVirtuales\BaseDeDatosSalonDeBelleza\venv\Lib\site-packages\PyInstaller\hooks\pre_safe_import_module\hook-gi.repository.Gsk.py", "Python", 2, 0, 0, 0, 0, 0, 0, 0, 0, 0, 0, 0, 12, 3, 17
"c:\Users\makib\Documents\EntornosVirtuales\BaseDeDatosSalonDeBelleza\venv\Lib\site-packages\PyInstaller\hooks\pre_safe_import_module\hook-gi.repository.Gst.py", "Python", 2, 0, 0, 0, 0, 0, 0, 0, 0, 0, 0, 0, 12, 3, 17
"c:\Users\makib\Documents\EntornosVirtuales\BaseDeDatosSalonDeBelleza\venv\Lib\site-packages\PyInstaller\hooks\pre_safe_import_module\hook-gi.repository.GstAllocators.py", "Python", 2, 0, 0, 0, 0, 0, 0, 0, 0, 0, 0, 0, 12, 3, 17
"c:\Users\makib\Documents\EntornosVirtuales\BaseDeDatosSalonDeBelleza\venv\Lib\site-packages\PyInstaller\hooks\pre_safe_import_module\hook-gi.repository.GstApp.py", "Python", 2, 0, 0, 0, 0, 0, 0, 0, 0, 0, 0, 0, 12, 3, 17
"c:\Users\makib\Documents\EntornosVirtuales\BaseDeDatosSalonDeBelleza\venv\Lib\site-packages\PyInstaller\hooks\pre_safe_import_module\hook-gi.repository.GstAudio.py", "Python", 2, 0, 0, 0, 0, 0, 0, 0, 0, 0, 0, 0, 12, 3, 17
"c:\Users\makib\Documents\EntornosVirtuales\BaseDeDatosSalonDeBelleza\venv\Lib\site-packages\PyInstaller\hooks\pre_safe_import_module\hook-gi.repository.GstBadAudio.py", "Python", 2, 0, 0, 0, 0, 0, 0, 0, 0, 0, 0, 0, 12, 3, 17
"c:\Users\makib\Documents\EntornosVirtuales\BaseDeDatosSalonDeBelleza\venv\Lib\site-packages\PyInstaller\hooks\pre_safe_import_module\hook-gi.repository.GstBase.py", "Python", 2, 0, 0, 0, 0, 0, 0, 0, 0, 0, 0, 0, 12, 3, 17
"c:\Users\makib\Documents\EntornosVirtuales\BaseDeDatosSalonDeBelleza\venv\Lib\site-packages\PyInstaller\hooks\pre_safe_import_module\hook-gi.repository.GstCheck.py", "Python", 2, 0, 0, 0, 0, 0, 0, 0, 0, 0, 0, 0, 12, 3, 17
"c:\Users\makib\Documents\EntornosVirtuales\BaseDeDatosSalonDeBelleza\venv\Lib\site-packages\PyInstaller\hooks\pre_safe_import_module\hook-gi.repository.GstCodecs.py", "Python", 2, 0, 0, 0, 0, 0, 0, 0, 0, 0, 0, 0, 12, 3, 17
"c:\Users\makib\Documents\EntornosVirtuales\BaseDeDatosSalonDeBelleza\venv\Lib\site-packages\PyInstaller\hooks\pre_safe_import_module\hook-gi.repository.GstController.py", "Python", 2, 0, 0, 0, 0, 0, 0, 0, 0, 0, 0, 0, 12, 3, 17
"c:\Users\makib\Documents\EntornosVirtuales\BaseDeDatosSalonDeBelleza\venv\Lib\site-packages\PyInstaller\hooks\pre_safe_import_module\hook-gi.repository.GstGL.py", "Python", 2, 0, 0, 0, 0, 0, 0, 0, 0, 0, 0, 0, 12, 3, 17
"c:\Users\makib\Documents\EntornosVirtuales\BaseDeDatosSalonDeBelleza\venv\Lib\site-packages\PyInstaller\hooks\pre_safe_import_module\hook-gi.repository.GstGLEGL.py", "Python", 2, 0, 0, 0, 0, 0, 0, 0, 0, 0, 0, 0, 12, 3, 17
"c:\Users\makib\Documents\EntornosVirtuales\BaseDeDatosSalonDeBelleza\venv\Lib\site-packages\PyInstaller\hooks\pre_safe_import_module\hook-gi.repository.GstGLWayland.py", "Python", 2, 0, 0, 0, 0, 0, 0, 0, 0, 0, 0, 0, 12, 3, 17
"c:\Users\makib\Documents\EntornosVirtuales\BaseDeDatosSalonDeBelleza\venv\Lib\site-packages\PyInstaller\hooks\pre_safe_import_module\hook-gi.repository.GstGLX11.py", "Python", 2, 0, 0, 0, 0, 0, 0, 0, 0, 0, 0, 0, 12, 3, 17
"c:\Users\makib\Documents\EntornosVirtuales\BaseDeDatosSalonDeBelleza\venv\Lib\site-packages\PyInstaller\hooks\pre_safe_import_module\hook-gi.repository.GstInsertBin.py", "Python", 2, 0, 0, 0, 0, 0, 0, 0, 0, 0, 0, 0, 12, 3, 17
"c:\Users\makib\Documents\EntornosVirtuales\BaseDeDatosSalonDeBelleza\venv\Lib\site-packages\PyInstaller\hooks\pre_safe_import_module\hook-gi.repository.GstMpegts.py", "Python", 2, 0, 0, 0, 0, 0, 0, 0, 0, 0, 0, 0, 12, 3, 17
"c:\Users\makib\Documents\EntornosVirtuales\BaseDeDatosSalonDeBelleza\venv\Lib\site-packages\PyInstaller\hooks\pre_safe_import_module\hook-gi.repository.GstNet.py", "Python", 2, 0, 0, 0, 0, 0, 0, 0, 0, 0, 0, 0, 12, 3, 17
"c:\Users\makib\Documents\EntornosVirtuales\BaseDeDatosSalonDeBelleza\venv\Lib\site-packages\PyInstaller\hooks\pre_safe_import_module\hook-gi.repository.GstPbutils.py", "Python", 2, 0, 0, 0, 0, 0, 0, 0, 0, 0, 0, 0, 12, 3, 17
"c:\Users\makib\Documents\EntornosVirtuales\BaseDeDatosSalonDeBelleza\venv\Lib\site-packages\PyInstaller\hooks\pre_safe_import_module\hook-gi.repository.GstPlay.py", "Python", 2, 0, 0, 0, 0, 0, 0, 0, 0, 0, 0, 0, 12, 3, 17
"c:\Users\makib\Documents\EntornosVirtuales\BaseDeDatosSalonDeBelleza\venv\Lib\site-packages\PyInstaller\hooks\pre_safe_import_module\hook-gi.repository.GstPlayer.py", "Python", 2, 0, 0, 0, 0, 0, 0, 0, 0, 0, 0, 0, 12, 3, 17
"c:\Users\makib\Documents\EntornosVirtuales\BaseDeDatosSalonDeBelleza\venv\Lib\site-packages\PyInstaller\hooks\pre_safe_import_module\hook-gi.repository.GstRtp.py", "Python", 2, 0, 0, 0, 0, 0, 0, 0, 0, 0, 0, 0, 12, 3, 17
"c:\Users\makib\Documents\EntornosVirtuales\BaseDeDatosSalonDeBelleza\venv\Lib\site-packages\PyInstaller\hooks\pre_safe_import_module\hook-gi.repository.GstRtsp.py", "Python", 2, 0, 0, 0, 0, 0, 0, 0, 0, 0, 0, 0, 12, 3, 17
"c:\Users\makib\Documents\EntornosVirtuales\BaseDeDatosSalonDeBelleza\venv\Lib\site-packages\PyInstaller\hooks\pre_safe_import_module\hook-gi.repository.GstRtspServer.py", "Python", 2, 0, 0, 0, 0, 0, 0, 0, 0, 0, 0, 0, 12, 3, 17
"c:\Users\makib\Documents\EntornosVirtuales\BaseDeDatosSalonDeBelleza\venv\Lib\site-packages\PyInstaller\hooks\pre_safe_import_module\hook-gi.repository.GstSdp.py", "Python", 2, 0, 0, 0, 0, 0, 0, 0, 0, 0, 0, 0, 12, 3, 17
"c:\Users\makib\Documents\EntornosVirtuales\BaseDeDatosSalonDeBelleza\venv\Lib\site-packages\PyInstaller\hooks\pre_safe_import_module\hook-gi.repository.GstTag.py", "Python", 2, 0, 0, 0, 0, 0, 0, 0, 0, 0, 0, 0, 12, 3, 17
"c:\Users\makib\Documents\EntornosVirtuales\BaseDeDatosSalonDeBelleza\venv\Lib\site-packages\PyInstaller\hooks\pre_safe_import_module\hook-gi.repository.GstTranscoder.py", "Python", 2, 0, 0, 0, 0, 0, 0, 0, 0, 0, 0, 0, 12, 3, 17
"c:\Users\makib\Documents\EntornosVirtuales\BaseDeDatosSalonDeBelleza\venv\Lib\site-packages\PyInstaller\hooks\pre_safe_import_module\hook-gi.repository.GstVideo.py", "Python", 2, 0, 0, 0, 0, 0, 0, 0, 0, 0, 0, 0, 12, 3, 17
"c:\Users\makib\Documents\EntornosVirtuales\BaseDeDatosSalonDeBelleza\venv\Lib\site-packages\PyInstaller\hooks\pre_safe_import_module\hook-gi.repository.GstVulkan.py", "Python", 2, 0, 0, 0, 0, 0, 0, 0, 0, 0, 0, 0, 12, 3, 17
"c:\Users\makib\Documents\EntornosVirtuales\BaseDeDatosSalonDeBelleza\venv\Lib\site-packages\PyInstaller\hooks\pre_safe_import_module\hook-gi.repository.GstVulkanWayland.py", "Python", 2, 0, 0, 0, 0, 0, 0, 0, 0, 0, 0, 0, 12, 3, 17
"c:\Users\makib\Documents\EntornosVirtuales\BaseDeDatosSalonDeBelleza\venv\Lib\site-packages\PyInstaller\hooks\pre_safe_import_module\hook-gi.repository.GstVulkanXCB.py", "Python", 2, 0, 0, 0, 0, 0, 0, 0, 0, 0, 0, 0, 12, 3, 17
"c:\Users\makib\Documents\EntornosVirtuales\BaseDeDatosSalonDeBelleza\venv\Lib\site-packages\PyInstaller\hooks\pre_safe_import_module\hook-gi.repository.GstWebRTC.py", "Python", 2, 0, 0, 0, 0, 0, 0, 0, 0, 0, 0, 0, 12, 3, 17
"c:\Users\makib\Documents\EntornosVirtuales\BaseDeDatosSalonDeBelleza\venv\Lib\site-packages\PyInstaller\hooks\pre_safe_import_module\hook-gi.repository.Gtk.py", "Python", 2, 0, 0, 0, 0, 0, 0, 0, 0, 0, 0, 0, 12, 3, 17
"c:\Users\makib\Documents\EntornosVirtuales\BaseDeDatosSalonDeBelleza\venv\Lib\site-packages\PyInstaller\hooks\pre_safe_import_module\hook-gi.repository.GtkChamplain.py", "Python", 2, 0, 0, 0, 0, 0, 0, 0, 0, 0, 0, 0, 12, 3, 17
"c:\Users\makib\Documents\EntornosVirtuales\BaseDeDatosSalonDeBelleza\venv\Lib\site-packages\PyInstaller\hooks\pre_safe_import_module\hook-gi.repository.GtkClutter.py", "Python", 2, 0, 0, 0, 0, 0, 0, 0, 0, 0, 0, 0, 12, 3, 17
"c:\Users\makib\Documents\EntornosVirtuales\BaseDeDatosSalonDeBelleza\venv\Lib\site-packages\PyInstaller\hooks\pre_safe_import_module\hook-gi.repository.GtkSource.py", "Python", 2, 0, 0, 0, 0, 0, 0, 0, 0, 0, 0, 0, 12, 3, 17
"c:\Users\makib\Documents\EntornosVirtuales\BaseDeDatosSalonDeBelleza\venv\Lib\site-packages\PyInstaller\hooks\pre_safe_import_module\hook-gi.repository.GtkosxApplication.py", "Python", 2, 0, 0, 0, 0, 0, 0, 0, 0, 0, 0, 0, 12, 3, 17
"c:\Users\makib\Documents\EntornosVirtuales\BaseDeDatosSalonDeBelleza\venv\Lib\site-packages\PyInstaller\hooks\pre_safe_import_module\hook-gi.repository.HarfBuzz.py", "Python", 2, 0, 0, 0, 0, 0, 0, 0, 0, 0, 0, 0, 12, 3, 17
"c:\Users\makib\Documents\EntornosVirtuales\BaseDeDatosSalonDeBelleza\venv\Lib\site-packages\PyInstaller\hooks\pre_safe_import_module\hook-gi.repository.Pango.py", "Python", 2, 0, 0, 0, 0, 0, 0, 0, 0, 0, 0, 0, 12, 3, 17
"c:\Users\makib\Documents\EntornosVirtuales\BaseDeDatosSalonDeBelleza\venv\Lib\site-packages\PyInstaller\hooks\pre_safe_import_module\hook-gi.repository.PangoCairo.py", "Python", 2, 0, 0, 0, 0, 0, 0, 0, 0, 0, 0, 0, 12, 3, 17
"c:\Users\makib\Documents\EntornosVirtuales\BaseDeDatosSalonDeBelleza\venv\Lib\site-packages\PyInstaller\hooks\pre_safe_import_module\hook-gi.repository.Rsvg.py", "Python", 2, 0, 0, 0, 0, 0, 0, 0, 0, 0, 0, 0, 12, 3, 17
"c:\Users\makib\Documents\EntornosVirtuales\BaseDeDatosSalonDeBelleza\venv\Lib\site-packages\PyInstaller\hooks\pre_safe_import_module\hook-gi.repository.cairo.py", "Python", 2, 0, 0, 0, 0, 0, 0, 0, 0, 0, 0, 0, 12, 3, 17
"c:\Users\makib\Documents\EntornosVirtuales\BaseDeDatosSalonDeBelleza\venv\Lib\site-packages\PyInstaller\hooks\pre_safe_import_module\hook-gi.repository.freetype2.py", "Python", 2, 0, 0, 0, 0, 0, 0, 0, 0, 0, 0, 0, 12, 3, 17
"c:\Users\makib\Documents\EntornosVirtuales\BaseDeDatosSalonDeBelleza\venv\Lib\site-packages\PyInstaller\hooks\pre_safe_import_module\hook-gi.repository.xlib.py", "Python", 2, 0, 0, 0, 0, 0, 0, 0, 0, 0, 0, 0, 12, 3, 17
"c:\Users\makib\Documents\EntornosVirtuales\BaseDeDatosSalonDeBelleza\venv\Lib\site-packages\PyInstaller\hooks\pre_safe_import_module\hook-importlib_metadata.py", "Python", 1, 0, 0, 0, 0, 0, 0, 0, 0, 0, 0, 0, 13, 2, 16
"c:\Users\makib\Documents\EntornosVirtuales\BaseDeDatosSalonDeBelleza\venv\Lib\site-packages\PyInstaller\hooks\pre_safe_import_module\hook-importlib_resources.py", "Python", 1, 0, 0, 0, 0, 0, 0, 0, 0, 0, 0, 0, 13, 2, 16
"c:\Users\makib\Documents\EntornosVirtuales\BaseDeDatosSalonDeBelleza\venv\Lib\site-packages\PyInstaller\hooks\pre_safe_import_module\hook-inflect.py", "Python", 1, 0, 0, 0, 0, 0, 0, 0, 0, 0, 0, 0, 13, 2, 16
"c:\Users\makib\Documents\EntornosVirtuales\BaseDeDatosSalonDeBelleza\venv\Lib\site-packages\PyInstaller\hooks\pre_safe_import_module\hook-jaraco.context.py", "Python", 1, 0, 0, 0, 0, 0, 0, 0, 0, 0, 0, 0, 13, 2, 16
"c:\Users\makib\Documents\EntornosVirtuales\BaseDeDatosSalonDeBelleza\venv\Lib\site-packages\PyInstaller\hooks\pre_safe_import_module\hook-jaraco.functools.py", "Python", 1, 0, 0, 0, 0, 0, 0, 0, 0, 0, 0, 0, 13, 2, 16
"c:\Users\makib\Documents\EntornosVirtuales\BaseDeDatosSalonDeBelleza\venv\Lib\site-packages\PyInstaller\hooks\pre_safe_import_module\hook-jaraco.text.py", "Python", 1, 0, 0, 0, 0, 0, 0, 0, 0, 0, 0, 0, 13, 2, 16
"c:\Users\makib\Documents\EntornosVirtuales\BaseDeDatosSalonDeBelleza\venv\Lib\site-packages\PyInstaller\hooks\pre_safe_import_module\hook-more_itertools.py", "Python", 1, 0, 0, 0, 0, 0, 0, 0, 0, 0, 0, 0, 13, 2, 16
"c:\Users\makib\Documents\EntornosVirtuales\BaseDeDatosSalonDeBelleza\venv\Lib\site-packages\PyInstaller\hooks\pre_safe_import_module\hook-ordered_set.py", "Python", 1, 0, 0, 0, 0, 0, 0, 0, 0, 0, 0, 0, 13, 2, 16
"c:\Users\makib\Documents\EntornosVirtuales\BaseDeDatosSalonDeBelleza\venv\Lib\site-packages\PyInstaller\hooks\pre_safe_import_module\hook-packaging.py", "Python", 1, 0, 0, 0, 0, 0, 0, 0, 0, 0, 0, 0, 13, 2, 16
"c:\Users\makib\Documents\EntornosVirtuales\BaseDeDatosSalonDeBelleza\venv\Lib\site-packages\PyInstaller\hooks\pre_safe_import_module\hook-platformdirs.py", "Python", 1, 0, 0, 0, 0, 0, 0, 0, 0, 0, 0, 0, 13, 2, 16
"c:\Users\makib\Documents\EntornosVirtuales\BaseDeDatosSalonDeBelleza\venv\Lib\site-packages\PyInstaller\hooks\pre_safe_import_module\hook-setuptools.extern.six.moves.py", "Python", 19, 0, 0, 0, 0, 0, 0, 0, 0, 0, 0, 0, 13, 8, 40
"c:\Users\makib\Documents\EntornosVirtuales\BaseDeDatosSalonDeBelleza\venv\Lib\site-packages\PyInstaller\hooks\pre_safe_import_module\hook-six.moves.py", "Python", 32, 0, 0, 0, 0, 0, 0, 0, 0, 0, 0, 0, 23, 8, 63
"c:\Users\makib\Documents\EntornosVirtuales\BaseDeDatosSalonDeBelleza\venv\Lib\site-packages\PyInstaller\hooks\pre_safe_import_module\hook-tomli.py", "Python", 1, 0, 0, 0, 0, 0, 0, 0, 0, 0, 0, 0, 13, 2, 16
"c:\Users\makib\Documents\EntornosVirtuales\BaseDeDatosSalonDeBelleza\venv\Lib\site-packages\PyInstaller\hooks\pre_safe_import_module\hook-typeguard.py", "Python", 1, 0, 0, 0, 0, 0, 0, 0, 0, 0, 0, 0, 13, 2, 16
"c:\Users\makib\Documents\EntornosVirtuales\BaseDeDatosSalonDeBelleza\venv\Lib\site-packages\PyInstaller\hooks\pre_safe_import_module\hook-typing_extensions.py", "Python", 1, 0, 0, 0, 0, 0, 0, 0, 0, 0, 0, 0, 13, 2, 16
"c:\Users\makib\Documents\EntornosVirtuales\BaseDeDatosSalonDeBelleza\venv\Lib\site-packages\PyInstaller\hooks\pre_safe_import_module\hook-urllib3.packages.six.moves.py", "Python", 16, 0, 0, 0, 0, 0, 0, 0, 0, 0, 0, 0, 12, 7, 35
"c:\Users\makib\Documents\EntornosVirtuales\BaseDeDatosSalonDeBelleza\venv\Lib\site-packages\PyInstaller\hooks\pre_safe_import_module\hook-wheel.py", "Python", 1, 0, 0, 0, 0, 0, 0, 0, 0, 0, 0, 0, 13, 2, 16
"c:\Users\makib\Documents\EntornosVirtuales\BaseDeDatosSalonDeBelleza\venv\Lib\site-packages\PyInstaller\hooks\pre_safe_import_module\hook-zipp.py", "Python", 1, 0, 0, 0, 0, 0, 0, 0, 0, 0, 0, 0, 13, 2, 16
"c:\Users\makib\Documents\EntornosVirtuales\BaseDeDatosSalonDeBelleza\venv\Lib\site-packages\PyInstaller\hooks\rthooks\__init__.py", "Python", 0, 0, 0, 0, 0, 0, 0, 0, 0, 0, 0, 0, 1, 1, 2
"c:\Users\makib\Documents\EntornosVirtuales\BaseDeDatosSalonDeBelleza\venv\Lib\site-packages\PyInstaller\hooks\rthooks\pyi_rth__tkinter.py", "Python", 16, 0, 0, 0, 0, 0, 0, 0, 0, 0, 0, 0, 13, 9, 38
"c:\Users\makib\Documents\EntornosVirtuales\BaseDeDatosSalonDeBelleza\venv\Lib\site-packages\PyInstaller\hooks\rthooks\pyi_rth_django.py", "Python", 13, 0, 0, 0, 0, 0, 0, 0, 0, 0, 0, 0, 13, 9, 35
"c:\Users\makib\Documents\EntornosVirtuales\BaseDeDatosSalonDeBelleza\venv\Lib\site-packages\PyInstaller\hooks\rthooks\pyi_rth_gdkpixbuf.py", "Python", 20, 0, 0, 0, 0, 0, 0, 0, 0, 0, 0, 0, 12, 10, 42
"c:\Users\makib\Documents\EntornosVirtuales\BaseDeDatosSalonDeBelleza\venv\Lib\site-packages\PyInstaller\hooks\rthooks\pyi_rth_gi.py", "Python", 6, 0, 0, 0, 0, 0, 0, 0, 0, 0, 0, 0, 10, 6, 22
"c:\Users\makib\Documents\EntornosVirtuales\BaseDeDatosSalonDeBelleza\venv\Lib\site-packages\PyInstaller\hooks\rthooks\pyi_rth_gio.py", "Python", 6, 0, 0, 0, 0, 0, 0, 0, 0, 0, 0, 0, 10, 6, 22
"c:\Users\makib\Documents\EntornosVirtuales\BaseDeDatosSalonDeBelleza\venv\Lib\site-packages\PyInstaller\hooks\rthooks\pyi_rth_glib.py", "Python", 15, 0, 0, 0, 0, 0, 0, 0, 0, 0, 0, 0, 15, 8, 38
"c:\Users\makib\Documents\EntornosVirtuales\BaseDeDatosSalonDeBelleza\venv\Lib\site-packages\PyInstaller\hooks\rthooks\pyi_rth_gstreamer.py", "Python", 10, 0, 0, 0, 0, 0, 0, 0, 0, 0, 0, 0, 14, 9, 33
"c:\Users\makib\Documents\EntornosVirtuales\BaseDeDatosSalonDeBelleza\venv\Lib\site-packages\PyInstaller\hooks\rthooks\pyi_rth_gtk.py", "Python", 10, 0, 0, 0, 0, 0, 0, 0, 0, 0, 0, 0, 11, 7, 28
"c:\Users\makib\Documents\EntornosVirtuales\BaseDeDatosSalonDeBelleza\venv\Lib\site-packages\PyInstaller\hooks\rthooks\pyi_rth_inspect.py", "Python", 32, 0, 0, 0, 0, 0, 0, 0, 0, 0, 0, 0, 44, 14, 90
"c:\Users\makib\Documents\EntornosVirtuales\BaseDeDatosSalonDeBelleza\venv\Lib\site-packages\PyInstaller\hooks\rthooks\pyi_rth_kivy.py", "Python", 8, 0, 0, 0, 0, 0, 0, 0, 0, 0, 0, 0, 10, 7, 25
"c:\Users\makib\Documents\EntornosVirtuales\BaseDeDatosSalonDeBelleza\venv\Lib\site-packages\PyInstaller\hooks\rthooks\pyi_rth_mplconfig.py", "Python", 13, 0, 0, 0, 0, 0, 0, 0, 0, 0, 0, 0, 25, 9, 47
"c:\Users\makib\Documents\EntornosVirtuales\BaseDeDatosSalonDeBelleza\venv\Lib\site-packages\PyInstaller\hooks\rthooks\pyi_rth_multiprocessing.py", "Python", 27, 0, 0, 0, 0, 0, 0, 0, 0, 0, 0, 0, 17, 12, 56
"c:\Users\makib\Documents\EntornosVirtuales\BaseDeDatosSalonDeBelleza\venv\Lib\site-packages\PyInstaller\hooks\rthooks\pyi_rth_pkgres.py", "Python", 81, 0, 0, 0, 0, 0, 0, 0, 0, 0, 0, 0, 62, 29, 172
"c:\Users\makib\Documents\EntornosVirtuales\BaseDeDatosSalonDeBelleza\venv\Lib\site-packages\PyInstaller\hooks\rthooks\pyi_rth_pkgutil.py", "Python", 26, 0, 0, 0, 0, 0, 0, 0, 0, 0, 0, 0, 29, 10, 65
"c:\Users\makib\Documents\EntornosVirtuales\BaseDeDatosSalonDeBelleza\venv\Lib\site-packages\PyInstaller\hooks\rthooks\pyi_rth_pyqt5.py", "Python", 25, 0, 0, 0, 0, 0, 0, 0, 0, 0, 0, 0, 31, 13, 69
"c:\Users\makib\Documents\EntornosVirtuales\BaseDeDatosSalonDeBelleza\venv\Lib\site-packages\PyInstaller\hooks\rthooks\pyi_rth_pyqt6.py", "Python", 27, 0, 0, 0, 0, 0, 0, 0, 0, 0, 0, 0, 30, 14, 71
"c:\Users\makib\Documents\EntornosVirtuales\BaseDeDatosSalonDeBelleza\venv\Lib\site-packages\PyInstaller\hooks\rthooks\pyi_rth_pyside2.py", "Python", 26, 0, 0, 0, 0, 0, 0, 0, 0, 0, 0, 0, 25, 13, 64
"c:\Users\makib\Documents\EntornosVirtuales\BaseDeDatosSalonDeBelleza\venv\Lib\site-packages\PyInstaller\hooks\rthooks\pyi_rth_pyside6.py", "Python", 28, 0, 0, 0, 0, 0, 0, 0, 0, 0, 0, 0, 28, 14, 70
"c:\Users\makib\Documents\EntornosVirtuales\BaseDeDatosSalonDeBelleza\venv\Lib\site-packages\PyInstaller\hooks\rthooks\pyi_rth_setuptools.py", "Python", 15, 0, 0, 0, 0, 0, 0, 0, 0, 0, 0, 0, 14, 9, 38
"c:\Users\makib\Documents\EntornosVirtuales\BaseDeDatosSalonDeBelleza\venv\Lib\site-packages\PyInstaller\isolated\__init__.py", "Python", 14, 0, 0, 0, 0, 0, 0, 0, 0, 0, 0, 0, 11, 7, 32
"c:\Users\makib\Documents\EntornosVirtuales\BaseDeDatosSalonDeBelleza\venv\Lib\site-packages\PyInstaller\isolated\_child.py", "Python", 53, 0, 0, 0, 0, 0, 0, 0, 0, 0, 0, 0, 28, 21, 102
"c:\Users\makib\Documents\EntornosVirtuales\BaseDeDatosSalonDeBelleza\venv\Lib\site-packages\PyInstaller\isolated\_parent.py", "Python", 277, 0, 0, 0, 0, 0, 0, 0, 0, 0, 0, 0, 71, 90, 438
"c:\Users\makib\Documents\EntornosVirtuales\BaseDeDatosSalonDeBelleza\venv\Lib\site-packages\PyInstaller\lib\README.rst", "reStructuredText", 0, 0, 0, 0, 0, 0, 0, 0, 0, 30, 0, 0, 0, 20, 50
"c:\Users\makib\Documents\EntornosVirtuales\BaseDeDatosSalonDeBelleza\venv\Lib\site-packages\PyInstaller\lib\__init__.py", "Python", 0, 0, 0, 0, 0, 0, 0, 0, 0, 0, 0, 0, 1, 1, 2
"c:\Users\makib\Documents\EntornosVirtuales\BaseDeDatosSalonDeBelleza\venv\Lib\site-packages\PyInstaller\lib\modulegraph\__init__.py", "Python", 1, 0, 0, 0, 0, 0, 0, 0, 0, 0, 0, 0, 0, 1, 2
"c:\Users\makib\Documents\EntornosVirtuales\BaseDeDatosSalonDeBelleza\venv\Lib\site-packages\PyInstaller\lib\modulegraph\__main__.py", "Python", 73, 0, 0, 0, 0, 0, 0, 0, 0, 0, 0, 0, 2, 15, 90
"c:\Users\makib\Documents\EntornosVirtuales\BaseDeDatosSalonDeBelleza\venv\Lib\site-packages\PyInstaller\lib\modulegraph\find_modules.py", "Python", 40, 0, 0, 0, 0, 0, 0, 0, 0, 0, 0, 0, 9, 13, 62
"c:\Users\makib\Documents\EntornosVirtuales\BaseDeDatosSalonDeBelleza\venv\Lib\site-packages\PyInstaller\lib\modulegraph\modulegraph.py", "Python", 2064, 0, 0, 0, 0, 0, 0, 0, 0, 0, 0, 0, 538, 481, 3083
"c:\Users\makib\Documents\EntornosVirtuales\BaseDeDatosSalonDeBelleza\venv\Lib\site-packages\PyInstaller\lib\modulegraph\util.py", "Python", 12, 0, 0, 0, 0, 0, 0, 0, 0, 0, 0, 0, 4, 6, 22
"c:\Users\makib\Documents\EntornosVirtuales\BaseDeDatosSalonDeBelleza\venv\Lib\site-packages\PyInstaller\loader\__init__.py", "Python", 0, 0, 0, 0, 0, 0, 0, 0, 0, 0, 0, 0, 1, 1, 2
"c:\Users\makib\Documents\EntornosVirtuales\BaseDeDatosSalonDeBelleza\venv\Lib\site-packages\PyInstaller\loader\pyiboot01_bootstrap.py", "Python", 35, 0, 0, 0, 0, 0, 0, 0, 0, 0, 0, 0, 42, 19, 96
"c:\Users\makib\Documents\EntornosVirtuales\BaseDeDatosSalonDeBelleza\venv\Lib\site-packages\PyInstaller\loader\pyimod01_archive.py", "Python", 76, 0, 0, 0, 0, 0, 0, 0, 0, 0, 0, 0, 33, 27, 136
"c:\Users\makib\Documents\EntornosVirtuales\BaseDeDatosSalonDeBelleza\venv\Lib\site-packages\PyInstaller\loader\pyimod02_importers.py", "Python", 477, 0, 0, 0, 0, 0, 0, 0, 0, 0, 0, 0, 151, 148, 776
"c:\Users\makib\Documents\EntornosVirtuales\BaseDeDatosSalonDeBelleza\venv\Lib\site-packages\PyInstaller\loader\pyimod03_ctypes.py", "Python", 90, 0, 0, 0, 0, 0, 0, 0, 0, 0, 0, 0, 19, 23, 132
"c:\Users\makib\Documents\EntornosVirtuales\BaseDeDatosSalonDeBelleza\venv\Lib\site-packages\PyInstaller\loader\pyimod04_pywin32.py", "Python", 22, 0, 0, 0, 0, 0, 0, 0, 0, 0, 0, 0, 26, 9, 57
"c:\Users\makib\Documents\EntornosVirtuales\BaseDeDatosSalonDeBelleza\venv\Lib\site-packages\PyInstaller\log.py", "Python", 46, 0, 0, 0, 0, 0, 0, 0, 0, 0, 0, 0, 10, 9, 65
"c:\Users\makib\Documents\EntornosVirtuales\BaseDeDatosSalonDeBelleza\venv\Lib\site-packages\PyInstaller\utils\__init__.py", "Python", 0, 0, 0, 0, 0, 0, 0, 0, 0, 0, 0, 0, 1, 1, 2
"c:\Users\makib\Documents\EntornosVirtuales\BaseDeDatosSalonDeBelleza\venv\Lib\site-packages\PyInstaller\utils\cliutils\__init__.py", "Python", 0, 0, 0, 0, 0, 0, 0, 0, 0, 0, 0, 0, 1, 1, 2
"c:\Users\makib\Documents\EntornosVirtuales\BaseDeDatosSalonDeBelleza\venv\Lib\site-packages\PyInstaller\utils\cliutils\archive_viewer.py", "Python", 200, 0, 0, 0, 0, 0, 0, 0, 0, 0, 0, 0, 28, 41, 269
"c:\Users\makib\Documents\EntornosVirtuales\BaseDeDatosSalonDeBelleza\venv\Lib\site-packages\PyInstaller\utils\cliutils\bindepend.py", "Python", 36, 0, 0, 0, 0, 0, 0, 0, 0, 0, 0, 0, 11, 12, 59
"c:\Users\makib\Documents\EntornosVirtuales\BaseDeDatosSalonDeBelleza\venv\Lib\site-packages\PyInstaller\utils\cliutils\grab_version.py", "Python", 40, 0, 0, 0, 0, 0, 0, 0, 0, 0, 0, 0, 10, 10, 60
"c:\Users\makib\Documents\EntornosVirtuales\BaseDeDatosSalonDeBelleza\venv\Lib\site-packages\PyInstaller\utils\cliutils\makespec.py", "Python", 38, 0, 0, 0, 0, 0, 0, 0, 0, 0, 0, 0, 11, 13, 62
"c:\Users\makib\Documents\EntornosVirtuales\BaseDeDatosSalonDeBelleza\venv\Lib\site-packages\PyInstaller\utils\cliutils\set_version.py", "Python", 32, 0, 0, 0, 0, 0, 0, 0, 0, 0, 0, 0, 10, 10, 52
"c:\Users\makib\Documents\EntornosVirtuales\BaseDeDatosSalonDeBelleza\venv\Lib\site-packages\PyInstaller\utils\conftest.py", "Python", 354, 0, 0, 0, 0, 0, 0, 0, 0, 0, 0, 0, 125, 95, 574
"c:\Users\makib\Documents\EntornosVirtuales\BaseDeDatosSalonDeBelleza\venv\Lib\site-packages\PyInstaller\utils\hooks\__init__.py", "Python", 934, 0, 0, 0, 0, 0, 0, 0, 0, 0, 0, 0, 151, 259, 1344
"c:\Users\makib\Documents\EntornosVirtuales\BaseDeDatosSalonDeBelleza\venv\Lib\site-packages\PyInstaller\utils\hooks\conda.py", "Python", 268, 0, 0, 0, 0, 0, 0, 0, 0, 0, 0, 0, 49, 80, 397
"c:\Users\makib\Documents\EntornosVirtuales\BaseDeDatosSalonDeBelleza\venv\Lib\site-packages\PyInstaller\utils\hooks\django.py", "Python", 89, 0, 0, 0, 0, 0, 0, 0, 0, 0, 0, 0, 34, 30, 153
"c:\Users\makib\Documents\EntornosVirtuales\BaseDeDatosSalonDeBelleza\venv\Lib\site-packages\PyInstaller\utils\hooks\gi.py", "Python", 298, 0, 0, 0, 0, 0, 0, 0, 0, 0, 0, 0, 77, 83, 458
"c:\Users\makib\Documents\EntornosVirtuales\BaseDeDatosSalonDeBelleza\venv\Lib\site-packages\PyInstaller\utils\hooks\qt\__init__.py", "Python", 771, 0, 0, 0, 0, 0, 0, 0, 0, 0, 0, 0, 458, 199, 1428
"c:\Users\makib\Documents\EntornosVirtuales\BaseDeDatosSalonDeBelleza\venv\Lib\site-packages\PyInstaller\utils\hooks\qt\_modules_info.py", "Python", 184, 0, 0, 0, 0, 0, 0, 0, 0, 0, 0, 0, 221, 46, 451
"c:\Users\makib\Documents\EntornosVirtuales\BaseDeDatosSalonDeBelleza\venv\Lib\site-packages\PyInstaller\utils\hooks\setuptools.py", "Python", 156, 0, 0, 0, 0, 0, 0, 0, 0, 0, 0, 0, 59, 42, 257
"c:\Users\makib\Documents\EntornosVirtuales\BaseDeDatosSalonDeBelleza\venv\Lib\site-packages\PyInstaller\utils\hooks\tcl_tk.py", "Python", 213, 0, 0, 0, 0, 0, 0, 0, 0, 0, 0, 0, 78, 55, 346
"c:\Users\makib\Documents\EntornosVirtuales\BaseDeDatosSalonDeBelleza\venv\Lib\site-packages\PyInstaller\utils\misc.py", "Python", 163, 0, 0, 0, 0, 0, 0, 0, 0, 0, 0, 0, 24, 43, 230
"c:\Users\makib\Documents\EntornosVirtuales\BaseDeDatosSalonDeBelleza\venv\Lib\site-packages\PyInstaller\utils\osx.py", "Python", 476, 0, 0, 0, 0, 0, 0, 0, 0, 0, 0, 0, 130, 130, 736
"c:\Users\makib\Documents\EntornosVirtuales\BaseDeDatosSalonDeBelleza\venv\Lib\site-packages\PyInstaller\utils\run_tests.py", "Python", 37, 0, 0, 0, 0, 0, 0, 0, 0, 0, 0, 0, 23, 11, 71
"c:\Users\makib\Documents\EntornosVirtuales\BaseDeDatosSalonDeBelleza\venv\Lib\site-packages\PyInstaller\utils\tests.py", "Python", 71, 0, 0, 0, 0, 0, 0, 0, 0, 0, 0, 0, 18, 24, 113
"c:\Users\makib\Documents\EntornosVirtuales\BaseDeDatosSalonDeBelleza\venv\Lib\site-packages\PyInstaller\utils\win32\__init__.py", "Python", 1, 0, 0, 0, 0, 0, 0, 0, 0, 0, 0, 0, 0, 1, 2
"c:\Users\makib\Documents\EntornosVirtuales\BaseDeDatosSalonDeBelleza\venv\Lib\site-packages\PyInstaller\utils\win32\icon.py", "Python", 174, 0, 0, 0, 0, 0, 0, 0, 0, 0, 0, 0, 31, 47, 252
"c:\Users\makib\Documents\EntornosVirtuales\BaseDeDatosSalonDeBelleza\venv\Lib\site-packages\PyInstaller\utils\win32\versioninfo.py", "Python", 500, 0, 0, 0, 0, 0, 0, 0, 0, 0, 0, 0, 22, 83, 605
"c:\Users\makib\Documents\EntornosVirtuales\BaseDeDatosSalonDeBelleza\venv\Lib\site-packages\PyInstaller\utils\win32\winmanifest.py", "Python", 151, 0, 0, 0, 0, 0, 0, 0, 0, 0, 0, 0, 45, 49, 245
"c:\Users\makib\Documents\EntornosVirtuales\BaseDeDatosSalonDeBelleza\venv\Lib\site-packages\PyInstaller\utils\win32\winresource.py", "Python", 132, 0, 0, 0, 0, 0, 0, 0, 0, 0, 0, 0, 21, 37, 190
"c:\Users\makib\Documents\EntornosVirtuales\BaseDeDatosSalonDeBelleza\venv\Lib\site-packages\PyInstaller\utils\win32\winutils.py", "Python", 180, 0, 0, 0, 0, 0, 0, 0, 0, 0, 0, 0, 36, 42, 258
"c:\Users\makib\Documents\EntornosVirtuales\BaseDeDatosSalonDeBelleza\venv\Lib\site-packages\PyQt5\QAxContainer.pyi", "Python", 65, 0, 0, 0, 0, 0, 0, 0, 0, 0, 0, 0, 23, 20, 108
"c:\Users\makib\Documents\EntornosVirtuales\BaseDeDatosSalonDeBelleza\venv\Lib\site-packages\PyQt5\Qt5\qml\QtQuick\Controls\Private\CalendarUtils.js", "JavaScript", 0, 0, 0, 0, 0, 0, 0, 0, 48, 0, 0, 0, 74, 16, 138
"c:\Users\makib\Documents\EntornosVirtuales\BaseDeDatosSalonDeBelleza\venv\Lib\site-packages\PyQt5\Qt5\qml\QtQuick\Controls\Private\StackView.js", "JavaScript", 0, 0, 0, 0, 0, 0, 0, 0, 23, 0, 0, 0, 38, 6, 67
"c:\Users\makib\Documents\EntornosVirtuales\BaseDeDatosSalonDeBelleza\venv\Lib\site-packages\PyQt5\Qt5\qml\QtQuick\Controls\Private\style.js", "JavaScript", 0, 0, 0, 0, 0, 0, 0, 0, 18, 0, 0, 0, 38, 7, 63
"c:\Users\makib\Documents\EntornosVirtuales\BaseDeDatosSalonDeBelleza\venv\Lib\site-packages\PyQt5\Qt5\qml\QtTest\testlogger.js", "JavaScript", 0, 0, 0, 0, 0, 0, 0, 0, 47, 0, 0, 0, 42, 8, 97
"c:\Users\makib\Documents\EntornosVirtuales\BaseDeDatosSalonDeBelleza\venv\Lib\site-packages\PyQt5\QtBluetooth.pyi", "Python", 1238, 0, 0, 0, 0, 0, 0, 0, 0, 0, 0, 0, 22, 177, 1437
"c:\Users\makib\Documents\EntornosVirtuales\BaseDeDatosSalonDeBelleza\venv\Lib\site-packages\PyQt5\QtCore.pyi", "Python", 9022, 0, 0, 0, 0, 0, 0, 0, 0, 0, 0, 0, 25, 1032, 10079
"c:\Users\makib\Documents\EntornosVirtuales\BaseDeDatosSalonDeBelleza\venv\Lib\site-packages\PyQt5\QtDBus.pyi", "Python", 432, 0, 0, 0, 0, 0, 0, 0, 0, 0, 0, 0, 22, 95, 549
"c:\Users\makib\Documents\EntornosVirtuales\BaseDeDatosSalonDeBelleza\venv\Lib\site-packages\PyQt5\QtDesigner.pyi", "Python", 354, 0, 0, 0, 0, 0, 0, 0, 0, 0, 0, 0, 23, 114, 491
"c:\Users\makib\Documents\EntornosVirtuales\BaseDeDatosSalonDeBelleza\venv\Lib\site-packages\PyQt5\QtGui.pyi", "Python", 8383, 0, 0, 0, 0, 0, 0, 0, 0, 0, 0, 0, 23, 932, 9338
"c:\Users\makib\Documents\EntornosVirtuales\BaseDeDatosSalonDeBelleza\venv\Lib\site-packages\PyQt5\QtHelp.pyi", "Python", 223, 0, 0, 0, 0, 0, 0, 0, 0, 0, 0, 0, 23, 69, 315
"c:\Users\makib\Documents\EntornosVirtuales\BaseDeDatosSalonDeBelleza\venv\Lib\site-packages\PyQt5\QtLocation.pyi", "Python", 1038, 0, 0, 0, 0, 0, 0, 0, 0, 0, 0, 0, 22, 226, 1286
"c:\Users\makib\Documents\EntornosVirtuales\BaseDeDatosSalonDeBelleza\venv\Lib\site-packages\PyQt5\QtMultimedia.pyi", "Python", 2148, 0, 0, 0, 0, 0, 0, 0, 0, 0, 0, 0, 23, 418, 2589
"c:\Users\makib\Documents\EntornosVirtuales\BaseDeDatosSalonDeBelleza\venv\Lib\site-packages\PyQt5\QtMultimediaWidgets.pyi", "Python", 83, 0, 0, 0, 0, 0, 0, 0, 0, 0, 0, 0, 23, 24, 130
"c:\Users\makib\Documents\EntornosVirtuales\BaseDeDatosSalonDeBelleza\venv\Lib\site-packages\PyQt5\QtNetwork.pyi", "Python", 1888, 0, 0, 0, 0, 0, 0, 0, 0, 0, 0, 0, 22, 292, 2202
"c:\Users\makib\Documents\EntornosVirtuales\BaseDeDatosSalonDeBelleza\venv\Lib\site-packages\PyQt5\QtNfc.pyi", "Python", 360, 0, 0, 0, 0, 0, 0, 0, 0, 0, 0, 0, 22, 80, 462
"c:\Users\makib\Documents\EntornosVirtuales\BaseDeDatosSalonDeBelleza\venv\Lib\site-packages\PyQt5\QtOpenGL.pyi", "Python", 297, 0, 0, 0, 0, 0, 0, 0, 0, 0, 0, 0, 23, 35, 355
"c:\Users\makib\Documents\EntornosVirtuales\BaseDeDatosSalonDeBelleza\venv\Lib\site-packages\PyQt5\QtPositioning.pyi", "Python", 459, 0, 0, 0, 0, 0, 0, 0, 0, 0, 0, 0, 22, 85, 566
"c:\Users\makib\Documents\EntornosVirtuales\BaseDeDatosSalonDeBelleza\venv\Lib\site-packages\PyQt5\QtPrintSupport.pyi", "Python", 359, 0, 0, 0, 0, 0, 0, 0, 0, 0, 0, 0, 23, 58, 440
"c:\Users\makib\Documents\EntornosVirtuales\BaseDeDatosSalonDeBelleza\venv\Lib\site-packages\PyQt5\QtQml.pyi", "Python", 541, 0, 0, 0, 0, 0, 0, 0, 0, 0, 0, 0, 22, 123, 686
"c:\Users\makib\Documents\EntornosVirtuales\BaseDeDatosSalonDeBelleza\venv\Lib\site-packages\PyQt5\QtQuick.pyi", "Python", 1377, 0, 0, 0, 0, 0, 0, 0, 0, 0, 0, 0, 23, 292, 1692
"c:\Users\makib\Documents\EntornosVirtuales\BaseDeDatosSalonDeBelleza\venv\Lib\site-packages\PyQt5\QtQuick3D.pyi", "Python", 81, 0, 0, 0, 0, 0, 0, 0, 0, 0, 0, 0, 23, 26, 130
"c:\Users\makib\Documents\EntornosVirtuales\BaseDeDatosSalonDeBelleza\venv\Lib\site-packages\PyQt5\QtQuickWidgets.pyi", "Python", 68, 0, 0, 0, 0, 0, 0, 0, 0, 0, 0, 0, 23, 14, 105
"c:\Users\makib\Documents\EntornosVirtuales\BaseDeDatosSalonDeBelleza\venv\Lib\site-packages\PyQt5\QtRemoteObjects.pyi", "Python", 128, 0, 0, 0, 0, 0, 0, 0, 0, 0, 0, 0, 22, 48, 198
"c:\Users\makib\Documents\EntornosVirtuales\BaseDeDatosSalonDeBelleza\venv\Lib\site-packages\PyQt5\QtSensors.pyi", "Python", 406, 0, 0, 0, 0, 0, 0, 0, 0, 0, 0, 0, 22, 237, 665
"c:\Users\makib\Documents\EntornosVirtuales\BaseDeDatosSalonDeBelleza\venv\Lib\site-packages\PyQt5\QtSerialPort.pyi", "Python", 200, 0, 0, 0, 0, 0, 0, 0, 0, 0, 0, 0, 22, 30, 252
"c:\Users\makib\Documents\EntornosVirtuales\BaseDeDatosSalonDeBelleza\venv\Lib\site-packages\PyQt5\QtSql.pyi", "Python", 574, 0, 0, 0, 0, 0, 0, 0, 0, 0, 0, 0, 23, 84, 681
"c:\Users\makib\Documents\EntornosVirtuales\BaseDeDatosSalonDeBelleza\venv\Lib\site-packages\PyQt5\QtSvg.pyi", "Python", 101, 0, 0, 0, 0, 0, 0, 0, 0, 0, 0, 0, 23, 24, 148
"c:\Users\makib\Documents\EntornosVirtuales\BaseDeDatosSalonDeBelleza\venv\Lib\site-packages\PyQt5\QtTest.pyi", "Python", 128, 0, 0, 0, 0, 0, 0, 0, 0, 0, 0, 0, 23, 24, 175
"c:\Users\makib\Documents\EntornosVirtuales\BaseDeDatosSalonDeBelleza\venv\Lib\site-packages\PyQt5\QtTextToSpeech.pyi", "Python", 65, 0, 0, 0, 0, 0, 0, 0, 0, 0, 0, 0, 22, 18, 105
"c:\Users\makib\Documents\EntornosVirtuales\BaseDeDatosSalonDeBelleza\venv\Lib\site-packages\PyQt5\QtWebChannel.pyi", "Python", 21, 0, 0, 0, 0, 0, 0, 0, 0, 0, 0, 0, 22, 15, 58
"c:\Users\makib\Documents\EntornosVirtuales\BaseDeDatosSalonDeBelleza\venv\Lib\site-packages\PyQt5\QtWebSockets.pyi", "Python", 157, 0, 0, 0, 0, 0, 0, 0, 0, 0, 0, 0, 22, 28, 207
"c:\Users\makib\Documents\EntornosVirtuales\BaseDeDatosSalonDeBelleza\venv\Lib\site-packages\PyQt5\QtWidgets.pyi", "Python", 8971, 0, 0, 0, 0, 0, 0, 0, 0, 0, 0, 0, 23, 1125, 10119
"c:\Users\makib\Documents\EntornosVirtuales\BaseDeDatosSalonDeBelleza\venv\Lib\site-packages\PyQt5\QtWinExtras.pyi", "Python", 232, 0, 0, 0, 0, 0, 0, 0, 0, 0, 0, 0, 23, 43, 298
"c:\Users\makib\Documents\EntornosVirtuales\BaseDeDatosSalonDeBelleza\venv\Lib\site-packages\PyQt5\QtXml.pyi", "Python", 554, 0, 0, 0, 0, 0, 0, 0, 0, 0, 0, 0, 22, 135, 711
"c:\Users\makib\Documents\EntornosVirtuales\BaseDeDatosSalonDeBelleza\venv\Lib\site-packages\PyQt5\QtXmlPatterns.pyi", "Python", 280, 0, 0, 0, 0, 0, 0, 0, 0, 0, 0, 0, 22, 74, 376
"c:\Users\makib\Documents\EntornosVirtuales\BaseDeDatosSalonDeBelleza\venv\Lib\site-packages\PyQt5\__init__.py", "Python", 23, 0, 0, 0, 0, 0, 0, 0, 0, 0, 0, 0, 17, 11, 51
"c:\Users\makib\Documents\EntornosVirtuales\BaseDeDatosSalonDeBelleza\venv\Lib\site-packages\PyQt5\pylupdate_main.py", "Python", 174, 0, 0, 0, 0, 0, 0, 0, 0, 0, 0, 0, 18, 56, 248
"c:\Users\makib\Documents\EntornosVirtuales\BaseDeDatosSalonDeBelleza\venv\Lib\site-packages\PyQt5\pyrcc_main.py", "Python", 122, 0, 0, 0, 0, 0, 0, 0, 0, 0, 0, 0, 22, 47, 191
"c:\Users\makib\Documents\EntornosVirtuales\BaseDeDatosSalonDeBelleza\venv\Lib\site-packages\PyQt5\sip.pyi", "Python", 58, 0, 0, 0, 0, 0, 0, 0, 0, 0, 0, 0, 10, 36, 104
"c:\Users\makib\Documents\EntornosVirtuales\BaseDeDatosSalonDeBelleza\venv\Lib\site-packages\PyQt5\uic\Compiler\__init__.py", "Python", 0, 0, 0, 0, 0, 0, 0, 0, 0, 0, 0, 0, 20, 1, 21
"c:\Users\makib\Documents\EntornosVirtuales\BaseDeDatosSalonDeBelleza\venv\Lib\site-packages\PyQt5\uic\Compiler\compiler.py", "Python", 63, 0, 0, 0, 0, 0, 0, 0, 0, 0, 0, 0, 40, 21, 124
"c:\Users\makib\Documents\EntornosVirtuales\BaseDeDatosSalonDeBelleza\venv\Lib\site-packages\PyQt5\uic\Compiler\indenter.py", "Python", 27, 0, 0, 0, 0, 0, 0, 0, 0, 0, 0, 0, 38, 13, 78
"c:\Users\makib\Documents\EntornosVirtuales\BaseDeDatosSalonDeBelleza\venv\Lib\site-packages\PyQt5\uic\Compiler\misc.py", "Python", 13, 0, 0, 0, 0, 0, 0, 0, 0, 0, 0, 0, 38, 9, 60
"c:\Users\makib\Documents\EntornosVirtuales\BaseDeDatosSalonDeBelleza\venv\Lib\site-packages\PyQt5\uic\Compiler\proxy_metaclass.py", "Python", 32, 0, 0, 0, 0, 0, 0, 0, 0, 0, 0, 0, 52, 17, 101
"c:\Users\makib\Documents\EntornosVirtuales\BaseDeDatosSalonDeBelleza\venv\Lib\site-packages\PyQt5\uic\Compiler\qobjectcreator.py", "Python", 101, 0, 0, 0, 0, 0, 0, 0, 0, 0, 0, 0, 39, 41, 181
"c:\Users\makib\Documents\EntornosVirtuales\BaseDeDatosSalonDeBelleza\venv\Lib\site-packages\PyQt5\uic\Compiler\qtproxies.py", "Python", 298, 0, 0, 0, 0, 0, 0, 0, 0, 0, 0, 0, 70, 103, 471
"c:\Users\makib\Documents\EntornosVirtuales\BaseDeDatosSalonDeBelleza\venv\Lib\site-packages\PyQt5\uic\Loader\__init__.py", "Python", 0, 0, 0, 0, 0, 0, 0, 0, 0, 0, 0, 0, 20, 1, 21
"c:\Users\makib\Documents\EntornosVirtuales\BaseDeDatosSalonDeBelleza\venv\Lib\site-packages\PyQt5\uic\Loader\loader.py", "Python", 18, 0, 0, 0, 0, 0, 0, 0, 0, 0, 0, 0, 38, 11, 67
"c:\Users\makib\Documents\EntornosVirtuales\BaseDeDatosSalonDeBelleza\venv\Lib\site-packages\PyQt5\uic\Loader\qobjectcreator.py", "Python", 73, 0, 0, 0, 0, 0, 0, 0, 0, 0, 0, 0, 42, 36, 151
"c:\Users\makib\Documents\EntornosVirtuales\BaseDeDatosSalonDeBelleza\venv\Lib\site-packages\PyQt5\uic\__init__.py", "Python", 138, 0, 0, 0, 0, 0, 0, 0, 0, 0, 0, 0, 54, 54, 246
"c:\Users\makib\Documents\EntornosVirtuales\BaseDeDatosSalonDeBelleza\venv\Lib\site-packages\PyQt5\uic\driver.py", "Python", 91, 0, 0, 0, 0, 0, 0, 0, 0, 0, 0, 0, 20, 39, 150
"c:\Users\makib\Documents\EntornosVirtuales\BaseDeDatosSalonDeBelleza\venv\Lib\site-packages\PyQt5\uic\exceptions.py", "Python", 10, 0, 0, 0, 0, 0, 0, 0, 0, 0, 0, 0, 38, 6, 54
"c:\Users\makib\Documents\EntornosVirtuales\BaseDeDatosSalonDeBelleza\venv\Lib\site-packages\PyQt5\uic\icon_cache.py", "Python", 92, 0, 0, 0, 0, 0, 0, 0, 0, 0, 0, 0, 27, 41, 160
"c:\Users\makib\Documents\EntornosVirtuales\BaseDeDatosSalonDeBelleza\venv\Lib\site-packages\PyQt5\uic\objcreator.py", "Python", 87, 0, 0, 0, 0, 0, 0, 0, 0, 0, 0, 0, 43, 34, 164
"c:\Users\makib\Documents\EntornosVirtuales\BaseDeDatosSalonDeBelleza\venv\Lib\site-packages\PyQt5\uic\port_v2\__init__.py", "Python", 0, 0, 0, 0, 0, 0, 0, 0, 0, 0, 0, 0, 20, 1, 21
"c:\Users\makib\Documents\EntornosVirtuales\BaseDeDatosSalonDeBelleza\venv\Lib\site-packages\PyQt5\uic\port_v2\as_string.py", "Python", 9, 0, 0, 0, 0, 0, 0, 0, 0, 0, 0, 0, 22, 10, 41
"c:\Users\makib\Documents\EntornosVirtuales\BaseDeDatosSalonDeBelleza\venv\Lib\site-packages\PyQt5\uic\port_v2\ascii_upper.py", "Python", 5, 0, 0, 0, 0, 0, 0, 0, 0, 0, 0, 0, 22, 7, 34
"c:\Users\makib\Documents\EntornosVirtuales\BaseDeDatosSalonDeBelleza\venv\Lib\site-packages\PyQt5\uic\port_v2\proxy_base.py", "Python", 6, 0, 0, 0, 0, 0, 0, 0, 0, 0, 0, 0, 20, 6, 32
"c:\Users\makib\Documents\EntornosVirtuales\BaseDeDatosSalonDeBelleza\venv\Lib\site-packages\PyQt5\uic\port_v2\string_io.py", "Python", 4, 0, 0, 0, 0, 0, 0, 0, 0, 0, 0, 0, 21, 3, 28
"c:\Users\makib\Documents\EntornosVirtuales\BaseDeDatosSalonDeBelleza\venv\Lib\site-packages\PyQt5\uic\port_v3\__init__.py", "Python", 0, 0, 0, 0, 0, 0, 0, 0, 0, 0, 0, 0, 20, 1, 21
"c:\Users\makib\Documents\EntornosVirtuales\BaseDeDatosSalonDeBelleza\venv\Lib\site-packages\PyQt5\uic\port_v3\as_string.py", "Python", 9, 0, 0, 0, 0, 0, 0, 0, 0, 0, 0, 0, 22, 10, 41
"c:\Users\makib\Documents\EntornosVirtuales\BaseDeDatosSalonDeBelleza\venv\Lib\site-packages\PyQt5\uic\port_v3\ascii_upper.py", "Python", 4, 0, 0, 0, 0, 0, 0, 0, 0, 0, 0, 0, 22, 5, 31
"c:\Users\makib\Documents\EntornosVirtuales\BaseDeDatosSalonDeBelleza\venv\Lib\site-packages\PyQt5\uic\port_v3\proxy_base.py", "Python", 5, 0, 0, 0, 0, 0, 0, 0, 0, 0, 0, 0, 20, 5, 30
"c:\Users\makib\Documents\EntornosVirtuales\BaseDeDatosSalonDeBelleza\venv\Lib\site-packages\PyQt5\uic\port_v3\string_io.py", "Python", 1, 0, 0, 0, 0, 0, 0, 0, 0, 0, 0, 0, 21, 3, 25
"c:\Users\makib\Documents\EntornosVirtuales\BaseDeDatosSalonDeBelleza\venv\Lib\site-packages\PyQt5\uic\properties.py", "Python", 336, 0, 0, 0, 0, 0, 0, 0, 0, 0, 0, 0, 70, 118, 524
"c:\Users\makib\Documents\EntornosVirtuales\BaseDeDatosSalonDeBelleza\venv\Lib\site-packages\PyQt5\uic\pyuic.py", "Python", 53, 0, 0, 0, 0, 0, 0, 0, 0, 0, 0, 0, 21, 23, 97
"c:\Users\makib\Documents\EntornosVirtuales\BaseDeDatosSalonDeBelleza\venv\Lib\site-packages\PyQt5\uic\uiparser.py", "Python", 748, 0, 0, 0, 0, 0, 0, 0, 0, 0, 0, 0, 88, 217, 1053
"c:\Users\makib\Documents\EntornosVirtuales\BaseDeDatosSalonDeBelleza\venv\Lib\site-packages\PyQt5\uic\widget-plugins\qaxcontainer.py", "Python", 3, 0, 0, 0, 0, 0, 0, 0, 0, 0, 0, 0, 26, 5, 34
"c:\Users\makib\Documents\EntornosVirtuales\BaseDeDatosSalonDeBelleza\venv\Lib\site-packages\PyQt5\uic\widget-plugins\qscintilla.py", "Python", 3, 0, 0, 0, 0, 0, 0, 0, 0, 0, 0, 0, 26, 5, 34
"c:\Users\makib\Documents\EntornosVirtuales\BaseDeDatosSalonDeBelleza\venv\Lib\site-packages\PyQt5\uic\widget-plugins\qtcharts.py", "Python", 3, 0, 0, 0, 0, 0, 0, 0, 0, 0, 0, 0, 26, 5, 34
"c:\Users\makib\Documents\EntornosVirtuales\BaseDeDatosSalonDeBelleza\venv\Lib\site-packages\PyQt5\uic\widget-plugins\qtprintsupport.py", "Python", 3, 0, 0, 0, 0, 0, 0, 0, 0, 0, 0, 0, 26, 5, 34
"c:\Users\makib\Documents\EntornosVirtuales\BaseDeDatosSalonDeBelleza\venv\Lib\site-packages\PyQt5\uic\widget-plugins\qtquickwidgets.py", "Python", 3, 0, 0, 0, 0, 0, 0, 0, 0, 0, 0, 0, 26, 5, 34
"c:\Users\makib\Documents\EntornosVirtuales\BaseDeDatosSalonDeBelleza\venv\Lib\site-packages\PyQt5\uic\widget-plugins\qtwebenginewidgets.py", "Python", 3, 0, 0, 0, 0, 0, 0, 0, 0, 0, 0, 0, 26, 5, 34
"c:\Users\makib\Documents\EntornosVirtuales\BaseDeDatosSalonDeBelleza\venv\Lib\site-packages\PyQt5\uic\widget-plugins\qtwebkit.py", "Python", 3, 0, 0, 0, 0, 0, 0, 0, 0, 0, 0, 0, 44, 5, 52
"c:\Users\makib\Documents\EntornosVirtuales\BaseDeDatosSalonDeBelleza\venv\Lib\site-packages\_distutils_hack\__init__.py", "Python", 153, 0, 0, 0, 0, 0, 0, 0, 0, 0, 0, 0, 18, 52, 223
"c:\Users\makib\Documents\EntornosVirtuales\BaseDeDatosSalonDeBelleza\venv\Lib\site-packages\_distutils_hack\override.py", "Python", 1, 0, 0, 0, 0, 0, 0, 0, 0, 0, 0, 0, 0, 1, 2
"c:\Users\makib\Documents\EntornosVirtuales\BaseDeDatosSalonDeBelleza\venv\Lib\site-packages\_pyinstaller_hooks_contrib\__init__.py", "Python", 10, 0, 0, 0, 0, 0, 0, 0, 0, 0, 0, 0, 13, 4, 27
"c:\Users\makib\Documents\EntornosVirtuales\BaseDeDatosSalonDeBelleza\venv\Lib\site-packages\_pyinstaller_hooks_contrib\compat.py", "Python", 21, 0, 0, 0, 0, 0, 0, 0, 0, 0, 0, 0, 14, 8, 43
"c:\Users\makib\Documents\EntornosVirtuales\BaseDeDatosSalonDeBelleza\venv\Lib\site-packages\_pyinstaller_hooks_contrib\pre_find_module_path\__init__.py", "Python", 0, 0, 0, 0, 0, 0, 0, 0, 0, 0, 0, 0, 11, 1, 12
"c:\Users\makib\Documents\EntornosVirtuales\BaseDeDatosSalonDeBelleza\venv\Lib\site-packages\_pyinstaller_hooks_contrib\pre_safe_import_module\__init__.py", "Python", 0, 0, 0, 0, 0, 0, 0, 0, 0, 0, 0, 0, 11, 1, 12
"c:\Users\makib\Documents\EntornosVirtuales\BaseDeDatosSalonDeBelleza\venv\Lib\site-packages\_pyinstaller_hooks_contrib\pre_safe_import_module\hook-tensorflow.py", "Python", 6, 0, 0, 0, 0, 0, 0, 0, 0, 0, 0, 0, 19, 4, 29
"c:\Users\makib\Documents\EntornosVirtuales\BaseDeDatosSalonDeBelleza\venv\Lib\site-packages\_pyinstaller_hooks_contrib\pre_safe_import_module\hook-win32com.py", "Python", 28, 0, 0, 0, 0, 0, 0, 0, 0, 0, 0, 0, 12, 7, 47
"c:\Users\makib\Documents\EntornosVirtuales\BaseDeDatosSalonDeBelleza\venv\Lib\site-packages\_pyinstaller_hooks_contrib\rthooks\__init__.py", "Python", 0, 0, 0, 0, 0, 0, 0, 0, 0, 0, 0, 0, 10, 1, 11
"c:\Users\makib\Documents\EntornosVirtuales\BaseDeDatosSalonDeBelleza\venv\Lib\site-packages\_pyinstaller_hooks_contrib\rthooks\pyi_rth_cryptography_openssl.py", "Python", 6, 0, 0, 0, 0, 0, 0, 0, 0, 0, 0, 0, 12, 3, 21
"c:\Users\makib\Documents\EntornosVirtuales\BaseDeDatosSalonDeBelleza\venv\Lib\site-packages\_pyinstaller_hooks_contrib\rthooks\pyi_rth_enchant.py", "Python", 4, 0, 0, 0, 0, 0, 0, 0, 0, 0, 0, 0, 16, 3, 23
"c:\Users\makib\Documents\EntornosVirtuales\BaseDeDatosSalonDeBelleza\venv\Lib\site-packages\_pyinstaller_hooks_contrib\rthooks\pyi_rth_ffpyplayer.py", "Python", 3, 0, 0, 0, 0, 0, 0, 0, 0, 0, 0, 0, 14, 3, 20
"c:\Users\makib\Documents\EntornosVirtuales\BaseDeDatosSalonDeBelleza\venv\Lib\site-packages\_pyinstaller_hooks_contrib\rthooks\pyi_rth_findlibs.py", "Python", 24, 0, 0, 0, 0, 0, 0, 0, 0, 0, 0, 0, 24, 12, 60
"c:\Users\makib\Documents\EntornosVirtuales\BaseDeDatosSalonDeBelleza\venv\Lib\site-packages\_pyinstaller_hooks_contrib\rthooks\pyi_rth_nltk.py", "Python", 4, 0, 0, 0, 0, 0, 0, 0, 0, 0, 0, 0, 11, 3, 18
"c:\Users\makib\Documents\EntornosVirtuales\BaseDeDatosSalonDeBelleza\venv\Lib\site-packages\_pyinstaller_hooks_contrib\rthooks\pyi_rth_osgeo.py", "Python", 13, 0, 0, 0, 0, 0, 0, 0, 0, 0, 0, 0, 12, 8, 33
"c:\Users\makib\Documents\EntornosVirtuales\BaseDeDatosSalonDeBelleza\venv\Lib\site-packages\_pyinstaller_hooks_contrib\rthooks\pyi_rth_pygraphviz.py", "Python", 14, 0, 0, 0, 0, 0, 0, 0, 0, 0, 0, 0, 11, 8, 33
"c:\Users\makib\Documents\EntornosVirtuales\BaseDeDatosSalonDeBelleza\venv\Lib\site-packages\_pyinstaller_hooks_contrib\rthooks\pyi_rth_pyproj.py", "Python", 9, 0, 0, 0, 0, 0, 0, 0, 0, 0, 0, 0, 11, 7, 27
"c:\Users\makib\Documents\EntornosVirtuales\BaseDeDatosSalonDeBelleza\venv\Lib\site-packages\_pyinstaller_hooks_contrib\rthooks\pyi_rth_pyqtgraph_multiprocess.py", "Python", 22, 0, 0, 0, 0, 0, 0, 0, 0, 0, 0, 0, 22, 9, 53
"c:\Users\makib\Documents\EntornosVirtuales\BaseDeDatosSalonDeBelleza\venv\Lib\site-packages\_pyinstaller_hooks_contrib\rthooks\pyi_rth_pythoncom.py", "Python", 6, 0, 0, 0, 0, 0, 0, 0, 0, 0, 0, 0, 16, 3, 25
"c:\Users\makib\Documents\EntornosVirtuales\BaseDeDatosSalonDeBelleza\venv\Lib\site-packages\_pyinstaller_hooks_contrib\rthooks\pyi_rth_pywintypes.py", "Python", 6, 0, 0, 0, 0, 0, 0, 0, 0, 0, 0, 0, 16, 3, 25
"c:\Users\makib\Documents\EntornosVirtuales\BaseDeDatosSalonDeBelleza\venv\Lib\site-packages\_pyinstaller_hooks_contrib\rthooks\pyi_rth_tensorflow.py", "Python", 15, 0, 0, 0, 0, 0, 0, 0, 0, 0, 0, 0, 28, 11, 54
"c:\Users\makib\Documents\EntornosVirtuales\BaseDeDatosSalonDeBelleza\venv\Lib\site-packages\_pyinstaller_hooks_contrib\rthooks\pyi_rth_traitlets.py", "Python", 4, 0, 0, 0, 0, 0, 0, 0, 0, 0, 0, 0, 15, 7, 26
"c:\Users\makib\Documents\EntornosVirtuales\BaseDeDatosSalonDeBelleza\venv\Lib\site-packages\_pyinstaller_hooks_contrib\rthooks\pyi_rth_usb.py", "Python", 51, 0, 0, 0, 0, 0, 0, 0, 0, 0, 0, 0, 15, 10, 76
"c:\Users\makib\Documents\EntornosVirtuales\BaseDeDatosSalonDeBelleza\venv\Lib\site-packages\_pyinstaller_hooks_contrib\stdhooks\__init__.py", "Python", 0, 0, 0, 0, 0, 0, 0, 0, 0, 0, 0, 0, 11, 1, 12
"c:\Users\makib\Documents\EntornosVirtuales\BaseDeDatosSalonDeBelleza\venv\Lib\site-packages\_pyinstaller_hooks_contrib\stdhooks\hook-BTrees.py", "Python", 2, 0, 0, 0, 0, 0, 0, 0, 0, 0, 0, 0, 12, 4, 18
"c:\Users\makib\Documents\EntornosVirtuales\BaseDeDatosSalonDeBelleza\venv\Lib\site-packages\_pyinstaller_hooks_contrib\stdhooks\hook-CTkMessagebox.py", "Python", 2, 0, 0, 0, 0, 0, 0, 0, 0, 0, 0, 0, 14, 2, 18
"c:\Users\makib\Documents\EntornosVirtuales\BaseDeDatosSalonDeBelleza\venv\Lib\site-packages\_pyinstaller_hooks_contrib\stdhooks\hook-Crypto.py", "Python", 37, 0, 0, 0, 0, 0, 0, 0, 0, 0, 0, 0, 16, 10, 63
"c:\Users\makib\Documents\EntornosVirtuales\BaseDeDatosSalonDeBelleza\venv\Lib\site-packages\_pyinstaller_hooks_contrib\stdhooks\hook-Cryptodome.py", "Python", 23, 0, 0, 0, 0, 0, 0, 0, 0, 0, 0, 0, 15, 7, 45
"c:\Users\makib\Documents\EntornosVirtuales\BaseDeDatosSalonDeBelleza\venv\Lib\site-packages\_pyinstaller_hooks_contrib\stdhooks\hook-HtmlTestRunner.py", "Python", 2, 0, 0, 0, 0, 0, 0, 0, 0, 0, 0, 0, 12, 4, 18
"c:\Users\makib\Documents\EntornosVirtuales\BaseDeDatosSalonDeBelleza\venv\Lib\site-packages\_pyinstaller_hooks_contrib\stdhooks\hook-IPython.py", "Python", 16, 0, 0, 0, 0, 0, 0, 0, 0, 0, 0, 0, 20, 7, 43
"c:\Users\makib\Documents\EntornosVirtuales\BaseDeDatosSalonDeBelleza\venv\Lib\site-packages\_pyinstaller_hooks_contrib\stdhooks\hook-OpenGL.py", "Python", 35, 0, 0, 0, 0, 0, 0, 0, 0, 0, 0, 0, 21, 10, 66
"c:\Users\makib\Documents\EntornosVirtuales\BaseDeDatosSalonDeBelleza\venv\Lib\site-packages\_pyinstaller_hooks_contrib\stdhooks\hook-OpenGL_accelerate.py", "Python", 10, 0, 0, 0, 0, 0, 0, 0, 0, 0, 0, 0, 11, 2, 23
"c:\Users\makib\Documents\EntornosVirtuales\BaseDeDatosSalonDeBelleza\venv\Lib\site-packages\_pyinstaller_hooks_contrib\stdhooks\hook-PyTaskbar.py", "Python", 2, 0, 0, 0, 0, 0, 0, 0, 0, 0, 0, 0, 11, 2, 15
"c:\Users\makib\Documents\EntornosVirtuales\BaseDeDatosSalonDeBelleza\venv\Lib\site-packages\_pyinstaller_hooks_contrib\stdhooks\hook-Xlib.py", "Python", 2, 0, 0, 0, 0, 0, 0, 0, 0, 0, 0, 0, 11, 3, 16
"c:\Users\makib\Documents\EntornosVirtuales\BaseDeDatosSalonDeBelleza\venv\Lib\site-packages\_pyinstaller_hooks_contrib\stdhooks\hook-_mssql.py", "Python", 1, 0, 0, 0, 0, 0, 0, 0, 0, 0, 0, 0, 11, 2, 14
"c:\Users\makib\Documents\EntornosVirtuales\BaseDeDatosSalonDeBelleza\venv\Lib\site-packages\_pyinstaller_hooks_contrib\stdhooks\hook-_mysql.py", "Python", 4, 0, 0, 0, 0, 0, 0, 0, 0, 0, 0, 0, 11, 2, 17
"c:\Users\makib\Documents\EntornosVirtuales\BaseDeDatosSalonDeBelleza\venv\Lib\site-packages\_pyinstaller_hooks_contrib\stdhooks\hook-accessible_output2.py", "Python", 5, 0, 0, 0, 0, 0, 0, 0, 0, 0, 0, 0, 11, 3, 19
"c:\Users\makib\Documents\EntornosVirtuales\BaseDeDatosSalonDeBelleza\venv\Lib\site-packages\_pyinstaller_hooks_contrib\stdhooks\hook-adbutils.py", "Python", 4, 0, 0, 0, 0, 0, 0, 0, 0, 0, 0, 0, 16, 4, 24
"c:\Users\makib\Documents\EntornosVirtuales\BaseDeDatosSalonDeBelleza\venv\Lib\site-packages\_pyinstaller_hooks_contrib\stdhooks\hook-adios.py", "Python", 4, 0, 0, 0, 0, 0, 0, 0, 0, 0, 0, 0, 11, 2, 17
"c:\Users\makib\Documents\EntornosVirtuales\BaseDeDatosSalonDeBelleza\venv\Lib\site-packages\_pyinstaller_hooks_contrib\stdhooks\hook-afmformats.py", "Python", 2, 0, 0, 0, 0, 0, 0, 0, 0, 0, 0, 0, 12, 4, 18
"c:\Users\makib\Documents\EntornosVirtuales\BaseDeDatosSalonDeBelleza\venv\Lib\site-packages\_pyinstaller_hooks_contrib\stdhooks\hook-aliyunsdkcore.py", "Python", 2, 0, 0, 0, 0, 0, 0, 0, 0, 0, 0, 0, 11, 2, 15
"c:\Users\makib\Documents\EntornosVirtuales\BaseDeDatosSalonDeBelleza\venv\Lib\site-packages\_pyinstaller_hooks_contrib\stdhooks\hook-altair.py", "Python", 2, 0, 0, 0, 0, 0, 0, 0, 0, 0, 0, 0, 11, 3, 16
"c:\Users\makib\Documents\EntornosVirtuales\BaseDeDatosSalonDeBelleza\venv\Lib\site-packages\_pyinstaller_hooks_contrib\stdhooks\hook-amazonproduct.py", "Python", 14, 0, 0, 0, 0, 0, 0, 0, 0, 0, 0, 0, 11, 2, 27
"c:\Users\makib\Documents\EntornosVirtuales\BaseDeDatosSalonDeBelleza\venv\Lib\site-packages\_pyinstaller_hooks_contrib\stdhooks\hook-anyio.py", "Python", 6, 0, 0, 0, 0, 0, 0, 0, 0, 0, 0, 0, 11, 3, 20
"c:\Users\makib\Documents\EntornosVirtuales\BaseDeDatosSalonDeBelleza\venv\Lib\site-packages\_pyinstaller_hooks_contrib\stdhooks\hook-apkutils.py", "Python", 2, 0, 0, 0, 0, 0, 0, 0, 0, 0, 0, 0, 11, 3, 16
"c:\Users\makib\Documents\EntornosVirtuales\BaseDeDatosSalonDeBelleza\venv\Lib\site-packages\_pyinstaller_hooks_contrib\stdhooks\hook-appdirs.py", "Python", 8, 0, 0, 0, 0, 0, 0, 0, 0, 0, 0, 0, 11, 3, 22
"c:\Users\makib\Documents\EntornosVirtuales\BaseDeDatosSalonDeBelleza\venv\Lib\site-packages\_pyinstaller_hooks_contrib\stdhooks\hook-appy.pod.py", "Python", 2, 0, 0, 0, 0, 0, 0, 0, 0, 0, 0, 0, 12, 4, 18
"c:\Users\makib\Documents\EntornosVirtuales\BaseDeDatosSalonDeBelleza\venv\Lib\site-packages\_pyinstaller_hooks_contrib\stdhooks\hook-apscheduler.py", "Python", 13, 0, 0, 0, 0, 0, 0, 0, 0, 0, 0, 0, 11, 4, 28
"c:\Users\makib\Documents\EntornosVirtuales\BaseDeDatosSalonDeBelleza\venv\Lib\site-packages\_pyinstaller_hooks_contrib\stdhooks\hook-argon2.py", "Python", 1, 0, 0, 0, 0, 0, 0, 0, 0, 0, 0, 0, 11, 2, 14
"c:\Users\makib\Documents\EntornosVirtuales\BaseDeDatosSalonDeBelleza\venv\Lib\site-packages\_pyinstaller_hooks_contrib\stdhooks\hook-astor.py", "Python", 2, 0, 0, 0, 0, 0, 0, 0, 0, 0, 0, 0, 11, 3, 16
"c:\Users\makib\Documents\EntornosVirtuales\BaseDeDatosSalonDeBelleza\venv\Lib\site-packages\_pyinstaller_hooks_contrib\stdhooks\hook-astroid.py", "Python", 6, 0, 0, 0, 0, 0, 0, 0, 0, 0, 0, 0, 39, 4, 49
"c:\Users\makib\Documents\EntornosVirtuales\BaseDeDatosSalonDeBelleza\venv\Lib\site-packages\_pyinstaller_hooks_contrib\stdhooks\hook-astropy.py", "Python", 13, 0, 0, 0, 0, 0, 0, 0, 0, 0, 0, 0, 22, 8, 43
"c:\Users\makib\Documents\EntornosVirtuales\BaseDeDatosSalonDeBelleza\venv\Lib\site-packages\_pyinstaller_hooks_contrib\stdhooks\hook-astropy_iers_data.py", "Python", 2, 0, 0, 0, 0, 0, 0, 0, 0, 0, 0, 0, 12, 3, 17
"c:\Users\makib\Documents\EntornosVirtuales\BaseDeDatosSalonDeBelleza\venv\Lib\site-packages\_pyinstaller_hooks_contrib\stdhooks\hook-av.py", "Python", 16, 0, 0, 0, 0, 0, 0, 0, 0, 0, 0, 0, 23, 6, 45
"c:\Users\makib\Documents\EntornosVirtuales\BaseDeDatosSalonDeBelleza\venv\Lib\site-packages\_pyinstaller_hooks_contrib\stdhooks\hook-avro.py", "Python", 11, 0, 0, 0, 0, 0, 0, 0, 0, 0, 0, 0, 14, 3, 28
"c:\Users\makib\Documents\EntornosVirtuales\BaseDeDatosSalonDeBelleza\venv\Lib\site-packages\_pyinstaller_hooks_contrib\stdhooks\hook-azurerm.py", "Python", 5, 0, 0, 0, 0, 0, 0, 0, 0, 0, 0, 0, 15, 3, 23
"c:\Users\makib\Documents\EntornosVirtuales\BaseDeDatosSalonDeBelleza\venv\Lib\site-packages\_pyinstaller_hooks_contrib\stdhooks\hook-backports.py", "Python", 1, 0, 0, 0, 0, 0, 0, 0, 0, 0, 0, 0, 18, 2, 21
"c:\Users\makib\Documents\EntornosVirtuales\BaseDeDatosSalonDeBelleza\venv\Lib\site-packages\_pyinstaller_hooks_contrib\stdhooks\hook-backports.zoneinfo.py", "Python", 3, 0, 0, 0, 0, 0, 0, 0, 0, 0, 0, 0, 13, 3, 19
"c:\Users\makib\Documents\EntornosVirtuales\BaseDeDatosSalonDeBelleza\venv\Lib\site-packages\_pyinstaller_hooks_contrib\stdhooks\hook-bacon.py", "Python", 30, 0, 0, 0, 0, 0, 0, 0, 0, 0, 0, 0, 13, 8, 51
"c:\Users\makib\Documents\EntornosVirtuales\BaseDeDatosSalonDeBelleza\venv\Lib\site-packages\_pyinstaller_hooks_contrib\stdhooks\hook-bcrypt.py", "Python", 4, 0, 0, 0, 0, 0, 0, 0, 0, 0, 0, 0, 11, 2, 17
"c:\Users\makib\Documents\EntornosVirtuales\BaseDeDatosSalonDeBelleza\venv\Lib\site-packages\_pyinstaller_hooks_contrib\stdhooks\hook-bitsandbytes.py", "Python", 3, 0, 0, 0, 0, 0, 0, 0, 0, 0, 0, 0, 17, 4, 24
"c:\Users\makib\Documents\EntornosVirtuales\BaseDeDatosSalonDeBelleza\venv\Lib\site-packages\_pyinstaller_hooks_contrib\stdhooks\hook-black.py", "Python", 13, 0, 0, 0, 0, 0, 0, 0, 0, 0, 0, 0, 14, 3, 30
"c:\Users\makib\Documents\EntornosVirtuales\BaseDeDatosSalonDeBelleza\venv\Lib\site-packages\_pyinstaller_hooks_contrib\stdhooks\hook-bleak.py", "Python", 5, 0, 0, 0, 0, 0, 0, 0, 0, 0, 0, 0, 12, 3, 20
"c:\Users\makib\Documents\EntornosVirtuales\BaseDeDatosSalonDeBelleza\venv\Lib\site-packages\_pyinstaller_hooks_contrib\stdhooks\hook-blib2to3.py", "Python", 16, 0, 0, 0, 0, 0, 0, 0, 0, 0, 0, 0, 14, 6, 36
"c:\Users\makib\Documents\EntornosVirtuales\BaseDeDatosSalonDeBelleza\venv\Lib\site-packages\_pyinstaller_hooks_contrib\stdhooks\hook-blspy.py", "Python", 8, 0, 0, 0, 0, 0, 0, 0, 0, 0, 0, 0, 24, 4, 36
"c:\Users\makib\Documents\EntornosVirtuales\BaseDeDatosSalonDeBelleza\venv\Lib\site-packages\_pyinstaller_hooks_contrib\stdhooks\hook-bokeh.py", "Python", 7, 0, 0, 0, 0, 0, 0, 0, 0, 0, 0, 0, 16, 5, 28
"c:\Users\makib\Documents\EntornosVirtuales\BaseDeDatosSalonDeBelleza\venv\Lib\site-packages\_pyinstaller_hooks_contrib\stdhooks\hook-boto.py", "Python", 2, 0, 0, 0, 0, 0, 0, 0, 0, 0, 0, 0, 21, 3, 26
"c:\Users\makib\Documents\EntornosVirtuales\BaseDeDatosSalonDeBelleza\venv\Lib\site-packages\_pyinstaller_hooks_contrib\stdhooks\hook-boto3.py", "Python", 7, 0, 0, 0, 0, 0, 0, 0, 0, 0, 0, 0, 20, 3, 30
"c:\Users\makib\Documents\EntornosVirtuales\BaseDeDatosSalonDeBelleza\venv\Lib\site-packages\_pyinstaller_hooks_contrib\stdhooks\hook-botocore.py", "Python", 5, 0, 0, 0, 0, 0, 0, 0, 0, 0, 0, 0, 22, 4, 31
"c:\Users\makib\Documents\EntornosVirtuales\BaseDeDatosSalonDeBelleza\venv\Lib\site-packages\_pyinstaller_hooks_contrib\stdhooks\hook-branca.py", "Python", 2, 0, 0, 0, 0, 0, 0, 0, 0, 0, 0, 0, 11, 3, 16
"c:\Users\makib\Documents\EntornosVirtuales\BaseDeDatosSalonDeBelleza\venv\Lib\site-packages\_pyinstaller_hooks_contrib\stdhooks\hook-cairocffi.py", "Python", 23, 0, 0, 0, 0, 0, 0, 0, 0, 0, 0, 0, 14, 9, 46
"c:\Users\makib\Documents\EntornosVirtuales\BaseDeDatosSalonDeBelleza\venv\Lib\site-packages\_pyinstaller_hooks_contrib\stdhooks\hook-cairosvg.py", "Python", 21, 0, 0, 0, 0, 0, 0, 0, 0, 0, 0, 0, 12, 8, 41
"c:\Users\makib\Documents\EntornosVirtuales\BaseDeDatosSalonDeBelleza\venv\Lib\site-packages\_pyinstaller_hooks_contrib\stdhooks\hook-capstone.py", "Python", 2, 0, 0, 0, 0, 0, 0, 0, 0, 0, 0, 0, 12, 2, 16
"c:\Users\makib\Documents\EntornosVirtuales\BaseDeDatosSalonDeBelleza\venv\Lib\site-packages\_pyinstaller_hooks_contrib\stdhooks\hook-cassandra.py", "Python", 2, 0, 0, 0, 0, 0, 0, 0, 0, 0, 0, 0, 18, 3, 23
"c:\Users\makib\Documents\EntornosVirtuales\BaseDeDatosSalonDeBelleza\venv\Lib\site-packages\_pyinstaller_hooks_contrib\stdhooks\hook-celpy.py", "Python", 2, 0, 0, 0, 0, 0, 0, 0, 0, 0, 0, 0, 20, 3, 25
"c:\Users\makib\Documents\EntornosVirtuales\BaseDeDatosSalonDeBelleza\venv\Lib\site-packages\_pyinstaller_hooks_contrib\stdhooks\hook-certifi.py", "Python", 2, 0, 0, 0, 0, 0, 0, 0, 0, 0, 0, 0, 15, 5, 22
"c:\Users\makib\Documents\EntornosVirtuales\BaseDeDatosSalonDeBelleza\venv\Lib\site-packages\_pyinstaller_hooks_contrib\stdhooks\hook-cf_units.py", "Python", 2, 0, 0, 0, 0, 0, 0, 0, 0, 0, 0, 0, 12, 3, 17
"c:\Users\makib\Documents\EntornosVirtuales\BaseDeDatosSalonDeBelleza\venv\Lib\site-packages\_pyinstaller_hooks_contrib\stdhooks\hook-cftime.py", "Python", 8, 0, 0, 0, 0, 0, 0, 0, 0, 0, 0, 0, 12, 2, 22
"c:\Users\makib\Documents\EntornosVirtuales\BaseDeDatosSalonDeBelleza\venv\Lib\site-packages\_pyinstaller_hooks_contrib\stdhooks\hook-charset_normalizer.py", "Python", 3, 0, 0, 0, 0, 0, 0, 0, 0, 0, 0, 0, 11, 3, 17
"c:\Users\makib\Documents\EntornosVirtuales\BaseDeDatosSalonDeBelleza\venv\Lib\site-packages\_pyinstaller_hooks_contrib\stdhooks\hook-cloudpickle.py", "Python", 3, 0, 0, 0, 0, 0, 0, 0, 0, 0, 0, 0, 13, 3, 19
"c:\Users\makib\Documents\EntornosVirtuales\BaseDeDatosSalonDeBelleza\venv\Lib\site-packages\_pyinstaller_hooks_contrib\stdhooks\hook-cloudscraper.py", "Python", 2, 0, 0, 0, 0, 0, 0, 0, 0, 0, 0, 0, 11, 3, 16
"c:\Users\makib\Documents\EntornosVirtuales\BaseDeDatosSalonDeBelleza\venv\Lib\site-packages\_pyinstaller_hooks_contrib\stdhooks\hook-clr.py", "Python", 31, 0, 0, 0, 0, 0, 0, 0, 0, 0, 0, 0, 20, 10, 61
"c:\Users\makib\Documents\EntornosVirtuales\BaseDeDatosSalonDeBelleza\venv\Lib\site-packages\_pyinstaller_hooks_contrib\stdhooks\hook-clr_loader.py", "Python", 4, 0, 0, 0, 0, 0, 0, 0, 0, 0, 0, 0, 16, 3, 23
"c:\Users\makib\Documents\EntornosVirtuales\BaseDeDatosSalonDeBelleza\venv\Lib\site-packages\_pyinstaller_hooks_contrib\stdhooks\hook-cmocean.py", "Python", 2, 0, 0, 0, 0, 0, 0, 0, 0, 0, 0, 0, 11, 3, 16
"c:\Users\makib\Documents\EntornosVirtuales\BaseDeDatosSalonDeBelleza\venv\Lib\site-packages\_pyinstaller_hooks_contrib\stdhooks\hook-compliance_checker.py", "Python", 4, 0, 0, 0, 0, 0, 0, 0, 0, 0, 0, 0, 14, 5, 23
"c:\Users\makib\Documents\EntornosVirtuales\BaseDeDatosSalonDeBelleza\venv\Lib\site-packages\_pyinstaller_hooks_contrib\stdhooks\hook-comtypes.client.py", "Python", 9, 0, 0, 0, 0, 0, 0, 0, 0, 0, 0, 0, 12, 2, 23
"c:\Users\makib\Documents\EntornosVirtuales\BaseDeDatosSalonDeBelleza\venv\Lib\site-packages\_pyinstaller_hooks_contrib\stdhooks\hook-countrycode.py", "Python", 2, 0, 0, 0, 0, 0, 0, 0, 0, 0, 0, 0, 11, 3, 16
"c:\Users\makib\Documents\EntornosVirtuales\BaseDeDatosSalonDeBelleza\venv\Lib\site-packages\_pyinstaller_hooks_contrib\stdhooks\hook-countryinfo.py", "Python", 2, 0, 0, 0, 0, 0, 0, 0, 0, 0, 0, 0, 11, 3, 16
"c:\Users\makib\Documents\EntornosVirtuales\BaseDeDatosSalonDeBelleza\venv\Lib\site-packages\_pyinstaller_hooks_contrib\stdhooks\hook-cryptography.py", "Python", 74, 0, 0, 0, 0, 0, 0, 0, 0, 0, 0, 0, 37, 22, 133
"c:\Users\makib\Documents\EntornosVirtuales\BaseDeDatosSalonDeBelleza\venv\Lib\site-packages\_pyinstaller_hooks_contrib\stdhooks\hook-customtkinter.py", "Python", 2, 0, 0, 0, 0, 0, 0, 0, 0, 0, 0, 0, 11, 2, 15
"c:\Users\makib\Documents\EntornosVirtuales\BaseDeDatosSalonDeBelleza\venv\Lib\site-packages\_pyinstaller_hooks_contrib\stdhooks\hook-cv2.py", "Python", 83, 0, 0, 0, 0, 0, 0, 0, 0, 0, 0, 0, 60, 26, 169
"c:\Users\makib\Documents\EntornosVirtuales\BaseDeDatosSalonDeBelleza\venv\Lib\site-packages\_pyinstaller_hooks_contrib\stdhooks\hook-cx_Oracle.py", "Python", 1, 0, 0, 0, 0, 0, 0, 0, 0, 0, 0, 0, 11, 2, 14
"c:\Users\makib\Documents\EntornosVirtuales\BaseDeDatosSalonDeBelleza\venv\Lib\site-packages\_pyinstaller_hooks_contrib\stdhooks\hook-cytoolz.itertoolz.py", "Python", 1, 0, 0, 0, 0, 0, 0, 0, 0, 0, 0, 0, 13, 3, 17
"c:\Users\makib\Documents\EntornosVirtuales\BaseDeDatosSalonDeBelleza\venv\Lib\site-packages\_pyinstaller_hooks_contrib\stdhooks\hook-dash.py", "Python", 2, 0, 0, 0, 0, 0, 0, 0, 0, 0, 0, 0, 11, 3, 16
"c:\Users\makib\Documents\EntornosVirtuales\BaseDeDatosSalonDeBelleza\venv\Lib\site-packages\_pyinstaller_hooks_contrib\stdhooks\hook-dash_bootstrap_components.py", "Python", 2, 0, 0, 0, 0, 0, 0, 0, 0, 0, 0, 0, 11, 3, 16
"c:\Users\makib\Documents\EntornosVirtuales\BaseDeDatosSalonDeBelleza\venv\Lib\site-packages\_pyinstaller_hooks_contrib\stdhooks\hook-dash_core_components.py", "Python", 2, 0, 0, 0, 0, 0, 0, 0, 0, 0, 0, 0, 11, 3, 16
"c:\Users\makib\Documents\EntornosVirtuales\BaseDeDatosSalonDeBelleza\venv\Lib\site-packages\_pyinstaller_hooks_contrib\stdhooks\hook-dash_html_components.py", "Python", 2, 0, 0, 0, 0, 0, 0, 0, 0, 0, 0, 0, 11, 3, 16
"c:\Users\makib\Documents\EntornosVirtuales\BaseDeDatosSalonDeBelleza\venv\Lib\site-packages\_pyinstaller_hooks_contrib\stdhooks\hook-dash_renderer.py", "Python", 2, 0, 0, 0, 0, 0, 0, 0, 0, 0, 0, 0, 11, 3, 16
"c:\Users\makib\Documents\EntornosVirtuales\BaseDeDatosSalonDeBelleza\venv\Lib\site-packages\_pyinstaller_hooks_contrib\stdhooks\hook-dash_table.py", "Python", 2, 0, 0, 0, 0, 0, 0, 0, 0, 0, 0, 0, 11, 3, 16
"c:\Users\makib\Documents\EntornosVirtuales\BaseDeDatosSalonDeBelleza\venv\Lib\site-packages\_pyinstaller_hooks_contrib\stdhooks\hook-dash_uploader.py", "Python", 2, 0, 0, 0, 0, 0, 0, 0, 0, 0, 0, 0, 11, 3, 16
"c:\Users\makib\Documents\EntornosVirtuales\BaseDeDatosSalonDeBelleza\venv\Lib\site-packages\_pyinstaller_hooks_contrib\stdhooks\hook-dask.py", "Python", 2, 0, 0, 0, 0, 0, 0, 0, 0, 0, 0, 0, 15, 3, 20
"c:\Users\makib\Documents\EntornosVirtuales\BaseDeDatosSalonDeBelleza\venv\Lib\site-packages\_pyinstaller_hooks_contrib\stdhooks\hook-datasets.py", "Python", 1, 0, 0, 0, 0, 0, 0, 0, 0, 0, 0, 0, 12, 2, 15
"c:\Users\makib\Documents\EntornosVirtuales\BaseDeDatosSalonDeBelleza\venv\Lib\site-packages\_pyinstaller_hooks_contrib\stdhooks\hook-dateparser.utils.strptime.py", "Python", 2, 0, 0, 0, 0, 0, 0, 0, 0, 0, 0, 0, 12, 4, 18
"c:\Users\makib\Documents\EntornosVirtuales\BaseDeDatosSalonDeBelleza\venv\Lib\site-packages\_pyinstaller_hooks_contrib\stdhooks\hook-dateutil.py", "Python", 2, 0, 0, 0, 0, 0, 0, 0, 0, 0, 0, 0, 11, 3, 16
"c:\Users\makib\Documents\EntornosVirtuales\BaseDeDatosSalonDeBelleza\venv\Lib\site-packages\_pyinstaller_hooks_contrib\stdhooks\hook-dbus_fast.py", "Python", 2, 0, 0, 0, 0, 0, 0, 0, 0, 0, 0, 0, 12, 3, 17
"c:\Users\makib\Documents\EntornosVirtuales\BaseDeDatosSalonDeBelleza\venv\Lib\site-packages\_pyinstaller_hooks_contrib\stdhooks\hook-dclab.py", "Python", 2, 0, 0, 0, 0, 0, 0, 0, 0, 0, 0, 0, 12, 4, 18
"c:\Users\makib\Documents\EntornosVirtuales\BaseDeDatosSalonDeBelleza\venv\Lib\site-packages\_pyinstaller_hooks_contrib\stdhooks\hook-detectron2.py", "Python", 1, 0, 0, 0, 0, 0, 0, 0, 0, 0, 0, 0, 12, 2, 15
"c:\Users\makib\Documents\EntornosVirtuales\BaseDeDatosSalonDeBelleza\venv\Lib\site-packages\_pyinstaller_hooks_contrib\stdhooks\hook-discid.py", "Python", 20, 0, 0, 0, 0, 0, 0, 0, 0, 0, 0, 0, 14, 7, 41
"c:\Users\makib\Documents\EntornosVirtuales\BaseDeDatosSalonDeBelleza\venv\Lib\site-packages\_pyinstaller_hooks_contrib\stdhooks\hook-distorm3.py", "Python", 2, 0, 0, 0, 0, 0, 0, 0, 0, 0, 0, 0, 14, 4, 20
"c:\Users\makib\Documents\EntornosVirtuales\BaseDeDatosSalonDeBelleza\venv\Lib\site-packages\_pyinstaller_hooks_contrib\stdhooks\hook-distributed.py", "Python", 6, 0, 0, 0, 0, 0, 0, 0, 0, 0, 0, 0, 19, 5, 30
"c:\Users\makib\Documents\EntornosVirtuales\BaseDeDatosSalonDeBelleza\venv\Lib\site-packages\_pyinstaller_hooks_contrib\stdhooks\hook-dns.rdata.py", "Python", 2, 0, 0, 0, 0, 0, 0, 0, 0, 0, 0, 0, 12, 4, 18
"c:\Users\makib\Documents\EntornosVirtuales\BaseDeDatosSalonDeBelleza\venv\Lib\site-packages\_pyinstaller_hooks_contrib\stdhooks\hook-docutils.py", "Python", 6, 0, 0, 0, 0, 0, 0, 0, 0, 0, 0, 0, 11, 3, 20
"c:\Users\makib\Documents\EntornosVirtuales\BaseDeDatosSalonDeBelleza\venv\Lib\site-packages\_pyinstaller_hooks_contrib\stdhooks\hook-docx.py", "Python", 2, 0, 0, 0, 0, 0, 0, 0, 0, 0, 0, 0, 11, 3, 16
"c:\Users\makib\Documents\EntornosVirtuales\BaseDeDatosSalonDeBelleza\venv\Lib\site-packages\_pyinstaller_hooks_contrib\stdhooks\hook-docx2pdf.py", "Python", 3, 0, 0, 0, 0, 0, 0, 0, 0, 0, 0, 0, 12, 4, 19
"c:\Users\makib\Documents\EntornosVirtuales\BaseDeDatosSalonDeBelleza\venv\Lib\site-packages\_pyinstaller_hooks_contrib\stdhooks\hook-dynaconf.py", "Python", 3, 0, 0, 0, 0, 0, 0, 0, 0, 0, 0, 0, 11, 2, 16
"c:\Users\makib\Documents\EntornosVirtuales\BaseDeDatosSalonDeBelleza\venv\Lib\site-packages\_pyinstaller_hooks_contrib\stdhooks\hook-easyocr.py", "Python", 12, 0, 0, 0, 0, 0, 0, 0, 0, 0, 0, 0, 1, 6, 19
"c:\Users\makib\Documents\EntornosVirtuales\BaseDeDatosSalonDeBelleza\venv\Lib\site-packages\_pyinstaller_hooks_contrib\stdhooks\hook-eel.py", "Python", 3, 0, 0, 0, 0, 0, 0, 0, 0, 0, 0, 0, 11, 3, 17
"c:\Users\makib\Documents\EntornosVirtuales\BaseDeDatosSalonDeBelleza\venv\Lib\site-packages\_pyinstaller_hooks_contrib\stdhooks\hook-emoji.py", "Python", 2, 0, 0, 0, 0, 0, 0, 0, 0, 0, 0, 0, 11, 3, 16
"c:\Users\makib\Documents\EntornosVirtuales\BaseDeDatosSalonDeBelleza\venv\Lib\site-packages\_pyinstaller_hooks_contrib\stdhooks\hook-enchant.py", "Python", 30, 0, 0, 0, 0, 0, 0, 0, 0, 0, 0, 0, 27, 9, 66
"c:\Users\makib\Documents\EntornosVirtuales\BaseDeDatosSalonDeBelleza\venv\Lib\site-packages\_pyinstaller_hooks_contrib\stdhooks\hook-eng_to_ipa.py", "Python", 2, 0, 0, 0, 0, 0, 0, 0, 0, 0, 0, 0, 11, 3, 16
"c:\Users\makib\Documents\EntornosVirtuales\BaseDeDatosSalonDeBelleza\venv\Lib\site-packages\_pyinstaller_hooks_contrib\stdhooks\hook-ens.py", "Python", 2, 0, 0, 0, 0, 0, 0, 0, 0, 0, 0, 0, 11, 3, 16
"c:\Users\makib\Documents\EntornosVirtuales\BaseDeDatosSalonDeBelleza\venv\Lib\site-packages\_pyinstaller_hooks_contrib\stdhooks\hook-enzyme.parsers.ebml.core.py", "Python", 9, 0, 0, 0, 0, 0, 0, 0, 0, 0, 0, 0, 13, 4, 26
"c:\Users\makib\Documents\EntornosVirtuales\BaseDeDatosSalonDeBelleza\venv\Lib\site-packages\_pyinstaller_hooks_contrib\stdhooks\hook-eth_abi.py", "Python", 2, 0, 0, 0, 0, 0, 0, 0, 0, 0, 0, 0, 11, 3, 16
"c:\Users\makib\Documents\EntornosVirtuales\BaseDeDatosSalonDeBelleza\venv\Lib\site-packages\_pyinstaller_hooks_contrib\stdhooks\hook-eth_account.py", "Python", 2, 0, 0, 0, 0, 0, 0, 0, 0, 0, 0, 0, 11, 3, 16
"c:\Users\makib\Documents\EntornosVirtuales\BaseDeDatosSalonDeBelleza\venv\Lib\site-packages\_pyinstaller_hooks_contrib\stdhooks\hook-eth_hash.py", "Python", 4, 0, 0, 0, 0, 0, 0, 0, 0, 0, 0, 0, 13, 4, 21
"c:\Users\makib\Documents\EntornosVirtuales\BaseDeDatosSalonDeBelleza\venv\Lib\site-packages\_pyinstaller_hooks_contrib\stdhooks\hook-eth_keyfile.py", "Python", 2, 0, 0, 0, 0, 0, 0, 0, 0, 0, 0, 0, 11, 3, 16
"c:\Users\makib\Documents\EntornosVirtuales\BaseDeDatosSalonDeBelleza\venv\Lib\site-packages\_pyinstaller_hooks_contrib\stdhooks\hook-eth_keys.py", "Python", 3, 0, 0, 0, 0, 0, 0, 0, 0, 0, 0, 0, 12, 3, 18
"c:\Users\makib\Documents\EntornosVirtuales\BaseDeDatosSalonDeBelleza\venv\Lib\site-packages\_pyinstaller_hooks_contrib\stdhooks\hook-eth_rlp.py", "Python", 3, 0, 0, 0, 0, 0, 0, 0, 0, 0, 0, 0, 12, 3, 18
"c:\Users\makib\Documents\EntornosVirtuales\BaseDeDatosSalonDeBelleza\venv\Lib\site-packages\_pyinstaller_hooks_contrib\stdhooks\hook-eth_typing.py", "Python", 2, 0, 0, 0, 0, 0, 0, 0, 0, 0, 0, 0, 12, 3, 17
"c:\Users\makib\Documents\EntornosVirtuales\BaseDeDatosSalonDeBelleza\venv\Lib\site-packages\_pyinstaller_hooks_contrib\stdhooks\hook-eth_utils.network.py", "Python", 2, 0, 0, 0, 0, 0, 0, 0, 0, 0, 0, 0, 11, 3, 16
"c:\Users\makib\Documents\EntornosVirtuales\BaseDeDatosSalonDeBelleza\venv\Lib\site-packages\_pyinstaller_hooks_contrib\stdhooks\hook-eth_utils.py", "Python", 2, 0, 0, 0, 0, 0, 0, 0, 0, 0, 0, 0, 11, 3, 16
"c:\Users\makib\Documents\EntornosVirtuales\BaseDeDatosSalonDeBelleza\venv\Lib\site-packages\_pyinstaller_hooks_contrib\stdhooks\hook-exchangelib.py", "Python", 1, 0, 0, 0, 0, 0, 0, 0, 0, 0, 0, 0, 11, 1, 13
"c:\Users\makib\Documents\EntornosVirtuales\BaseDeDatosSalonDeBelleza\venv\Lib\site-packages\_pyinstaller_hooks_contrib\stdhooks\hook-fabric.py", "Python", 2, 0, 0, 0, 0, 0, 0, 0, 0, 0, 0, 0, 18, 3, 23
"c:\Users\makib\Documents\EntornosVirtuales\BaseDeDatosSalonDeBelleza\venv\Lib\site-packages\_pyinstaller_hooks_contrib\stdhooks\hook-fairscale.py", "Python", 1, 0, 0, 0, 0, 0, 0, 0, 0, 0, 0, 0, 12, 2, 15
"c:\Users\makib\Documents\EntornosVirtuales\BaseDeDatosSalonDeBelleza\venv\Lib\site-packages\_pyinstaller_hooks_contrib\stdhooks\hook-faker.py", "Python", 6, 0, 0, 0, 0, 0, 0, 0, 0, 0, 0, 0, 11, 3, 20
"c:\Users\makib\Documents\EntornosVirtuales\BaseDeDatosSalonDeBelleza\venv\Lib\site-packages\_pyinstaller_hooks_contrib\stdhooks\hook-falcon.py", "Python", 24, 0, 0, 0, 0, 0, 0, 0, 0, 0, 0, 0, 13, 5, 42
"c:\Users\makib\Documents\EntornosVirtuales\BaseDeDatosSalonDeBelleza\venv\Lib\site-packages\_pyinstaller_hooks_contrib\stdhooks\hook-fastai.py", "Python", 1, 0, 0, 0, 0, 0, 0, 0, 0, 0, 0, 0, 12, 2, 15
"c:\Users\makib\Documents\EntornosVirtuales\BaseDeDatosSalonDeBelleza\venv\Lib\site-packages\_pyinstaller_hooks_contrib\stdhooks\hook-fastparquet.py", "Python", 11, 0, 0, 0, 0, 0, 0, 0, 0, 0, 0, 0, 19, 3, 33
"c:\Users\makib\Documents\EntornosVirtuales\BaseDeDatosSalonDeBelleza\venv\Lib\site-packages\_pyinstaller_hooks_contrib\stdhooks\hook-ffpyplayer.py", "Python", 5, 0, 0, 0, 0, 0, 0, 0, 0, 0, 0, 0, 12, 3, 20
"c:\Users\makib\Documents\EntornosVirtuales\BaseDeDatosSalonDeBelleza\venv\Lib\site-packages\_pyinstaller_hooks_contrib\stdhooks\hook-fiona.py", "Python", 9, 0, 0, 0, 0, 0, 0, 0, 0, 0, 0, 0, 13, 5, 27
"c:\Users\makib\Documents\EntornosVirtuales\BaseDeDatosSalonDeBelleza\venv\Lib\site-packages\_pyinstaller_hooks_contrib\stdhooks\hook-flask_compress.py", "Python", 2, 0, 0, 0, 0, 0, 0, 0, 0, 0, 0, 0, 11, 3, 16
"c:\Users\makib\Documents\EntornosVirtuales\BaseDeDatosSalonDeBelleza\venv\Lib\site-packages\_pyinstaller_hooks_contrib\stdhooks\hook-flask_restx.py", "Python", 2, 0, 0, 0, 0, 0, 0, 0, 0, 0, 0, 0, 11, 2, 15
"c:\Users\makib\Documents\EntornosVirtuales\BaseDeDatosSalonDeBelleza\venv\Lib\site-packages\_pyinstaller_hooks_contrib\stdhooks\hook-flex.py", "Python", 2, 0, 0, 0, 0, 0, 0, 0, 0, 0, 0, 0, 12, 4, 18
"c:\Users\makib\Documents\EntornosVirtuales\BaseDeDatosSalonDeBelleza\venv\Lib\site-packages\_pyinstaller_hooks_contrib\stdhooks\hook-flirpy.py", "Python", 6, 0, 0, 0, 0, 0, 0, 0, 0, 0, 0, 0, 11, 3, 20
"c:\Users\makib\Documents\EntornosVirtuales\BaseDeDatosSalonDeBelleza\venv\Lib\site-packages\_pyinstaller_hooks_contrib\stdhooks\hook-fmpy.py", "Python", 10, 0, 0, 0, 0, 0, 0, 0, 0, 0, 0, 0, 11, 5, 26
"c:\Users\makib\Documents\EntornosVirtuales\BaseDeDatosSalonDeBelleza\venv\Lib\site-packages\_pyinstaller_hooks_contrib\stdhooks\hook-folium.py", "Python", 2, 0, 0, 0, 0, 0, 0, 0, 0, 0, 0, 0, 12, 3, 17
"c:\Users\makib\Documents\EntornosVirtuales\BaseDeDatosSalonDeBelleza\venv\Lib\site-packages\_pyinstaller_hooks_contrib\stdhooks\hook-freetype.py", "Python", 2, 0, 0, 0, 0, 0, 0, 0, 0, 0, 0, 0, 12, 3, 17
"c:\Users\makib\Documents\EntornosVirtuales\BaseDeDatosSalonDeBelleza\venv\Lib\site-packages\_pyinstaller_hooks_contrib\stdhooks\hook-frictionless.py", "Python", 3, 0, 0, 0, 0, 0, 0, 0, 0, 0, 0, 0, 13, 4, 20
"c:\Users\makib\Documents\EntornosVirtuales\BaseDeDatosSalonDeBelleza\venv\Lib\site-packages\_pyinstaller_hooks_contrib\stdhooks\hook-fsspec.py", "Python", 2, 0, 0, 0, 0, 0, 0, 0, 0, 0, 0, 0, 11, 3, 16
"c:\Users\makib\Documents\EntornosVirtuales\BaseDeDatosSalonDeBelleza\venv\Lib\site-packages\_pyinstaller_hooks_contrib\stdhooks\hook-fvcore.nn.py", "Python", 1, 0, 0, 0, 0, 0, 0, 0, 0, 0, 0, 0, 12, 2, 15
"c:\Users\makib\Documents\EntornosVirtuales\BaseDeDatosSalonDeBelleza\venv\Lib\site-packages\_pyinstaller_hooks_contrib\stdhooks\hook-gadfly.py", "Python", 1, 0, 0, 0, 0, 0, 0, 0, 0, 0, 0, 0, 11, 2, 14
"c:\Users\makib\Documents\EntornosVirtuales\BaseDeDatosSalonDeBelleza\venv\Lib\site-packages\_pyinstaller_hooks_contrib\stdhooks\hook-gbulb.py", "Python", 1, 0, 0, 0, 0, 0, 0, 0, 0, 0, 0, 0, 12, 2, 15
"c:\Users\makib\Documents\EntornosVirtuales\BaseDeDatosSalonDeBelleza\venv\Lib\site-packages\_pyinstaller_hooks_contrib\stdhooks\hook-gcloud.py", "Python", 5, 0, 0, 0, 0, 0, 0, 0, 0, 0, 0, 0, 14, 3, 22
"c:\Users\makib\Documents\EntornosVirtuales\BaseDeDatosSalonDeBelleza\venv\Lib\site-packages\_pyinstaller_hooks_contrib\stdhooks\hook-geopandas.py", "Python", 2, 0, 0, 0, 0, 0, 0, 0, 0, 0, 0, 0, 11, 3, 16
"c:\Users\makib\Documents\EntornosVirtuales\BaseDeDatosSalonDeBelleza\venv\Lib\site-packages\_pyinstaller_hooks_contrib\stdhooks\hook-gitlab.py", "Python", 2, 0, 0, 0, 0, 0, 0, 0, 0, 0, 0, 0, 18, 3, 23
"c:\Users\makib\Documents\EntornosVirtuales\BaseDeDatosSalonDeBelleza\venv\Lib\site-packages\_pyinstaller_hooks_contrib\stdhooks\hook-gmplot.py", "Python", 2, 0, 0, 0, 0, 0, 0, 0, 0, 0, 0, 0, 11, 3, 16
"c:\Users\makib\Documents\EntornosVirtuales\BaseDeDatosSalonDeBelleza\venv\Lib\site-packages\_pyinstaller_hooks_contrib\stdhooks\hook-gmsh.py", "Python", 11, 0, 0, 0, 0, 0, 0, 0, 0, 0, 0, 0, 13, 5, 29
"c:\Users\makib\Documents\EntornosVirtuales\BaseDeDatosSalonDeBelleza\venv\Lib\site-packages\_pyinstaller_hooks_contrib\stdhooks\hook-gooey.py", "Python", 5, 0, 0, 0, 0, 0, 0, 0, 0, 0, 0, 0, 11, 3, 19
"c:\Users\makib\Documents\EntornosVirtuales\BaseDeDatosSalonDeBelleza\venv\Lib\site-packages\_pyinstaller_hooks_contrib\stdhooks\hook-google.api_core.py", "Python", 2, 0, 0, 0, 0, 0, 0, 0, 0, 0, 0, 0, 11, 3, 16
"c:\Users\makib\Documents\EntornosVirtuales\BaseDeDatosSalonDeBelleza\venv\Lib\site-packages\_pyinstaller_hooks_contrib\stdhooks\hook-google.cloud.bigquery.py", "Python", 3, 0, 0, 0, 0, 0, 0, 0, 0, 0, 0, 0, 12, 2, 17
"c:\Users\makib\Documents\EntornosVirtuales\BaseDeDatosSalonDeBelleza\venv\Lib\site-packages\_pyinstaller_hooks_contrib\stdhooks\hook-google.cloud.core.py", "Python", 2, 0, 0, 0, 0, 0, 0, 0, 0, 0, 0, 0, 11, 3, 16
"c:\Users\makib\Documents\EntornosVirtuales\BaseDeDatosSalonDeBelleza\venv\Lib\site-packages\_pyinstaller_hooks_contrib\stdhooks\hook-google.cloud.kms_v1.py", "Python", 2, 0, 0, 0, 0, 0, 0, 0, 0, 0, 0, 0, 14, 4, 20
"c:\Users\makib\Documents\EntornosVirtuales\BaseDeDatosSalonDeBelleza\venv\Lib\site-packages\_pyinstaller_hooks_contrib\stdhooks\hook-google.cloud.pubsub_v1.py", "Python", 2, 0, 0, 0, 0, 0, 0, 0, 0, 0, 0, 0, 11, 3, 16
"c:\Users\makib\Documents\EntornosVirtuales\BaseDeDatosSalonDeBelleza\venv\Lib\site-packages\_pyinstaller_hooks_contrib\stdhooks\hook-google.cloud.speech.py", "Python", 2, 0, 0, 0, 0, 0, 0, 0, 0, 0, 0, 0, 11, 3, 16
"c:\Users\makib\Documents\EntornosVirtuales\BaseDeDatosSalonDeBelleza\venv\Lib\site-packages\_pyinstaller_hooks_contrib\stdhooks\hook-google.cloud.storage.py", "Python", 2, 0, 0, 0, 0, 0, 0, 0, 0, 0, 0, 0, 11, 3, 16
"c:\Users\makib\Documents\EntornosVirtuales\BaseDeDatosSalonDeBelleza\venv\Lib\site-packages\_pyinstaller_hooks_contrib\stdhooks\hook-google.cloud.translate.py", "Python", 2, 0, 0, 0, 0, 0, 0, 0, 0, 0, 0, 0, 11, 3, 16
"c:\Users\makib\Documents\EntornosVirtuales\BaseDeDatosSalonDeBelleza\venv\Lib\site-packages\_pyinstaller_hooks_contrib\stdhooks\hook-googleapiclient.model.py", "Python", 4, 0, 0, 0, 0, 0, 0, 0, 0, 0, 0, 0, 14, 3, 21
"c:\Users\makib\Documents\EntornosVirtuales\BaseDeDatosSalonDeBelleza\venv\Lib\site-packages\_pyinstaller_hooks_contrib\stdhooks\hook-grapheme.py", "Python", 2, 0, 0, 0, 0, 0, 0, 0, 0, 0, 0, 0, 11, 3, 16
"c:\Users\makib\Documents\EntornosVirtuales\BaseDeDatosSalonDeBelleza\venv\Lib\site-packages\_pyinstaller_hooks_contrib\stdhooks\hook-graphql_query.py", "Python", 5, 0, 0, 0, 0, 0, 0, 0, 0, 0, 0, 0, 11, 3, 19
"c:\Users\makib\Documents\EntornosVirtuales\BaseDeDatosSalonDeBelleza\venv\Lib\site-packages\_pyinstaller_hooks_contrib\stdhooks\hook-great_expectations.py", "Python", 2, 0, 0, 0, 0, 0, 0, 0, 0, 0, 0, 0, 11, 3, 16
"c:\Users\makib\Documents\EntornosVirtuales\BaseDeDatosSalonDeBelleza\venv\Lib\site-packages\_pyinstaller_hooks_contrib\stdhooks\hook-gribapi.py", "Python", 41, 0, 0, 0, 0, 0, 0, 0, 0, 0, 0, 0, 28, 15, 84
"c:\Users\makib\Documents\EntornosVirtuales\BaseDeDatosSalonDeBelleza\venv\Lib\site-packages\_pyinstaller_hooks_contrib\stdhooks\hook-grpc.py", "Python", 2, 0, 0, 0, 0, 0, 0, 0, 0, 0, 0, 0, 11, 3, 16
"c:\Users\makib\Documents\EntornosVirtuales\BaseDeDatosSalonDeBelleza\venv\Lib\site-packages\_pyinstaller_hooks_contrib\stdhooks\hook-gst._gst.py", "Python", 21, 0, 0, 0, 0, 0, 0, 0, 0, 0, 0, 0, 17, 8, 46
"c:\Users\makib\Documents\EntornosVirtuales\BaseDeDatosSalonDeBelleza\venv\Lib\site-packages\_pyinstaller_hooks_contrib\stdhooks\hook-gtk.py", "Python", 4, 0, 0, 0, 0, 0, 0, 0, 0, 0, 0, 0, 11, 2, 17
"c:\Users\makib\Documents\EntornosVirtuales\BaseDeDatosSalonDeBelleza\venv\Lib\site-packages\_pyinstaller_hooks_contrib\stdhooks\hook-h3.py", "Python", 3, 0, 0, 0, 0, 0, 0, 0, 0, 0, 0, 0, 12, 3, 18
"c:\Users\makib\Documents\EntornosVirtuales\BaseDeDatosSalonDeBelleza\venv\Lib\site-packages\_pyinstaller_hooks_contrib\stdhooks\hook-h5py.py", "Python", 5, 0, 0, 0, 0, 0, 0, 0, 0, 0, 0, 0, 11, 3, 19
"c:\Users\makib\Documents\EntornosVirtuales\BaseDeDatosSalonDeBelleza\venv\Lib\site-packages\_pyinstaller_hooks_contrib\stdhooks\hook-hdf5plugin.py", "Python", 2, 0, 0, 0, 0, 0, 0, 0, 0, 0, 0, 0, 12, 4, 18
"c:\Users\makib\Documents\EntornosVirtuales\BaseDeDatosSalonDeBelleza\venv\Lib\site-packages\_pyinstaller_hooks_contrib\stdhooks\hook-hexbytes.py", "Python", 3, 0, 0, 0, 0, 0, 0, 0, 0, 0, 0, 0, 12, 3, 18
"c:\Users\makib\Documents\EntornosVirtuales\BaseDeDatosSalonDeBelleza\venv\Lib\site-packages\_pyinstaller_hooks_contrib\stdhooks\hook-httplib2.py", "Python", 2, 0, 0, 0, 0, 0, 0, 0, 0, 0, 0, 0, 12, 4, 18
"c:\Users\makib\Documents\EntornosVirtuales\BaseDeDatosSalonDeBelleza\venv\Lib\site-packages\_pyinstaller_hooks_contrib\stdhooks\hook-humanize.py", "Python", 8, 0, 0, 0, 0, 0, 0, 0, 0, 0, 0, 0, 11, 5, 24
"c:\Users\makib\Documents\EntornosVirtuales\BaseDeDatosSalonDeBelleza\venv\Lib\site-packages\_pyinstaller_hooks_contrib\stdhooks\hook-hydra.py", "Python", 9, 0, 0, 0, 0, 0, 0, 0, 0, 0, 0, 0, 23, 5, 37
"c:\Users\makib\Documents\EntornosVirtuales\BaseDeDatosSalonDeBelleza\venv\Lib\site-packages\_pyinstaller_hooks_contrib\stdhooks\hook-ijson.py", "Python", 2, 0, 0, 0, 0, 0, 0, 0, 0, 0, 0, 0, 11, 3, 16
"c:\Users\makib\Documents\EntornosVirtuales\BaseDeDatosSalonDeBelleza\venv\Lib\site-packages\_pyinstaller_hooks_contrib\stdhooks\hook-imageio.py", "Python", 3, 0, 0, 0, 0, 0, 0, 0, 0, 0, 0, 0, 14, 5, 22
"c:\Users\makib\Documents\EntornosVirtuales\BaseDeDatosSalonDeBelleza\venv\Lib\site-packages\_pyinstaller_hooks_contrib\stdhooks\hook-imageio_ffmpeg.py", "Python", 4, 0, 0, 0, 0, 0, 0, 0, 0, 0, 0, 0, 14, 5, 23
"c:\Users\makib\Documents\EntornosVirtuales\BaseDeDatosSalonDeBelleza\venv\Lib\site-packages\_pyinstaller_hooks_contrib\stdhooks\hook-iminuit.py", "Python", 5, 0, 0, 0, 0, 0, 0, 0, 0, 0, 0, 0, 15, 6, 26
"c:\Users\makib\Documents\EntornosVirtuales\BaseDeDatosSalonDeBelleza\venv\Lib\site-packages\_pyinstaller_hooks_contrib\stdhooks\hook-intake.py", "Python", 2, 0, 0, 0, 0, 0, 0, 0, 0, 0, 0, 0, 11, 3, 16
"c:\Users\makib\Documents\EntornosVirtuales\BaseDeDatosSalonDeBelleza\venv\Lib\site-packages\_pyinstaller_hooks_contrib\stdhooks\hook-iso639.py", "Python", 2, 0, 0, 0, 0, 0, 0, 0, 0, 0, 0, 0, 12, 3, 17
"c:\Users\makib\Documents\EntornosVirtuales\BaseDeDatosSalonDeBelleza\venv\Lib\site-packages\_pyinstaller_hooks_contrib\stdhooks\hook-itk.py", "Python", 5, 0, 0, 0, 0, 0, 0, 0, 0, 0, 0, 0, 13, 4, 22
"c:\Users\makib\Documents\EntornosVirtuales\BaseDeDatosSalonDeBelleza\venv\Lib\site-packages\_pyinstaller_hooks_contrib\stdhooks\hook-jaraco.text.py", "Python", 2, 0, 0, 0, 0, 0, 0, 0, 0, 0, 0, 0, 12, 4, 18
"c:\Users\makib\Documents\EntornosVirtuales\BaseDeDatosSalonDeBelleza\venv\Lib\site-packages\_pyinstaller_hooks_contrib\stdhooks\hook-jedi.py", "Python", 2, 0, 0, 0, 0, 0, 0, 0, 0, 0, 0, 0, 12, 4, 18
"c:\Users\makib\Documents\EntornosVirtuales\BaseDeDatosSalonDeBelleza\venv\Lib\site-packages\_pyinstaller_hooks_contrib\stdhooks\hook-jieba.py", "Python", 2, 0, 0, 0, 0, 0, 0, 0, 0, 0, 0, 0, 11, 3, 16
"c:\Users\makib\Documents\EntornosVirtuales\BaseDeDatosSalonDeBelleza\venv\Lib\site-packages\_pyinstaller_hooks_contrib\stdhooks\hook-jinja2.py", "Python", 1, 0, 0, 0, 0, 0, 0, 0, 0, 0, 0, 0, 11, 2, 14
"c:\Users\makib\Documents\EntornosVirtuales\BaseDeDatosSalonDeBelleza\venv\Lib\site-packages\_pyinstaller_hooks_contrib\stdhooks\hook-jinxed.py", "Python", 3, 0, 0, 0, 0, 0, 0, 0, 0, 0, 0, 0, 11, 2, 16
"c:\Users\makib\Documents\EntornosVirtuales\BaseDeDatosSalonDeBelleza\venv\Lib\site-packages\_pyinstaller_hooks_contrib\stdhooks\hook-jira.py", "Python", 6, 0, 0, 0, 0, 0, 0, 0, 0, 0, 0, 0, 11, 3, 20
"c:\Users\makib\Documents\EntornosVirtuales\BaseDeDatosSalonDeBelleza\venv\Lib\site-packages\_pyinstaller_hooks_contrib\stdhooks\hook-jsonpath_rw_ext.py", "Python", 2, 0, 0, 0, 0, 0, 0, 0, 0, 0, 0, 0, 11, 3, 16
"c:\Users\makib\Documents\EntornosVirtuales\BaseDeDatosSalonDeBelleza\venv\Lib\site-packages\_pyinstaller_hooks_contrib\stdhooks\hook-jsonrpcserver.py", "Python", 2, 0, 0, 0, 0, 0, 0, 0, 0, 0, 0, 0, 13, 4, 19
"c:\Users\makib\Documents\EntornosVirtuales\BaseDeDatosSalonDeBelleza\venv\Lib\site-packages\_pyinstaller_hooks_contrib\stdhooks\hook-jsonschema.py", "Python", 3, 0, 0, 0, 0, 0, 0, 0, 0, 0, 0, 0, 14, 4, 21
"c:\Users\makib\Documents\EntornosVirtuales\BaseDeDatosSalonDeBelleza\venv\Lib\site-packages\_pyinstaller_hooks_contrib\stdhooks\hook-jsonschema_specifications.py", "Python", 2, 0, 0, 0, 0, 0, 0, 0, 0, 0, 0, 0, 11, 2, 15
"c:\Users\makib\Documents\EntornosVirtuales\BaseDeDatosSalonDeBelleza\venv\Lib\site-packages\_pyinstaller_hooks_contrib\stdhooks\hook-jupyterlab.py", "Python", 2, 0, 0, 0, 0, 0, 0, 0, 0, 0, 0, 0, 11, 3, 16
"c:\Users\makib\Documents\EntornosVirtuales\BaseDeDatosSalonDeBelleza\venv\Lib\site-packages\_pyinstaller_hooks_contrib\stdhooks\hook-kaleido.py", "Python", 2, 0, 0, 0, 0, 0, 0, 0, 0, 0, 0, 0, 11, 3, 16
"c:\Users\makib\Documents\EntornosVirtuales\BaseDeDatosSalonDeBelleza\venv\Lib\site-packages\_pyinstaller_hooks_contrib\stdhooks\hook-khmernltk.py", "Python", 3, 0, 0, 0, 0, 0, 0, 0, 0, 0, 0, 0, 11, 3, 17
"c:\Users\makib\Documents\EntornosVirtuales\BaseDeDatosSalonDeBelleza\venv\Lib\site-packages\_pyinstaller_hooks_contrib\stdhooks\hook-kinterbasdb.py", "Python", 6, 0, 0, 0, 0, 0, 0, 0, 0, 0, 0, 0, 12, 2, 20
"c:\Users\makib\Documents\EntornosVirtuales\BaseDeDatosSalonDeBelleza\venv\Lib\site-packages\_pyinstaller_hooks_contrib\stdhooks\hook-langchain.py", "Python", 7, 0, 0, 0, 0, 0, 0, 0, 0, 0, 0, 0, 14, 5, 26
"c:\Users\makib\Documents\EntornosVirtuales\BaseDeDatosSalonDeBelleza\venv\Lib\site-packages\_pyinstaller_hooks_contrib\stdhooks\hook-langcodes.py", "Python", 2, 0, 0, 0, 0, 0, 0, 0, 0, 0, 0, 0, 11, 3, 16
"c:\Users\makib\Documents\EntornosVirtuales\BaseDeDatosSalonDeBelleza\venv\Lib\site-packages\_pyinstaller_hooks_contrib\stdhooks\hook-langdetect.py", "Python", 2, 0, 0, 0, 0, 0, 0, 0, 0, 0, 0, 0, 11, 3, 16
"c:\Users\makib\Documents\EntornosVirtuales\BaseDeDatosSalonDeBelleza\venv\Lib\site-packages\_pyinstaller_hooks_contrib\stdhooks\hook-laonlp.py", "Python", 2, 0, 0, 0, 0, 0, 0, 0, 0, 0, 0, 0, 11, 3, 16
"c:\Users\makib\Documents\EntornosVirtuales\BaseDeDatosSalonDeBelleza\venv\Lib\site-packages\_pyinstaller_hooks_contrib\stdhooks\hook-lark.py", "Python", 2, 0, 0, 0, 0, 0, 0, 0, 0, 0, 0, 0, 11, 3, 16
"c:\Users\makib\Documents\EntornosVirtuales\BaseDeDatosSalonDeBelleza\venv\Lib\site-packages\_pyinstaller_hooks_contrib\stdhooks\hook-ldfparser.py", "Python", 2, 0, 0, 0, 0, 0, 0, 0, 0, 0, 0, 0, 11, 3, 16
"c:\Users\makib\Documents\EntornosVirtuales\BaseDeDatosSalonDeBelleza\venv\Lib\site-packages\_pyinstaller_hooks_contrib\stdhooks\hook-lensfunpy.py", "Python", 3, 0, 0, 0, 0, 0, 0, 0, 0, 0, 0, 0, 12, 2, 17
"c:\Users\makib\Documents\EntornosVirtuales\BaseDeDatosSalonDeBelleza\venv\Lib\site-packages\_pyinstaller_hooks_contrib\stdhooks\hook-libaudioverse.py", "Python", 5, 0, 0, 0, 0, 0, 0, 0, 0, 0, 0, 0, 11, 3, 19
"c:\Users\makib\Documents\EntornosVirtuales\BaseDeDatosSalonDeBelleza\venv\Lib\site-packages\_pyinstaller_hooks_contrib\stdhooks\hook-librosa.py", "Python", 3, 0, 0, 0, 0, 0, 0, 0, 0, 0, 0, 0, 19, 4, 26
"c:\Users\makib\Documents\EntornosVirtuales\BaseDeDatosSalonDeBelleza\venv\Lib\site-packages\_pyinstaller_hooks_contrib\stdhooks\hook-lightgbm.py", "Python", 4, 0, 0, 0, 0, 0, 0, 0, 0, 0, 0, 0, 21, 3, 28
"c:\Users\makib\Documents\EntornosVirtuales\BaseDeDatosSalonDeBelleza\venv\Lib\site-packages\_pyinstaller_hooks_contrib\stdhooks\hook-lightning.py", "Python", 5, 0, 0, 0, 0, 0, 0, 0, 0, 0, 0, 0, 14, 3, 22
"c:\Users\makib\Documents\EntornosVirtuales\BaseDeDatosSalonDeBelleza\venv\Lib\site-packages\_pyinstaller_hooks_contrib\stdhooks\hook-limits.py", "Python", 2, 0, 0, 0, 0, 0, 0, 0, 0, 0, 0, 0, 11, 3, 16
"c:\Users\makib\Documents\EntornosVirtuales\BaseDeDatosSalonDeBelleza\venv\Lib\site-packages\_pyinstaller_hooks_contrib\stdhooks\hook-linear_operator.py", "Python", 1, 0, 0, 0, 0, 0, 0, 0, 0, 0, 0, 0, 12, 2, 15
"c:\Users\makib\Documents\EntornosVirtuales\BaseDeDatosSalonDeBelleza\venv\Lib\site-packages\_pyinstaller_hooks_contrib\stdhooks\hook-lingua.py", "Python", 2, 0, 0, 0, 0, 0, 0, 0, 0, 0, 0, 0, 11, 3, 16
"c:\Users\makib\Documents\EntornosVirtuales\BaseDeDatosSalonDeBelleza\venv\Lib\site-packages\_pyinstaller_hooks_contrib\stdhooks\hook-litestar.py", "Python", 2, 0, 0, 0, 0, 0, 0, 0, 0, 0, 0, 0, 11, 2, 15
"c:\Users\makib\Documents\EntornosVirtuales\BaseDeDatosSalonDeBelleza\venv\Lib\site-packages\_pyinstaller_hooks_contrib\stdhooks\hook-llvmlite.py", "Python", 2, 0, 0, 0, 0, 0, 0, 0, 0, 0, 0, 0, 17, 3, 22
"c:\Users\makib\Documents\EntornosVirtuales\BaseDeDatosSalonDeBelleza\venv\Lib\site-packages\_pyinstaller_hooks_contrib\stdhooks\hook-logilab.py", "Python", 2, 0, 0, 0, 0, 0, 0, 0, 0, 0, 0, 0, 23, 2, 27
"c:\Users\makib\Documents\EntornosVirtuales\BaseDeDatosSalonDeBelleza\venv\Lib\site-packages\_pyinstaller_hooks_contrib\stdhooks\hook-lxml.etree.py", "Python", 1, 0, 0, 0, 0, 0, 0, 0, 0, 0, 0, 0, 11, 2, 14
"c:\Users\makib\Documents\EntornosVirtuales\BaseDeDatosSalonDeBelleza\venv\Lib\site-packages\_pyinstaller_hooks_contrib\stdhooks\hook-lxml.isoschematron.py", "Python", 3, 0, 0, 0, 0, 0, 0, 0, 0, 0, 0, 0, 12, 3, 18
"c:\Users\makib\Documents\EntornosVirtuales\BaseDeDatosSalonDeBelleza\venv\Lib\site-packages\_pyinstaller_hooks_contrib\stdhooks\hook-lxml.objectify.py", "Python", 1, 0, 0, 0, 0, 0, 0, 0, 0, 0, 0, 0, 11, 2, 14
"c:\Users\makib\Documents\EntornosVirtuales\BaseDeDatosSalonDeBelleza\venv\Lib\site-packages\_pyinstaller_hooks_contrib\stdhooks\hook-lxml.py", "Python", 2, 0, 0, 0, 0, 0, 0, 0, 0, 0, 0, 0, 16, 3, 21
"c:\Users\makib\Documents\EntornosVirtuales\BaseDeDatosSalonDeBelleza\venv\Lib\site-packages\_pyinstaller_hooks_contrib\stdhooks\hook-lz4.py", "Python", 2, 0, 0, 0, 0, 0, 0, 0, 0, 0, 0, 0, 12, 3, 17
"c:\Users\makib\Documents\EntornosVirtuales\BaseDeDatosSalonDeBelleza\venv\Lib\site-packages\_pyinstaller_hooks_contrib\stdhooks\hook-magic.py", "Python", 3, 0, 0, 0, 0, 0, 0, 0, 0, 0, 0, 0, 12, 4, 19
"c:\Users\makib\Documents\EntornosVirtuales\BaseDeDatosSalonDeBelleza\venv\Lib\site-packages\_pyinstaller_hooks_contrib\stdhooks\hook-mako.codegen.py", "Python", 5, 0, 0, 0, 0, 0, 0, 0, 0, 0, 0, 0, 11, 2, 18
"c:\Users\makib\Documents\EntornosVirtuales\BaseDeDatosSalonDeBelleza\venv\Lib\site-packages\_pyinstaller_hooks_contrib\stdhooks\hook-mariadb.py", "Python", 4, 0, 0, 0, 0, 0, 0, 0, 0, 0, 0, 0, 18, 4, 26
"c:\Users\makib\Documents\EntornosVirtuales\BaseDeDatosSalonDeBelleza\venv\Lib\site-packages\_pyinstaller_hooks_contrib\stdhooks\hook-markdown.py", "Python", 9, 0, 0, 0, 0, 0, 0, 0, 0, 0, 0, 0, 15, 5, 29
"c:\Users\makib\Documents\EntornosVirtuales\BaseDeDatosSalonDeBelleza\venv\Lib\site-packages\_pyinstaller_hooks_contrib\stdhooks\hook-mecab.py", "Python", 3, 0, 0, 0, 0, 0, 0, 0, 0, 0, 0, 0, 11, 3, 17
"c:\Users\makib\Documents\EntornosVirtuales\BaseDeDatosSalonDeBelleza\venv\Lib\site-packages\_pyinstaller_hooks_contrib\stdhooks\hook-metpy.py", "Python", 3, 0, 0, 0, 0, 0, 0, 0, 0, 0, 0, 0, 15, 4, 22
"c:\Users\makib\Documents\EntornosVirtuales\BaseDeDatosSalonDeBelleza\venv\Lib\site-packages\_pyinstaller_hooks_contrib\stdhooks\hook-migrate.py", "Python", 3, 0, 0, 0, 0, 0, 0, 0, 0, 0, 0, 0, 14, 3, 20
"c:\Users\makib\Documents\EntornosVirtuales\BaseDeDatosSalonDeBelleza\venv\Lib\site-packages\_pyinstaller_hooks_contrib\stdhooks\hook-mimesis.py", "Python", 2, 0, 0, 0, 0, 0, 0, 0, 0, 0, 0, 0, 12, 4, 18
"c:\Users\makib\Documents\EntornosVirtuales\BaseDeDatosSalonDeBelleza\venv\Lib\site-packages\_pyinstaller_hooks_contrib\stdhooks\hook-minecraft_launcher_lib.py", "Python", 2, 0, 0, 0, 0, 0, 0, 0, 0, 0, 0, 0, 11, 2, 15
"c:\Users\makib\Documents\EntornosVirtuales\BaseDeDatosSalonDeBelleza\venv\Lib\site-packages\_pyinstaller_hooks_contrib\stdhooks\hook-mistune.py", "Python", 3, 0, 0, 0, 0, 0, 0, 0, 0, 0, 0, 0, 13, 4, 20
"c:\Users\makib\Documents\EntornosVirtuales\BaseDeDatosSalonDeBelleza\venv\Lib\site-packages\_pyinstaller_hooks_contrib\stdhooks\hook-mnemonic.py", "Python", 2, 0, 0, 0, 0, 0, 0, 0, 0, 0, 0, 0, 11, 3, 16
"c:\Users\makib\Documents\EntornosVirtuales\BaseDeDatosSalonDeBelleza\venv\Lib\site-packages\_pyinstaller_hooks_contrib\stdhooks\hook-monai.py", "Python", 1, 0, 0, 0, 0, 0, 0, 0, 0, 0, 0, 0, 12, 2, 15
"c:\Users\makib\Documents\EntornosVirtuales\BaseDeDatosSalonDeBelleza\venv\Lib\site-packages\_pyinstaller_hooks_contrib\stdhooks\hook-moviepy.audio.fx.all.py", "Python", 2, 0, 0, 0, 0, 0, 0, 0, 0, 0, 0, 0, 13, 3, 18
"c:\Users\makib\Documents\EntornosVirtuales\BaseDeDatosSalonDeBelleza\venv\Lib\site-packages\_pyinstaller_hooks_contrib\stdhooks\hook-moviepy.video.fx.all.py", "Python", 2, 0, 0, 0, 0, 0, 0, 0, 0, 0, 0, 0, 13, 3, 18
"c:\Users\makib\Documents\EntornosVirtuales\BaseDeDatosSalonDeBelleza\venv\Lib\site-packages\_pyinstaller_hooks_contrib\stdhooks\hook-mpl_toolkits.basemap.py", "Python", 13, 0, 0, 0, 0, 0, 0, 0, 0, 0, 0, 0, 15, 9, 37
"c:\Users\makib\Documents\EntornosVirtuales\BaseDeDatosSalonDeBelleza\venv\Lib\site-packages\_pyinstaller_hooks_contrib\stdhooks\hook-msoffcrypto.py", "Python", 5, 0, 0, 0, 0, 0, 0, 0, 0, 0, 0, 0, 11, 3, 19
"c:\Users\makib\Documents\EntornosVirtuales\BaseDeDatosSalonDeBelleza\venv\Lib\site-packages\_pyinstaller_hooks_contrib\stdhooks\hook-nacl.py", "Python", 12, 0, 0, 0, 0, 0, 0, 0, 0, 0, 0, 0, 13, 6, 31
"c:\Users\makib\Documents\EntornosVirtuales\BaseDeDatosSalonDeBelleza\venv\Lib\site-packages\_pyinstaller_hooks_contrib\stdhooks\hook-names.py", "Python", 2, 0, 0, 0, 0, 0, 0, 0, 0, 0, 0, 0, 13, 4, 19
"c:\Users\makib\Documents\EntornosVirtuales\BaseDeDatosSalonDeBelleza\venv\Lib\site-packages\_pyinstaller_hooks_contrib\stdhooks\hook-nanite.py", "Python", 2, 0, 0, 0, 0, 0, 0, 0, 0, 0, 0, 0, 12, 4, 18
"c:\Users\makib\Documents\EntornosVirtuales\BaseDeDatosSalonDeBelleza\venv\Lib\site-packages\_pyinstaller_hooks_contrib\stdhooks\hook-narwhals.py", "Python", 6, 0, 0, 0, 0, 0, 0, 0, 0, 0, 0, 0, 14, 3, 23
"c:\Users\makib\Documents\EntornosVirtuales\BaseDeDatosSalonDeBelleza\venv\Lib\site-packages\_pyinstaller_hooks_contrib\stdhooks\hook-nbconvert.py", "Python", 3, 0, 0, 0, 0, 0, 0, 0, 0, 0, 0, 0, 12, 4, 19
"c:\Users\makib\Documents\EntornosVirtuales\BaseDeDatosSalonDeBelleza\venv\Lib\site-packages\_pyinstaller_hooks_contrib\stdhooks\hook-nbdime.py", "Python", 2, 0, 0, 0, 0, 0, 0, 0, 0, 0, 0, 0, 11, 3, 16
"c:\Users\makib\Documents\EntornosVirtuales\BaseDeDatosSalonDeBelleza\venv\Lib\site-packages\_pyinstaller_hooks_contrib\stdhooks\hook-nbformat.py", "Python", 2, 0, 0, 0, 0, 0, 0, 0, 0, 0, 0, 0, 11, 3, 16
"c:\Users\makib\Documents\EntornosVirtuales\BaseDeDatosSalonDeBelleza\venv\Lib\site-packages\_pyinstaller_hooks_contrib\stdhooks\hook-nbt.py", "Python", 1, 0, 0, 0, 0, 0, 0, 0, 0, 0, 0, 0, 11, 1, 13
"c:\Users\makib\Documents\EntornosVirtuales\BaseDeDatosSalonDeBelleza\venv\Lib\site-packages\_pyinstaller_hooks_contrib\stdhooks\hook-ncclient.py", "Python", 8, 0, 0, 0, 0, 0, 0, 0, 0, 0, 0, 0, 13, 3, 24
"c:\Users\makib\Documents\EntornosVirtuales\BaseDeDatosSalonDeBelleza\venv\Lib\site-packages\_pyinstaller_hooks_contrib\stdhooks\hook-netCDF4.py", "Python", 13, 0, 0, 0, 0, 0, 0, 0, 0, 0, 0, 0, 19, 6, 38
"c:\Users\makib\Documents\EntornosVirtuales\BaseDeDatosSalonDeBelleza\venv\Lib\site-packages\_pyinstaller_hooks_contrib\stdhooks\hook-niquests.py", "Python", 2, 0, 0, 0, 0, 0, 0, 0, 0, 0, 0, 0, 11, 3, 16
"c:\Users\makib\Documents\EntornosVirtuales\BaseDeDatosSalonDeBelleza\venv\Lib\site-packages\_pyinstaller_hooks_contrib\stdhooks\hook-nltk.py", "Python", 8, 0, 0, 0, 0, 0, 0, 0, 0, 0, 0, 0, 15, 5, 28
"c:\Users\makib\Documents\EntornosVirtuales\BaseDeDatosSalonDeBelleza\venv\Lib\site-packages\_pyinstaller_hooks_contrib\stdhooks\hook-nnpy.py", "Python", 4, 0, 0, 0, 0, 0, 0, 0, 0, 0, 0, 0, 11, 2, 17
"c:\Users\makib\Documents\EntornosVirtuales\BaseDeDatosSalonDeBelleza\venv\Lib\site-packages\_pyinstaller_hooks_contrib\stdhooks\hook-notebook.py", "Python", 10, 0, 0, 0, 0, 0, 0, 0, 0, 0, 0, 0, 13, 5, 28
"c:\Users\makib\Documents\EntornosVirtuales\BaseDeDatosSalonDeBelleza\venv\Lib\site-packages\_pyinstaller_hooks_contrib\stdhooks\hook-numba.py", "Python", 24, 0, 0, 0, 0, 0, 0, 0, 0, 0, 0, 0, 26, 5, 55
"c:\Users\makib\Documents\EntornosVirtuales\BaseDeDatosSalonDeBelleza\venv\Lib\site-packages\_pyinstaller_hooks_contrib\stdhooks\hook-numbers_parser.py", "Python", 2, 0, 0, 0, 0, 0, 0, 0, 0, 0, 0, 0, 12, 3, 17
"c:\Users\makib\Documents\EntornosVirtuales\BaseDeDatosSalonDeBelleza\venv\Lib\site-packages\_pyinstaller_hooks_contrib\stdhooks\hook-numcodecs.py", "Python", 4, 0, 0, 0, 0, 0, 0, 0, 0, 0, 0, 0, 13, 4, 21
"c:\Users\makib\Documents\EntornosVirtuales\BaseDeDatosSalonDeBelleza\venv\Lib\site-packages\_pyinstaller_hooks_contrib\stdhooks\hook-nvidia.cublas.py", "Python", 6, 0, 0, 0, 0, 0, 0, 0, 0, 0, 0, 0, 11, 3, 20
"c:\Users\makib\Documents\EntornosVirtuales\BaseDeDatosSalonDeBelleza\venv\Lib\site-packages\_pyinstaller_hooks_contrib\stdhooks\hook-nvidia.cuda_cupti.py", "Python", 6, 0, 0, 0, 0, 0, 0, 0, 0, 0, 0, 0, 11, 3, 20
"c:\Users\makib\Documents\EntornosVirtuales\BaseDeDatosSalonDeBelleza\venv\Lib\site-packages\_pyinstaller_hooks_contrib\stdhooks\hook-nvidia.cuda_nvcc.py", "Python", 8, 0, 0, 0, 0, 0, 0, 0, 0, 0, 0, 0, 18, 5, 31
"c:\Users\makib\Documents\EntornosVirtuales\BaseDeDatosSalonDeBelleza\venv\Lib\site-packages\_pyinstaller_hooks_contrib\stdhooks\hook-nvidia.cuda_nvrtc.py", "Python", 6, 0, 0, 0, 0, 0, 0, 0, 0, 0, 0, 0, 11, 3, 20
"c:\Users\makib\Documents\EntornosVirtuales\BaseDeDatosSalonDeBelleza\venv\Lib\site-packages\_pyinstaller_hooks_contrib\stdhooks\hook-nvidia.cuda_runtime.py", "Python", 6, 0, 0, 0, 0, 0, 0, 0, 0, 0, 0, 0, 11, 3, 20
"c:\Users\makib\Documents\EntornosVirtuales\BaseDeDatosSalonDeBelleza\venv\Lib\site-packages\_pyinstaller_hooks_contrib\stdhooks\hook-nvidia.cudnn.py", "Python", 6, 0, 0, 0, 0, 0, 0, 0, 0, 0, 0, 0, 11, 3, 20
"c:\Users\makib\Documents\EntornosVirtuales\BaseDeDatosSalonDeBelleza\venv\Lib\site-packages\_pyinstaller_hooks_contrib\stdhooks\hook-nvidia.cufft.py", "Python", 6, 0, 0, 0, 0, 0, 0, 0, 0, 0, 0, 0, 11, 3, 20
"c:\Users\makib\Documents\EntornosVirtuales\BaseDeDatosSalonDeBelleza\venv\Lib\site-packages\_pyinstaller_hooks_contrib\stdhooks\hook-nvidia.curand.py", "Python", 6, 0, 0, 0, 0, 0, 0, 0, 0, 0, 0, 0, 11, 3, 20
"c:\Users\makib\Documents\EntornosVirtuales\BaseDeDatosSalonDeBelleza\venv\Lib\site-packages\_pyinstaller_hooks_contrib\stdhooks\hook-nvidia.cusolver.py", "Python", 6, 0, 0, 0, 0, 0, 0, 0, 0, 0, 0, 0, 11, 3, 20
"c:\Users\makib\Documents\EntornosVirtuales\BaseDeDatosSalonDeBelleza\venv\Lib\site-packages\_pyinstaller_hooks_contrib\stdhooks\hook-nvidia.cusparse.py", "Python", 6, 0, 0, 0, 0, 0, 0, 0, 0, 0, 0, 0, 11, 3, 20
"c:\Users\makib\Documents\EntornosVirtuales\BaseDeDatosSalonDeBelleza\venv\Lib\site-packages\_pyinstaller_hooks_contrib\stdhooks\hook-nvidia.nccl.py", "Python", 6, 0, 0, 0, 0, 0, 0, 0, 0, 0, 0, 0, 11, 3, 20
"c:\Users\makib\Documents\EntornosVirtuales\BaseDeDatosSalonDeBelleza\venv\Lib\site-packages\_pyinstaller_hooks_contrib\stdhooks\hook-nvidia.nvjitlink.py", "Python", 6, 0, 0, 0, 0, 0, 0, 0, 0, 0, 0, 0, 11, 3, 20
"c:\Users\makib\Documents\EntornosVirtuales\BaseDeDatosSalonDeBelleza\venv\Lib\site-packages\_pyinstaller_hooks_contrib\stdhooks\hook-nvidia.nvtx.py", "Python", 6, 0, 0, 0, 0, 0, 0, 0, 0, 0, 0, 0, 11, 3, 20
"c:\Users\makib\Documents\EntornosVirtuales\BaseDeDatosSalonDeBelleza\venv\Lib\site-packages\_pyinstaller_hooks_contrib\stdhooks\hook-office365.py", "Python", 6, 0, 0, 0, 0, 0, 0, 0, 0, 0, 0, 0, 11, 3, 20
"c:\Users\makib\Documents\EntornosVirtuales\BaseDeDatosSalonDeBelleza\venv\Lib\site-packages\_pyinstaller_hooks_contrib\stdhooks\hook-onnxruntime.py", "Python", 2, 0, 0, 0, 0, 0, 0, 0, 0, 0, 0, 0, 12, 3, 17
"c:\Users\makib\Documents\EntornosVirtuales\BaseDeDatosSalonDeBelleza\venv\Lib\site-packages\_pyinstaller_hooks_contrib\stdhooks\hook-opencc.py", "Python", 2, 0, 0, 0, 0, 0, 0, 0, 0, 0, 0, 0, 11, 3, 16
"c:\Users\makib\Documents\EntornosVirtuales\BaseDeDatosSalonDeBelleza\venv\Lib\site-packages\_pyinstaller_hooks_contrib\stdhooks\hook-openpyxl.py", "Python", 2, 0, 0, 0, 0, 0, 0, 0, 0, 0, 0, 0, 13, 4, 19
"c:\Users\makib\Documents\EntornosVirtuales\BaseDeDatosSalonDeBelleza\venv\Lib\site-packages\_pyinstaller_hooks_contrib\stdhooks\hook-opentelemetry.py", "Python", 23, 0, 0, 0, 0, 0, 0, 0, 0, 0, 0, 0, 13, 6, 42
"c:\Users\makib\Documents\EntornosVirtuales\BaseDeDatosSalonDeBelleza\venv\Lib\site-packages\_pyinstaller_hooks_contrib\stdhooks\hook-orjson.py", "Python", 7, 0, 0, 0, 0, 0, 0, 0, 0, 0, 0, 0, 13, 2, 22
"c:\Users\makib\Documents\EntornosVirtuales\BaseDeDatosSalonDeBelleza\venv\Lib\site-packages\_pyinstaller_hooks_contrib\stdhooks\hook-osgeo.py", "Python", 32, 0, 0, 0, 0, 0, 0, 0, 0, 0, 0, 0, 37, 13, 82
"c:\Users\makib\Documents\EntornosVirtuales\BaseDeDatosSalonDeBelleza\venv\Lib\site-packages\_pyinstaller_hooks_contrib\stdhooks\hook-pandas_flavor.py", "Python", 3, 0, 0, 0, 0, 0, 0, 0, 0, 0, 0, 0, 13, 3, 19
"c:\Users\makib\Documents\EntornosVirtuales\BaseDeDatosSalonDeBelleza\venv\Lib\site-packages\_pyinstaller_hooks_contrib\stdhooks\hook-panel.py", "Python", 3, 0, 0, 0, 0, 0, 0, 0, 0, 0, 0, 0, 12, 4, 19
"c:\Users\makib\Documents\EntornosVirtuales\BaseDeDatosSalonDeBelleza\venv\Lib\site-packages\_pyinstaller_hooks_contrib\stdhooks\hook-parsedatetime.py", "Python", 12, 0, 0, 0, 0, 0, 0, 0, 0, 0, 0, 0, 11, 7, 30
"c:\Users\makib\Documents\EntornosVirtuales\BaseDeDatosSalonDeBelleza\venv\Lib\site-packages\_pyinstaller_hooks_contrib\stdhooks\hook-parso.py", "Python", 2, 0, 0, 0, 0, 0, 0, 0, 0, 0, 0, 0, 12, 4, 18
"c:\Users\makib\Documents\EntornosVirtuales\BaseDeDatosSalonDeBelleza\venv\Lib\site-packages\_pyinstaller_hooks_contrib\stdhooks\hook-passlib.py", "Python", 5, 0, 0, 0, 0, 0, 0, 0, 0, 0, 0, 0, 15, 2, 22
"c:\Users\makib\Documents\EntornosVirtuales\BaseDeDatosSalonDeBelleza\venv\Lib\site-packages\_pyinstaller_hooks_contrib\stdhooks\hook-paste.exceptions.reporter.py", "Python", 5, 0, 0, 0, 0, 0, 0, 0, 0, 0, 0, 0, 11, 2, 18
"c:\Users\makib\Documents\EntornosVirtuales\BaseDeDatosSalonDeBelleza\venv\Lib\site-packages\_pyinstaller_hooks_contrib\stdhooks\hook-patoolib.py", "Python", 5, 0, 0, 0, 0, 0, 0, 0, 0, 0, 0, 0, 11, 4, 20
"c:\Users\makib\Documents\EntornosVirtuales\BaseDeDatosSalonDeBelleza\venv\Lib\site-packages\_pyinstaller_hooks_contrib\stdhooks\hook-patsy.py", "Python", 1, 0, 0, 0, 0, 0, 0, 0, 0, 0, 0, 0, 11, 2, 14
"c:\Users\makib\Documents\EntornosVirtuales\BaseDeDatosSalonDeBelleza\venv\Lib\site-packages\_pyinstaller_hooks_contrib\stdhooks\hook-pdfminer.py", "Python", 2, 0, 0, 0, 0, 0, 0, 0, 0, 0, 0, 0, 11, 3, 16
"c:\Users\makib\Documents\EntornosVirtuales\BaseDeDatosSalonDeBelleza\venv\Lib\site-packages\_pyinstaller_hooks_contrib\stdhooks\hook-pendulum.py", "Python", 3, 0, 0, 0, 0, 0, 0, 0, 0, 0, 0, 0, 14, 3, 20
"c:\Users\makib\Documents\EntornosVirtuales\BaseDeDatosSalonDeBelleza\venv\Lib\site-packages\_pyinstaller_hooks_contrib\stdhooks\hook-phonenumbers.py", "Python", 2, 0, 0, 0, 0, 0, 0, 0, 0, 0, 0, 0, 15, 3, 20
"c:\Users\makib\Documents\EntornosVirtuales\BaseDeDatosSalonDeBelleza\venv\Lib\site-packages\_pyinstaller_hooks_contrib\stdhooks\hook-pingouin.py", "Python", 2, 0, 0, 0, 0, 0, 0, 0, 0, 0, 0, 0, 11, 3, 16
"c:\Users\makib\Documents\EntornosVirtuales\BaseDeDatosSalonDeBelleza\venv\Lib\site-packages\_pyinstaller_hooks_contrib\stdhooks\hook-pint.py", "Python", 3, 0, 0, 0, 0, 0, 0, 0, 0, 0, 0, 0, 11, 3, 17
"c:\Users\makib\Documents\EntornosVirtuales\BaseDeDatosSalonDeBelleza\venv\Lib\site-packages\_pyinstaller_hooks_contrib\stdhooks\hook-pinyin.py", "Python", 2, 0, 0, 0, 0, 0, 0, 0, 0, 0, 0, 0, 15, 4, 21
"c:\Users\makib\Documents\EntornosVirtuales\BaseDeDatosSalonDeBelleza\venv\Lib\site-packages\_pyinstaller_hooks_contrib\stdhooks\hook-platformdirs.py", "Python", 9, 0, 0, 0, 0, 0, 0, 0, 0, 0, 0, 0, 14, 5, 28
"c:\Users\makib\Documents\EntornosVirtuales\BaseDeDatosSalonDeBelleza\venv\Lib\site-packages\_pyinstaller_hooks_contrib\stdhooks\hook-plotly.py", "Python", 4, 0, 0, 0, 0, 0, 0, 0, 0, 0, 0, 0, 11, 3, 18
"c:\Users\makib\Documents\EntornosVirtuales\BaseDeDatosSalonDeBelleza\venv\Lib\site-packages\_pyinstaller_hooks_contrib\stdhooks\hook-pptx.py", "Python", 2, 0, 0, 0, 0, 0, 0, 0, 0, 0, 0, 0, 11, 3, 16
"c:\Users\makib\Documents\EntornosVirtuales\BaseDeDatosSalonDeBelleza\venv\Lib\site-packages\_pyinstaller_hooks_contrib\stdhooks\hook-prettytable.py", "Python", 3, 0, 0, 0, 0, 0, 0, 0, 0, 0, 0, 0, 12, 3, 18
"c:\Users\makib\Documents\EntornosVirtuales\BaseDeDatosSalonDeBelleza\venv\Lib\site-packages\_pyinstaller_hooks_contrib\stdhooks\hook-psutil.py", "Python", 32, 0, 0, 0, 0, 0, 0, 0, 0, 0, 0, 0, 15, 4, 51
"c:\Users\makib\Documents\EntornosVirtuales\BaseDeDatosSalonDeBelleza\venv\Lib\site-packages\_pyinstaller_hooks_contrib\stdhooks\hook-psychopy.py", "Python", 2, 0, 0, 0, 0, 0, 0, 0, 0, 0, 0, 0, 12, 4, 18
"c:\Users\makib\Documents\EntornosVirtuales\BaseDeDatosSalonDeBelleza\venv\Lib\site-packages\_pyinstaller_hooks_contrib\stdhooks\hook-psycopg2.py", "Python", 1, 0, 0, 0, 0, 0, 0, 0, 0, 0, 0, 0, 11, 2, 14
"c:\Users\makib\Documents\EntornosVirtuales\BaseDeDatosSalonDeBelleza\venv\Lib\site-packages\_pyinstaller_hooks_contrib\stdhooks\hook-publicsuffix2.py", "Python", 2, 0, 0, 0, 0, 0, 0, 0, 0, 0, 0, 0, 11, 3, 16
"c:\Users\makib\Documents\EntornosVirtuales\BaseDeDatosSalonDeBelleza\venv\Lib\site-packages\_pyinstaller_hooks_contrib\stdhooks\hook-pubsub.core.py", "Python", 2, 0, 0, 0, 0, 0, 0, 0, 0, 0, 0, 0, 11, 3, 16
"c:\Users\makib\Documents\EntornosVirtuales\BaseDeDatosSalonDeBelleza\venv\Lib\site-packages\_pyinstaller_hooks_contrib\stdhooks\hook-puremagic.py", "Python", 2, 0, 0, 0, 0, 0, 0, 0, 0, 0, 0, 0, 11, 3, 16
"c:\Users\makib\Documents\EntornosVirtuales\BaseDeDatosSalonDeBelleza\venv\Lib\site-packages\_pyinstaller_hooks_contrib\stdhooks\hook-py.py", "Python", 2, 0, 0, 0, 0, 0, 0, 0, 0, 0, 0, 0, 11, 3, 16
"c:\Users\makib\Documents\EntornosVirtuales\BaseDeDatosSalonDeBelleza\venv\Lib\site-packages\_pyinstaller_hooks_contrib\stdhooks\hook-pyarrow.py", "Python", 4, 0, 0, 0, 0, 0, 0, 0, 0, 0, 0, 0, 12, 4, 20
"c:\Users\makib\Documents\EntornosVirtuales\BaseDeDatosSalonDeBelleza\venv\Lib\site-packages\_pyinstaller_hooks_contrib\stdhooks\hook-pycountry.py", "Python", 2, 0, 0, 0, 0, 0, 0, 0, 0, 0, 0, 0, 14, 3, 19
"c:\Users\makib\Documents\EntornosVirtuales\BaseDeDatosSalonDeBelleza\venv\Lib\site-packages\_pyinstaller_hooks_contrib\stdhooks\hook-pycparser.py", "Python", 1, 0, 0, 0, 0, 0, 0, 0, 0, 0, 0, 0, 20, 3, 24
"c:\Users\makib\Documents\EntornosVirtuales\BaseDeDatosSalonDeBelleza\venv\Lib\site-packages\_pyinstaller_hooks_contrib\stdhooks\hook-pycrfsuite.py", "Python", 1, 0, 0, 0, 0, 0, 0, 0, 0, 0, 0, 0, 11, 2, 14
"c:\Users\makib\Documents\EntornosVirtuales\BaseDeDatosSalonDeBelleza\venv\Lib\site-packages\_pyinstaller_hooks_contrib\stdhooks\hook-pydantic.py", "Python", 23, 0, 0, 0, 0, 0, 0, 0, 0, 0, 0, 0, 22, 5, 50
"c:\Users\makib\Documents\EntornosVirtuales\BaseDeDatosSalonDeBelleza\venv\Lib\site-packages\_pyinstaller_hooks_contrib\stdhooks\hook-pydicom.py", "Python", 34, 0, 0, 0, 0, 0, 0, 0, 0, 0, 0, 0, 30, 6, 70
"c:\Users\makib\Documents\EntornosVirtuales\BaseDeDatosSalonDeBelleza\venv\Lib\site-packages\_pyinstaller_hooks_contrib\stdhooks\hook-pydivert.py", "Python", 2, 0, 0, 0, 0, 0, 0, 0, 0, 0, 0, 0, 11, 3, 16
"c:\Users\makib\Documents\EntornosVirtuales\BaseDeDatosSalonDeBelleza\venv\Lib\site-packages\_pyinstaller_hooks_contrib\stdhooks\hook-pyexcel-io.py", "Python", 1, 0, 0, 0, 0, 0, 0, 0, 0, 0, 0, 0, 13, 3, 17
"c:\Users\makib\Documents\EntornosVirtuales\BaseDeDatosSalonDeBelleza\venv\Lib\site-packages\_pyinstaller_hooks_contrib\stdhooks\hook-pyexcel-ods.py", "Python", 1, 0, 0, 0, 0, 0, 0, 0, 0, 0, 0, 0, 13, 3, 17
"c:\Users\makib\Documents\EntornosVirtuales\BaseDeDatosSalonDeBelleza\venv\Lib\site-packages\_pyinstaller_hooks_contrib\stdhooks\hook-pyexcel-ods3.py", "Python", 1, 0, 0, 0, 0, 0, 0, 0, 0, 0, 0, 0, 13, 3, 17
"c:\Users\makib\Documents\EntornosVirtuales\BaseDeDatosSalonDeBelleza\venv\Lib\site-packages\_pyinstaller_hooks_contrib\stdhooks\hook-pyexcel-odsr.py", "Python", 1, 0, 0, 0, 0, 0, 0, 0, 0, 0, 0, 0, 13, 3, 17
"c:\Users\makib\Documents\EntornosVirtuales\BaseDeDatosSalonDeBelleza\venv\Lib\site-packages\_pyinstaller_hooks_contrib\stdhooks\hook-pyexcel-xls.py", "Python", 1, 0, 0, 0, 0, 0, 0, 0, 0, 0, 0, 0, 13, 3, 17
"c:\Users\makib\Documents\EntornosVirtuales\BaseDeDatosSalonDeBelleza\venv\Lib\site-packages\_pyinstaller_hooks_contrib\stdhooks\hook-pyexcel-xlsx.py", "Python", 1, 0, 0, 0, 0, 0, 0, 0, 0, 0, 0, 0, 13, 3, 17
"c:\Users\makib\Documents\EntornosVirtuales\BaseDeDatosSalonDeBelleza\venv\Lib\site-packages\_pyinstaller_hooks_contrib\stdhooks\hook-pyexcel-xlsxw.py", "Python", 1, 0, 0, 0, 0, 0, 0, 0, 0, 0, 0, 0, 13, 3, 17
"c:\Users\makib\Documents\EntornosVirtuales\BaseDeDatosSalonDeBelleza\venv\Lib\site-packages\_pyinstaller_hooks_contrib\stdhooks\hook-pyexcel.py", "Python", 14, 0, 0, 0, 0, 0, 0, 0, 0, 0, 0, 0, 13, 3, 30
"c:\Users\makib\Documents\EntornosVirtuales\BaseDeDatosSalonDeBelleza\venv\Lib\site-packages\_pyinstaller_hooks_contrib\stdhooks\hook-pyexcel_io.py", "Python", 11, 0, 0, 0, 0, 0, 0, 0, 0, 0, 0, 0, 13, 3, 27
"c:\Users\makib\Documents\EntornosVirtuales\BaseDeDatosSalonDeBelleza\venv\Lib\site-packages\_pyinstaller_hooks_contrib\stdhooks\hook-pyexcel_ods.py", "Python", 1, 0, 0, 0, 0, 0, 0, 0, 0, 0, 0, 0, 13, 3, 17
"c:\Users\makib\Documents\EntornosVirtuales\BaseDeDatosSalonDeBelleza\venv\Lib\site-packages\_pyinstaller_hooks_contrib\stdhooks\hook-pyexcel_ods3.py", "Python", 1, 0, 0, 0, 0, 0, 0, 0, 0, 0, 0, 0, 13, 3, 17
"c:\Users\makib\Documents\EntornosVirtuales\BaseDeDatosSalonDeBelleza\venv\Lib\site-packages\_pyinstaller_hooks_contrib\stdhooks\hook-pyexcel_odsr.py", "Python", 1, 0, 0, 0, 0, 0, 0, 0, 0, 0, 0, 0, 13, 3, 17
"c:\Users\makib\Documents\EntornosVirtuales\BaseDeDatosSalonDeBelleza\venv\Lib\site-packages\_pyinstaller_hooks_contrib\stdhooks\hook-pyexcel_xls.py", "Python", 1, 0, 0, 0, 0, 0, 0, 0, 0, 0, 0, 0, 13, 3, 17
"c:\Users\makib\Documents\EntornosVirtuales\BaseDeDatosSalonDeBelleza\venv\Lib\site-packages\_pyinstaller_hooks_contrib\stdhooks\hook-pyexcel_xlsx.py", "Python", 1, 0, 0, 0, 0, 0, 0, 0, 0, 0, 0, 0, 13, 3, 17
"c:\Users\makib\Documents\EntornosVirtuales\BaseDeDatosSalonDeBelleza\venv\Lib\site-packages\_pyinstaller_hooks_contrib\stdhooks\hook-pyexcel_xlsxw.py", "Python", 1, 0, 0, 0, 0, 0, 0, 0, 0, 0, 0, 0, 13, 3, 17
"c:\Users\makib\Documents\EntornosVirtuales\BaseDeDatosSalonDeBelleza\venv\Lib\site-packages\_pyinstaller_hooks_contrib\stdhooks\hook-pyexcelerate.Writer.py", "Python", 2, 0, 0, 0, 0, 0, 0, 0, 0, 0, 0, 0, 11, 3, 16
"c:\Users\makib\Documents\EntornosVirtuales\BaseDeDatosSalonDeBelleza\venv\Lib\site-packages\_pyinstaller_hooks_contrib\stdhooks\hook-pygraphviz.py", "Python", 84, 0, 0, 0, 0, 0, 0, 0, 0, 0, 0, 0, 40, 22, 146
"c:\Users\makib\Documents\EntornosVirtuales\BaseDeDatosSalonDeBelleza\venv\Lib\site-packages\_pyinstaller_hooks_contrib\stdhooks\hook-pygwalker.py", "Python", 2, 0, 0, 0, 0, 0, 0, 0, 0, 0, 0, 0, 11, 3, 16
"c:\Users\makib\Documents\EntornosVirtuales\BaseDeDatosSalonDeBelleza\venv\Lib\site-packages\_pyinstaller_hooks_contrib\stdhooks\hook-pylibmagic.py", "Python", 5, 0, 0, 0, 0, 0, 0, 0, 0, 0, 0, 0, 11, 3, 19
"c:\Users\makib\Documents\EntornosVirtuales\BaseDeDatosSalonDeBelleza\venv\Lib\site-packages\_pyinstaller_hooks_contrib\stdhooks\hook-pylint.py", "Python", 14, 0, 0, 0, 0, 0, 0, 0, 0, 0, 0, 0, 55, 7, 76
"c:\Users\makib\Documents\EntornosVirtuales\BaseDeDatosSalonDeBelleza\venv\Lib\site-packages\_pyinstaller_hooks_contrib\stdhooks\hook-pylsl.py", "Python", 18, 0, 0, 0, 0, 0, 0, 0, 0, 0, 0, 0, 16, 8, 42
"c:\Users\makib\Documents\EntornosVirtuales\BaseDeDatosSalonDeBelleza\venv\Lib\site-packages\_pyinstaller_hooks_contrib\stdhooks\hook-pymediainfo.py", "Python", 22, 0, 0, 0, 0, 0, 0, 0, 0, 0, 0, 0, 14, 9, 45
"c:\Users\makib\Documents\EntornosVirtuales\BaseDeDatosSalonDeBelleza\venv\Lib\site-packages\_pyinstaller_hooks_contrib\stdhooks\hook-pymorphy3.py", "Python", 8, 0, 0, 0, 0, 0, 0, 0, 0, 0, 0, 0, 12, 6, 26
"c:\Users\makib\Documents\EntornosVirtuales\BaseDeDatosSalonDeBelleza\venv\Lib\site-packages\_pyinstaller_hooks_contrib\stdhooks\hook-pymssql.py", "Python", 6, 0, 0, 0, 0, 0, 0, 0, 0, 0, 0, 0, 12, 3, 21
"c:\Users\makib\Documents\EntornosVirtuales\BaseDeDatosSalonDeBelleza\venv\Lib\site-packages\_pyinstaller_hooks_contrib\stdhooks\hook-pynput.py", "Python", 2, 0, 0, 0, 0, 0, 0, 0, 0, 0, 0, 0, 11, 3, 16
"c:\Users\makib\Documents\EntornosVirtuales\BaseDeDatosSalonDeBelleza\venv\Lib\site-packages\_pyinstaller_hooks_contrib\stdhooks\hook-pyodbc.py", "Python", 2, 0, 0, 0, 0, 0, 0, 0, 0, 0, 0, 0, 15, 3, 20
"c:\Users\makib\Documents\EntornosVirtuales\BaseDeDatosSalonDeBelleza\venv\Lib\site-packages\_pyinstaller_hooks_contrib\stdhooks\hook-pyopencl.py", "Python", 3, 0, 0, 0, 0, 0, 0, 0, 0, 0, 0, 0, 12, 4, 19
"c:\Users\makib\Documents\EntornosVirtuales\BaseDeDatosSalonDeBelleza\venv\Lib\site-packages\_pyinstaller_hooks_contrib\stdhooks\hook-pypdfium2.py", "Python", 2, 0, 0, 0, 0, 0, 0, 0, 0, 0, 0, 0, 12, 3, 17
"c:\Users\makib\Documents\EntornosVirtuales\BaseDeDatosSalonDeBelleza\venv\Lib\site-packages\_pyinstaller_hooks_contrib\stdhooks\hook-pypdfium2_raw.py", "Python", 3, 0, 0, 0, 0, 0, 0, 0, 0, 0, 0, 0, 13, 4, 20
"c:\Users\makib\Documents\EntornosVirtuales\BaseDeDatosSalonDeBelleza\venv\Lib\site-packages\_pyinstaller_hooks_contrib\stdhooks\hook-pypemicro.py", "Python", 26, 0, 0, 0, 0, 0, 0, 0, 0, 0, 0, 0, 12, 6, 44
"c:\Users\makib\Documents\EntornosVirtuales\BaseDeDatosSalonDeBelleza\venv\Lib\site-packages\_pyinstaller_hooks_contrib\stdhooks\hook-pyphen.py", "Python", 2, 0, 0, 0, 0, 0, 0, 0, 0, 0, 0, 0, 11, 3, 16
"c:\Users\makib\Documents\EntornosVirtuales\BaseDeDatosSalonDeBelleza\venv\Lib\site-packages\_pyinstaller_hooks_contrib\stdhooks\hook-pyppeteer.py", "Python", 2, 0, 0, 0, 0, 0, 0, 0, 0, 0, 0, 0, 12, 3, 17
"c:\Users\makib\Documents\EntornosVirtuales\BaseDeDatosSalonDeBelleza\venv\Lib\site-packages\_pyinstaller_hooks_contrib\stdhooks\hook-pyproj.py", "Python", 37, 0, 0, 0, 0, 0, 0, 0, 0, 0, 0, 0, 23, 13, 73
"c:\Users\makib\Documents\EntornosVirtuales\BaseDeDatosSalonDeBelleza\venv\Lib\site-packages\_pyinstaller_hooks_contrib\stdhooks\hook-pypsexec.py", "Python", 2, 0, 0, 0, 0, 0, 0, 0, 0, 0, 0, 0, 13, 4, 19
"c:\Users\makib\Documents\EntornosVirtuales\BaseDeDatosSalonDeBelleza\venv\Lib\site-packages\_pyinstaller_hooks_contrib\stdhooks\hook-pypylon.py", "Python", 14, 0, 0, 0, 0, 0, 0, 0, 0, 0, 0, 0, 28, 7, 49
"c:\Users\makib\Documents\EntornosVirtuales\BaseDeDatosSalonDeBelleza\venv\Lib\site-packages\_pyinstaller_hooks_contrib\stdhooks\hook-pyqtgraph.py", "Python", 14, 0, 0, 0, 0, 0, 0, 0, 0, 0, 0, 0, 37, 6, 57
"c:\Users\makib\Documents\EntornosVirtuales\BaseDeDatosSalonDeBelleza\venv\Lib\site-packages\_pyinstaller_hooks_contrib\stdhooks\hook-pyshark.py", "Python", 7, 0, 0, 0, 0, 0, 0, 0, 0, 0, 0, 0, 13, 6, 26
"c:\Users\makib\Documents\EntornosVirtuales\BaseDeDatosSalonDeBelleza\venv\Lib\site-packages\_pyinstaller_hooks_contrib\stdhooks\hook-pysnmp.py", "Python", 3, 0, 0, 0, 0, 0, 0, 0, 0, 0, 0, 0, 11, 3, 17
"c:\Users\makib\Documents\EntornosVirtuales\BaseDeDatosSalonDeBelleza\venv\Lib\site-packages\_pyinstaller_hooks_contrib\stdhooks\hook-pystray.py", "Python", 2, 0, 0, 0, 0, 0, 0, 0, 0, 0, 0, 0, 13, 2, 17
"c:\Users\makib\Documents\EntornosVirtuales\BaseDeDatosSalonDeBelleza\venv\Lib\site-packages\_pyinstaller_hooks_contrib\stdhooks\hook-pytest.py", "Python", 5, 0, 0, 0, 0, 0, 0, 0, 0, 0, 0, 0, 11, 3, 19
"c:\Users\makib\Documents\EntornosVirtuales\BaseDeDatosSalonDeBelleza\venv\Lib\site-packages\_pyinstaller_hooks_contrib\stdhooks\hook-pythainlp.py", "Python", 2, 0, 0, 0, 0, 0, 0, 0, 0, 0, 0, 0, 11, 3, 16
"c:\Users\makib\Documents\EntornosVirtuales\BaseDeDatosSalonDeBelleza\venv\Lib\site-packages\_pyinstaller_hooks_contrib\stdhooks\hook-pythoncom.py", "Python", 9, 0, 0, 0, 0, 0, 0, 0, 0, 0, 0, 0, 16, 7, 32
"c:\Users\makib\Documents\EntornosVirtuales\BaseDeDatosSalonDeBelleza\venv\Lib\site-packages\_pyinstaller_hooks_contrib\stdhooks\hook-pyttsx.py", "Python", 11, 0, 0, 0, 0, 0, 0, 0, 0, 0, 0, 0, 11, 2, 24
"c:\Users\makib\Documents\EntornosVirtuales\BaseDeDatosSalonDeBelleza\venv\Lib\site-packages\_pyinstaller_hooks_contrib\stdhooks\hook-pyttsx3.py", "Python", 10, 0, 0, 0, 0, 0, 0, 0, 0, 0, 0, 0, 15, 6, 31
"c:\Users\makib\Documents\EntornosVirtuales\BaseDeDatosSalonDeBelleza\venv\Lib\site-packages\_pyinstaller_hooks_contrib\stdhooks\hook-pyviz_comms.py", "Python", 2, 0, 0, 0, 0, 0, 0, 0, 0, 0, 0, 0, 11, 3, 16
"c:\Users\makib\Documents\EntornosVirtuales\BaseDeDatosSalonDeBelleza\venv\Lib\site-packages\_pyinstaller_hooks_contrib\stdhooks\hook-pyvjoy.py", "Python", 2, 0, 0, 0, 0, 0, 0, 0, 0, 0, 0, 0, 11, 2, 15
"c:\Users\makib\Documents\EntornosVirtuales\BaseDeDatosSalonDeBelleza\venv\Lib\site-packages\_pyinstaller_hooks_contrib\stdhooks\hook-pywintypes.py", "Python", 9, 0, 0, 0, 0, 0, 0, 0, 0, 0, 0, 0, 16, 7, 32
"c:\Users\makib\Documents\EntornosVirtuales\BaseDeDatosSalonDeBelleza\venv\Lib\site-packages\_pyinstaller_hooks_contrib\stdhooks\hook-pywt.py", "Python", 1, 0, 0, 0, 0, 0, 0, 0, 0, 0, 0, 0, 17, 4, 22
"c:\Users\makib\Documents\EntornosVirtuales\BaseDeDatosSalonDeBelleza\venv\Lib\site-packages\_pyinstaller_hooks_contrib\stdhooks\hook-qtmodern.py", "Python", 2, 0, 0, 0, 0, 0, 0, 0, 0, 0, 0, 0, 11, 3, 16
"c:\Users\makib\Documents\EntornosVirtuales\BaseDeDatosSalonDeBelleza\venv\Lib\site-packages\_pyinstaller_hooks_contrib\stdhooks\hook-radicale.py", "Python", 3, 0, 0, 0, 0, 0, 0, 0, 0, 0, 0, 0, 11, 3, 17
"c:\Users\makib\Documents\EntornosVirtuales\BaseDeDatosSalonDeBelleza\venv\Lib\site-packages\_pyinstaller_hooks_contrib\stdhooks\hook-raven.py", "Python", 1, 0, 0, 0, 0, 0, 0, 0, 0, 0, 0, 0, 11, 2, 14
"c:\Users\makib\Documents\EntornosVirtuales\BaseDeDatosSalonDeBelleza\venv\Lib\site-packages\_pyinstaller_hooks_contrib\stdhooks\hook-rawpy.py", "Python", 1, 0, 0, 0, 0, 0, 0, 0, 0, 0, 0, 0, 13, 3, 17
"c:\Users\makib\Documents\EntornosVirtuales\BaseDeDatosSalonDeBelleza\venv\Lib\site-packages\_pyinstaller_hooks_contrib\stdhooks\hook-rdflib.py", "Python", 2, 0, 0, 0, 0, 0, 0, 0, 0, 0, 0, 0, 11, 3, 16
"c:\Users\makib\Documents\EntornosVirtuales\BaseDeDatosSalonDeBelleza\venv\Lib\site-packages\_pyinstaller_hooks_contrib\stdhooks\hook-redmine.py", "Python", 1, 0, 0, 0, 0, 0, 0, 0, 0, 0, 0, 0, 11, 2, 14
"c:\Users\makib\Documents\EntornosVirtuales\BaseDeDatosSalonDeBelleza\venv\Lib\site-packages\_pyinstaller_hooks_contrib\stdhooks\hook-regex.py", "Python", 1, 0, 0, 0, 0, 0, 0, 0, 0, 0, 0, 0, 11, 2, 14
"c:\Users\makib\Documents\EntornosVirtuales\BaseDeDatosSalonDeBelleza\venv\Lib\site-packages\_pyinstaller_hooks_contrib\stdhooks\hook-reportlab.lib.utils.py", "Python", 3, 0, 0, 0, 0, 0, 0, 0, 0, 0, 0, 0, 12, 2, 17
"c:\Users\makib\Documents\EntornosVirtuales\BaseDeDatosSalonDeBelleza\venv\Lib\site-packages\_pyinstaller_hooks_contrib\stdhooks\hook-reportlab.pdfbase._fontdata.py", "Python", 3, 0, 0, 0, 0, 0, 0, 0, 0, 0, 0, 0, 13, 3, 19
"c:\Users\makib\Documents\EntornosVirtuales\BaseDeDatosSalonDeBelleza\venv\Lib\site-packages\_pyinstaller_hooks_contrib\stdhooks\hook-resampy.py", "Python", 2, 0, 0, 0, 0, 0, 0, 0, 0, 0, 0, 0, 13, 3, 18
"c:\Users\makib\Documents\EntornosVirtuales\BaseDeDatosSalonDeBelleza\venv\Lib\site-packages\_pyinstaller_hooks_contrib\stdhooks\hook-rlp.py", "Python", 3, 0, 0, 0, 0, 0, 0, 0, 0, 0, 0, 0, 12, 3, 18
"c:\Users\makib\Documents\EntornosVirtuales\BaseDeDatosSalonDeBelleza\venv\Lib\site-packages\_pyinstaller_hooks_contrib\stdhooks\hook-rpy2.py", "Python", 6, 0, 0, 0, 0, 0, 0, 0, 0, 0, 0, 0, 11, 2, 19
"c:\Users\makib\Documents\EntornosVirtuales\BaseDeDatosSalonDeBelleza\venv\Lib\site-packages\_pyinstaller_hooks_contrib\stdhooks\hook-rtree.py", "Python", 21, 0, 0, 0, 0, 0, 0, 0, 0, 0, 0, 0, 18, 8, 47
"c:\Users\makib\Documents\EntornosVirtuales\BaseDeDatosSalonDeBelleza\venv\Lib\site-packages\_pyinstaller_hooks_contrib\stdhooks\hook-ruamel.yaml.py", "Python", 12, 0, 0, 0, 0, 0, 0, 0, 0, 0, 0, 0, 19, 9, 40
"c:\Users\makib\Documents\EntornosVirtuales\BaseDeDatosSalonDeBelleza\venv\Lib\site-packages\_pyinstaller_hooks_contrib\stdhooks\hook-rubicon.py", "Python", 1, 0, 0, 0, 0, 0, 0, 0, 0, 0, 0, 0, 12, 2, 15
"c:\Users\makib\Documents\EntornosVirtuales\BaseDeDatosSalonDeBelleza\venv\Lib\site-packages\_pyinstaller_hooks_contrib\stdhooks\hook-sacremoses.py", "Python", 2, 0, 0, 0, 0, 0, 0, 0, 0, 0, 0, 0, 11, 3, 16
"c:\Users\makib\Documents\EntornosVirtuales\BaseDeDatosSalonDeBelleza\venv\Lib\site-packages\_pyinstaller_hooks_contrib\stdhooks\hook-sam2.py", "Python", 7, 0, 0, 0, 0, 0, 0, 0, 0, 0, 0, 0, 18, 6, 31
"c:\Users\makib\Documents\EntornosVirtuales\BaseDeDatosSalonDeBelleza\venv\Lib\site-packages\_pyinstaller_hooks_contrib\stdhooks\hook-saml2.py", "Python", 4, 0, 0, 0, 0, 0, 0, 0, 0, 0, 0, 0, 17, 5, 26
"c:\Users\makib\Documents\EntornosVirtuales\BaseDeDatosSalonDeBelleza\venv\Lib\site-packages\_pyinstaller_hooks_contrib\stdhooks\hook-schwifty.py", "Python", 3, 0, 0, 0, 0, 0, 0, 0, 0, 0, 0, 0, 11, 3, 17
"c:\Users\makib\Documents\EntornosVirtuales\BaseDeDatosSalonDeBelleza\venv\Lib\site-packages\_pyinstaller_hooks_contrib\stdhooks\hook-seedir.py", "Python", 2, 0, 0, 0, 0, 0, 0, 0, 0, 0, 0, 0, 11, 3, 16
"c:\Users\makib\Documents\EntornosVirtuales\BaseDeDatosSalonDeBelleza\venv\Lib\site-packages\_pyinstaller_hooks_contrib\stdhooks\hook-selectolax.py", "Python", 2, 0, 0, 0, 0, 0, 0, 0, 0, 0, 0, 0, 11, 3, 16
"c:\Users\makib\Documents\EntornosVirtuales\BaseDeDatosSalonDeBelleza\venv\Lib\site-packages\_pyinstaller_hooks_contrib\stdhooks\hook-selenium.py", "Python", 2, 0, 0, 0, 0, 0, 0, 0, 0, 0, 0, 0, 11, 3, 16
"c:\Users\makib\Documents\EntornosVirtuales\BaseDeDatosSalonDeBelleza\venv\Lib\site-packages\_pyinstaller_hooks_contrib\stdhooks\hook-sentry_sdk.py", "Python", 21, 0, 0, 0, 0, 0, 0, 0, 0, 0, 0, 0, 13, 7, 41
"c:\Users\makib\Documents\EntornosVirtuales\BaseDeDatosSalonDeBelleza\venv\Lib\site-packages\_pyinstaller_hooks_contrib\stdhooks\hook-setuptools_scm.py", "Python", 2, 0, 0, 0, 0, 0, 0, 0, 0, 0, 0, 0, 13, 3, 18
"c:\Users\makib\Documents\EntornosVirtuales\BaseDeDatosSalonDeBelleza\venv\Lib\site-packages\_pyinstaller_hooks_contrib\stdhooks\hook-shapely.py", "Python", 52, 0, 0, 0, 0, 0, 0, 0, 0, 0, 0, 0, 41, 13, 106
"c:\Users\makib\Documents\EntornosVirtuales\BaseDeDatosSalonDeBelleza\venv\Lib\site-packages\_pyinstaller_hooks_contrib\stdhooks\hook-shotgun_api3.py", "Python", 3, 0, 0, 0, 0, 0, 0, 0, 0, 0, 0, 0, 17, 4, 24
"c:\Users\makib\Documents\EntornosVirtuales\BaseDeDatosSalonDeBelleza\venv\Lib\site-packages\_pyinstaller_hooks_contrib\stdhooks\hook-simplemma.py", "Python", 2, 0, 0, 0, 0, 0, 0, 0, 0, 0, 0, 0, 11, 3, 16
"c:\Users\makib\Documents\EntornosVirtuales\BaseDeDatosSalonDeBelleza\venv\Lib\site-packages\_pyinstaller_hooks_contrib\stdhooks\hook-skimage.color.py", "Python", 4, 0, 0, 0, 0, 0, 0, 0, 0, 0, 0, 0, 13, 3, 20
"c:\Users\makib\Documents\EntornosVirtuales\BaseDeDatosSalonDeBelleza\venv\Lib\site-packages\_pyinstaller_hooks_contrib\stdhooks\hook-skimage.data.py", "Python", 4, 0, 0, 0, 0, 0, 0, 0, 0, 0, 0, 0, 13, 3, 20
"c:\Users\makib\Documents\EntornosVirtuales\BaseDeDatosSalonDeBelleza\venv\Lib\site-packages\_pyinstaller_hooks_contrib\stdhooks\hook-skimage.draw.py", "Python", 4, 0, 0, 0, 0, 0, 0, 0, 0, 0, 0, 0, 13, 3, 20
"c:\Users\makib\Documents\EntornosVirtuales\BaseDeDatosSalonDeBelleza\venv\Lib\site-packages\_pyinstaller_hooks_contrib\stdhooks\hook-skimage.exposure.py", "Python", 4, 0, 0, 0, 0, 0, 0, 0, 0, 0, 0, 0, 13, 3, 20
"c:\Users\makib\Documents\EntornosVirtuales\BaseDeDatosSalonDeBelleza\venv\Lib\site-packages\_pyinstaller_hooks_contrib\stdhooks\hook-skimage.feature.py", "Python", 6, 0, 0, 0, 0, 0, 0, 0, 0, 0, 0, 0, 16, 5, 27
"c:\Users\makib\Documents\EntornosVirtuales\BaseDeDatosSalonDeBelleza\venv\Lib\site-packages\_pyinstaller_hooks_contrib\stdhooks\hook-skimage.filters.py", "Python", 7, 0, 0, 0, 0, 0, 0, 0, 0, 0, 0, 0, 14, 4, 25
"c:\Users\makib\Documents\EntornosVirtuales\BaseDeDatosSalonDeBelleza\venv\Lib\site-packages\_pyinstaller_hooks_contrib\stdhooks\hook-skimage.future.py", "Python", 4, 0, 0, 0, 0, 0, 0, 0, 0, 0, 0, 0, 13, 3, 20
"c:\Users\makib\Documents\EntornosVirtuales\BaseDeDatosSalonDeBelleza\venv\Lib\site-packages\_pyinstaller_hooks_contrib\stdhooks\hook-skimage.graph.py", "Python", 5, 0, 0, 0, 0, 0, 0, 0, 0, 0, 0, 0, 14, 4, 23
"c:\Users\makib\Documents\EntornosVirtuales\BaseDeDatosSalonDeBelleza\venv\Lib\site-packages\_pyinstaller_hooks_contrib\stdhooks\hook-skimage.io.py", "Python", 3, 0, 0, 0, 0, 0, 0, 0, 0, 0, 0, 0, 13, 4, 20
"c:\Users\makib\Documents\EntornosVirtuales\BaseDeDatosSalonDeBelleza\venv\Lib\site-packages\_pyinstaller_hooks_contrib\stdhooks\hook-skimage.measure.py", "Python", 4, 0, 0, 0, 0, 0, 0, 0, 0, 0, 0, 0, 13, 3, 20
"c:\Users\makib\Documents\EntornosVirtuales\BaseDeDatosSalonDeBelleza\venv\Lib\site-packages\_pyinstaller_hooks_contrib\stdhooks\hook-skimage.metrics.py", "Python", 4, 0, 0, 0, 0, 0, 0, 0, 0, 0, 0, 0, 13, 3, 20
"c:\Users\makib\Documents\EntornosVirtuales\BaseDeDatosSalonDeBelleza\venv\Lib\site-packages\_pyinstaller_hooks_contrib\stdhooks\hook-skimage.morphology.py", "Python", 3, 0, 0, 0, 0, 0, 0, 0, 0, 0, 0, 0, 12, 3, 18
"c:\Users\makib\Documents\EntornosVirtuales\BaseDeDatosSalonDeBelleza\venv\Lib\site-packages\_pyinstaller_hooks_contrib\stdhooks\hook-skimage.py", "Python", 3, 0, 0, 0, 0, 0, 0, 0, 0, 0, 0, 0, 12, 3, 18
"c:\Users\makib\Documents\EntornosVirtuales\BaseDeDatosSalonDeBelleza\venv\Lib\site-packages\_pyinstaller_hooks_contrib\stdhooks\hook-skimage.registration.py", "Python", 4, 0, 0, 0, 0, 0, 0, 0, 0, 0, 0, 0, 13, 3, 20
"c:\Users\makib\Documents\EntornosVirtuales\BaseDeDatosSalonDeBelleza\venv\Lib\site-packages\_pyinstaller_hooks_contrib\stdhooks\hook-skimage.restoration.py", "Python", 4, 0, 0, 0, 0, 0, 0, 0, 0, 0, 0, 0, 13, 3, 20
"c:\Users\makib\Documents\EntornosVirtuales\BaseDeDatosSalonDeBelleza\venv\Lib\site-packages\_pyinstaller_hooks_contrib\stdhooks\hook-skimage.transform.py", "Python", 8, 0, 0, 0, 0, 0, 0, 0, 0, 0, 0, 0, 14, 3, 25
"c:\Users\makib\Documents\EntornosVirtuales\BaseDeDatosSalonDeBelleza\venv\Lib\site-packages\_pyinstaller_hooks_contrib\stdhooks\hook-sklearn.cluster.py", "Python", 3, 0, 0, 0, 0, 0, 0, 0, 0, 0, 0, 0, 13, 3, 19
"c:\Users\makib\Documents\EntornosVirtuales\BaseDeDatosSalonDeBelleza\venv\Lib\site-packages\_pyinstaller_hooks_contrib\stdhooks\hook-sklearn.linear_model.py", "Python", 3, 0, 0, 0, 0, 0, 0, 0, 0, 0, 0, 0, 13, 3, 19
"c:\Users\makib\Documents\EntornosVirtuales\BaseDeDatosSalonDeBelleza\venv\Lib\site-packages\_pyinstaller_hooks_contrib\stdhooks\hook-sklearn.metrics.cluster.py", "Python", 10, 0, 0, 0, 0, 0, 0, 0, 0, 0, 0, 0, 15, 3, 28
"c:\Users\makib\Documents\EntornosVirtuales\BaseDeDatosSalonDeBelleza\venv\Lib\site-packages\_pyinstaller_hooks_contrib\stdhooks\hook-sklearn.metrics.pairwise.py", "Python", 7, 0, 0, 0, 0, 0, 0, 0, 0, 0, 0, 0, 12, 3, 22
"c:\Users\makib\Documents\EntornosVirtuales\BaseDeDatosSalonDeBelleza\venv\Lib\site-packages\_pyinstaller_hooks_contrib\stdhooks\hook-sklearn.metrics.py", "Python", 8, 0, 0, 0, 0, 0, 0, 0, 0, 0, 0, 0, 13, 5, 26
"c:\Users\makib\Documents\EntornosVirtuales\BaseDeDatosSalonDeBelleza\venv\Lib\site-packages\_pyinstaller_hooks_contrib\stdhooks\hook-sklearn.neighbors.py", "Python", 19, 0, 0, 0, 0, 0, 0, 0, 0, 0, 0, 0, 17, 6, 42
"c:\Users\makib\Documents\EntornosVirtuales\BaseDeDatosSalonDeBelleza\venv\Lib\site-packages\_pyinstaller_hooks_contrib\stdhooks\hook-sklearn.py", "Python", 2, 0, 0, 0, 0, 0, 0, 0, 0, 0, 0, 0, 12, 4, 18
"c:\Users\makib\Documents\EntornosVirtuales\BaseDeDatosSalonDeBelleza\venv\Lib\site-packages\_pyinstaller_hooks_contrib\stdhooks\hook-sklearn.tree.py", "Python", 4, 0, 0, 0, 0, 0, 0, 0, 0, 0, 0, 0, 11, 4, 19
"c:\Users\makib\Documents\EntornosVirtuales\BaseDeDatosSalonDeBelleza\venv\Lib\site-packages\_pyinstaller_hooks_contrib\stdhooks\hook-sklearn.utils.py", "Python", 1, 0, 0, 0, 0, 0, 0, 0, 0, 0, 0, 0, 11, 2, 14
"c:\Users\makib\Documents\EntornosVirtuales\BaseDeDatosSalonDeBelleza\venv\Lib\site-packages\_pyinstaller_hooks_contrib\stdhooks\hook-skyfield.py", "Python", 2, 0, 0, 0, 0, 0, 0, 0, 0, 0, 0, 0, 11, 2, 15
"c:\Users\makib\Documents\EntornosVirtuales\BaseDeDatosSalonDeBelleza\venv\Lib\site-packages\_pyinstaller_hooks_contrib\stdhooks\hook-slixmpp.py", "Python", 2, 0, 0, 0, 0, 0, 0, 0, 0, 0, 0, 0, 11, 3, 16
"c:\Users\makib\Documents\EntornosVirtuales\BaseDeDatosSalonDeBelleza\venv\Lib\site-packages\_pyinstaller_hooks_contrib\stdhooks\hook-sound_lib.py", "Python", 5, 0, 0, 0, 0, 0, 0, 0, 0, 0, 0, 0, 11, 3, 19
"c:\Users\makib\Documents\EntornosVirtuales\BaseDeDatosSalonDeBelleza\venv\Lib\site-packages\_pyinstaller_hooks_contrib\stdhooks\hook-sounddevice.py", "Python", 36, 0, 0, 0, 0, 0, 0, 0, 0, 0, 0, 0, 16, 11, 63
"c:\Users\makib\Documents\EntornosVirtuales\BaseDeDatosSalonDeBelleza\venv\Lib\site-packages\_pyinstaller_hooks_contrib\stdhooks\hook-soundfile.py", "Python", 36, 0, 0, 0, 0, 0, 0, 0, 0, 0, 0, 0, 16, 11, 63
"c:\Users\makib\Documents\EntornosVirtuales\BaseDeDatosSalonDeBelleza\venv\Lib\site-packages\_pyinstaller_hooks_contrib\stdhooks\hook-spacy.py", "Python", 6, 0, 0, 0, 0, 0, 0, 0, 0, 0, 0, 0, 11, 3, 20
"c:\Users\makib\Documents\EntornosVirtuales\BaseDeDatosSalonDeBelleza\venv\Lib\site-packages\_pyinstaller_hooks_contrib\stdhooks\hook-speech_recognition.py", "Python", 2, 0, 0, 0, 0, 0, 0, 0, 0, 0, 0, 0, 13, 4, 19
"c:\Users\makib\Documents\EntornosVirtuales\BaseDeDatosSalonDeBelleza\venv\Lib\site-packages\_pyinstaller_hooks_contrib\stdhooks\hook-spiceypy.py", "Python", 2, 0, 0, 0, 0, 0, 0, 0, 0, 0, 0, 0, 13, 4, 19
"c:\Users\makib\Documents\EntornosVirtuales\BaseDeDatosSalonDeBelleza\venv\Lib\site-packages\_pyinstaller_hooks_contrib\stdhooks\hook-spnego.py", "Python", 2, 0, 0, 0, 0, 0, 0, 0, 0, 0, 0, 0, 11, 3, 16
"c:\Users\makib\Documents\EntornosVirtuales\BaseDeDatosSalonDeBelleza\venv\Lib\site-packages\_pyinstaller_hooks_contrib\stdhooks\hook-srsly.msgpack._packer.py", "Python", 5, 0, 0, 0, 0, 0, 0, 0, 0, 0, 0, 0, 11, 2, 18
"c:\Users\makib\Documents\EntornosVirtuales\BaseDeDatosSalonDeBelleza\venv\Lib\site-packages\_pyinstaller_hooks_contrib\stdhooks\hook-sspilib.raw.py", "Python", 3, 0, 0, 0, 0, 0, 0, 0, 0, 0, 0, 0, 14, 4, 21
"c:\Users\makib\Documents\EntornosVirtuales\BaseDeDatosSalonDeBelleza\venv\Lib\site-packages\_pyinstaller_hooks_contrib\stdhooks\hook-statsmodels.tsa.statespace.py", "Python", 3, 0, 0, 0, 0, 0, 0, 0, 0, 0, 0, 0, 11, 3, 17
"c:\Users\makib\Documents\EntornosVirtuales\BaseDeDatosSalonDeBelleza\venv\Lib\site-packages\_pyinstaller_hooks_contrib\stdhooks\hook-stdnum.py", "Python", 2, 0, 0, 0, 0, 0, 0, 0, 0, 0, 0, 0, 12, 3, 17
"c:\Users\makib\Documents\EntornosVirtuales\BaseDeDatosSalonDeBelleza\venv\Lib\site-packages\_pyinstaller_hooks_contrib\stdhooks\hook-storm.database.py", "Python", 8, 0, 0, 0, 0, 0, 0, 0, 0, 0, 0, 0, 11, 2, 21
"c:\Users\makib\Documents\EntornosVirtuales\BaseDeDatosSalonDeBelleza\venv\Lib\site-packages\_pyinstaller_hooks_contrib\stdhooks\hook-sudachipy.py", "Python", 12, 0, 0, 0, 0, 0, 0, 0, 0, 0, 0, 0, 13, 6, 31
"c:\Users\makib\Documents\EntornosVirtuales\BaseDeDatosSalonDeBelleza\venv\Lib\site-packages\_pyinstaller_hooks_contrib\stdhooks\hook-sunpy.py", "Python", 5, 0, 0, 0, 0, 0, 0, 0, 0, 0, 0, 0, 12, 4, 21
"c:\Users\makib\Documents\EntornosVirtuales\BaseDeDatosSalonDeBelleza\venv\Lib\site-packages\_pyinstaller_hooks_contrib\stdhooks\hook-sv_ttk.py", "Python", 2, 0, 0, 0, 0, 0, 0, 0, 0, 0, 0, 0, 12, 3, 17
"c:\Users\makib\Documents\EntornosVirtuales\BaseDeDatosSalonDeBelleza\venv\Lib\site-packages\_pyinstaller_hooks_contrib\stdhooks\hook-swagger_spec_validator.py", "Python", 2, 0, 0, 0, 0, 0, 0, 0, 0, 0, 0, 0, 11, 3, 16
"c:\Users\makib\Documents\EntornosVirtuales\BaseDeDatosSalonDeBelleza\venv\Lib\site-packages\_pyinstaller_hooks_contrib\stdhooks\hook-sympy.py", "Python", 7, 0, 0, 0, 0, 0, 0, 0, 0, 0, 0, 0, 13, 3, 23
"c:\Users\makib\Documents\EntornosVirtuales\BaseDeDatosSalonDeBelleza\venv\Lib\site-packages\_pyinstaller_hooks_contrib\stdhooks\hook-tableauhyperapi.py", "Python", 2, 0, 0, 0, 0, 0, 0, 0, 0, 0, 0, 0, 11, 3, 16
"c:\Users\makib\Documents\EntornosVirtuales\BaseDeDatosSalonDeBelleza\venv\Lib\site-packages\_pyinstaller_hooks_contrib\stdhooks\hook-tables.py", "Python", 9, 0, 0, 0, 0, 0, 0, 0, 0, 0, 0, 0, 17, 5, 31
"c:\Users\makib\Documents\EntornosVirtuales\BaseDeDatosSalonDeBelleza\venv\Lib\site-packages\_pyinstaller_hooks_contrib\stdhooks\hook-tcod.py", "Python", 6, 0, 0, 0, 0, 0, 0, 0, 0, 0, 0, 0, 12, 3, 21
"c:\Users\makib\Documents\EntornosVirtuales\BaseDeDatosSalonDeBelleza\venv\Lib\site-packages\_pyinstaller_hooks_contrib\stdhooks\hook-tensorflow.py", "Python", 113, 0, 0, 0, 0, 0, 0, 0, 0, 0, 0, 0, 59, 27, 199
"c:\Users\makib\Documents\EntornosVirtuales\BaseDeDatosSalonDeBelleza\venv\Lib\site-packages\_pyinstaller_hooks_contrib\stdhooks\hook-text_unidecode.py", "Python", 10, 0, 0, 0, 0, 0, 0, 0, 0, 0, 0, 0, 12, 4, 26
"c:\Users\makib\Documents\EntornosVirtuales\BaseDeDatosSalonDeBelleza\venv\Lib\site-packages\_pyinstaller_hooks_contrib\stdhooks\hook-textdistance.py", "Python", 2, 0, 0, 0, 0, 0, 0, 0, 0, 0, 0, 0, 12, 4, 18
"c:\Users\makib\Documents\EntornosVirtuales\BaseDeDatosSalonDeBelleza\venv\Lib\site-packages\_pyinstaller_hooks_contrib\stdhooks\hook-thinc.backends.numpy_ops.py", "Python", 5, 0, 0, 0, 0, 0, 0, 0, 0, 0, 0, 0, 11, 2, 18
"c:\Users\makib\Documents\EntornosVirtuales\BaseDeDatosSalonDeBelleza\venv\Lib\site-packages\_pyinstaller_hooks_contrib\stdhooks\hook-thinc.py", "Python", 6, 0, 0, 0, 0, 0, 0, 0, 0, 0, 0, 0, 11, 2, 19
"c:\Users\makib\Documents\EntornosVirtuales\BaseDeDatosSalonDeBelleza\venv\Lib\site-packages\_pyinstaller_hooks_contrib\stdhooks\hook-timezonefinder.py", "Python", 2, 0, 0, 0, 0, 0, 0, 0, 0, 0, 0, 0, 11, 3, 16
"c:\Users\makib\Documents\EntornosVirtuales\BaseDeDatosSalonDeBelleza\venv\Lib\site-packages\_pyinstaller_hooks_contrib\stdhooks\hook-timm.py", "Python", 1, 0, 0, 0, 0, 0, 0, 0, 0, 0, 0, 0, 12, 2, 15
"c:\Users\makib\Documents\EntornosVirtuales\BaseDeDatosSalonDeBelleza\venv\Lib\site-packages\_pyinstaller_hooks_contrib\stdhooks\hook-tinycss2.py", "Python", 7, 0, 0, 0, 0, 0, 0, 0, 0, 0, 0, 0, 12, 3, 22
"c:\Users\makib\Documents\EntornosVirtuales\BaseDeDatosSalonDeBelleza\venv\Lib\site-packages\_pyinstaller_hooks_contrib\stdhooks\hook-tkinterdnd2.py", "Python", 49, 0, 0, 0, 0, 0, 0, 0, 0, 0, 0, 0, 25, 17, 91
"c:\Users\makib\Documents\EntornosVirtuales\BaseDeDatosSalonDeBelleza\venv\Lib\site-packages\_pyinstaller_hooks_contrib\stdhooks\hook-tkinterweb.py", "Python", 2, 0, 0, 0, 0, 0, 0, 0, 0, 0, 0, 0, 12, 3, 17
"c:\Users\makib\Documents\EntornosVirtuales\BaseDeDatosSalonDeBelleza\venv\Lib\site-packages\_pyinstaller_hooks_contrib\stdhooks\hook-tkinterweb_tkhtml.py", "Python", 3, 0, 0, 0, 0, 0, 0, 0, 0, 0, 0, 0, 13, 4, 20
"c:\Users\makib\Documents\EntornosVirtuales\BaseDeDatosSalonDeBelleza\venv\Lib\site-packages\_pyinstaller_hooks_contrib\stdhooks\hook-toga.py", "Python", 17, 0, 0, 0, 0, 0, 0, 0, 0, 0, 0, 0, 16, 8, 41
"c:\Users\makib\Documents\EntornosVirtuales\BaseDeDatosSalonDeBelleza\venv\Lib\site-packages\_pyinstaller_hooks_contrib\stdhooks\hook-toga_cocoa.py", "Python", 3, 0, 0, 0, 0, 0, 0, 0, 0, 0, 0, 0, 13, 4, 20
"c:\Users\makib\Documents\EntornosVirtuales\BaseDeDatosSalonDeBelleza\venv\Lib\site-packages\_pyinstaller_hooks_contrib\stdhooks\hook-toga_gtk.py", "Python", 3, 0, 0, 0, 0, 0, 0, 0, 0, 0, 0, 0, 13, 4, 20
"c:\Users\makib\Documents\EntornosVirtuales\BaseDeDatosSalonDeBelleza\venv\Lib\site-packages\_pyinstaller_hooks_contrib\stdhooks\hook-toga_winforms.py", "Python", 16, 0, 0, 0, 0, 0, 0, 0, 0, 0, 0, 0, 18, 7, 41
"c:\Users\makib\Documents\EntornosVirtuales\BaseDeDatosSalonDeBelleza\venv\Lib\site-packages\_pyinstaller_hooks_contrib\stdhooks\hook-torch.py", "Python", 96, 0, 0, 0, 0, 0, 0, 0, 0, 0, 0, 0, 45, 21, 162
"c:\Users\makib\Documents\EntornosVirtuales\BaseDeDatosSalonDeBelleza\venv\Lib\site-packages\_pyinstaller_hooks_contrib\stdhooks\hook-torchaudio.py", "Python", 4, 0, 0, 0, 0, 0, 0, 0, 0, 0, 0, 0, 14, 4, 22
"c:\Users\makib\Documents\EntornosVirtuales\BaseDeDatosSalonDeBelleza\venv\Lib\site-packages\_pyinstaller_hooks_contrib\stdhooks\hook-torchtext.py", "Python", 4, 0, 0, 0, 0, 0, 0, 0, 0, 0, 0, 0, 14, 4, 22
"c:\Users\makib\Documents\EntornosVirtuales\BaseDeDatosSalonDeBelleza\venv\Lib\site-packages\_pyinstaller_hooks_contrib\stdhooks\hook-torchvision.io.image.py", "Python", 1, 0, 0, 0, 0, 0, 0, 0, 0, 0, 0, 0, 12, 2, 15
"c:\Users\makib\Documents\EntornosVirtuales\BaseDeDatosSalonDeBelleza\venv\Lib\site-packages\_pyinstaller_hooks_contrib\stdhooks\hook-torchvision.py", "Python", 2, 0, 0, 0, 0, 0, 0, 0, 0, 0, 0, 0, 14, 3, 19
"c:\Users\makib\Documents\EntornosVirtuales\BaseDeDatosSalonDeBelleza\venv\Lib\site-packages\_pyinstaller_hooks_contrib\stdhooks\hook-trame.py", "Python", 1, 0, 0, 0, 0, 0, 0, 0, 0, 0, 0, 0, 11, 2, 14
"c:\Users\makib\Documents\EntornosVirtuales\BaseDeDatosSalonDeBelleza\venv\Lib\site-packages\_pyinstaller_hooks_contrib\stdhooks\hook-trame_client.py", "Python", 2, 0, 0, 0, 0, 0, 0, 0, 0, 0, 0, 0, 11, 3, 16
"c:\Users\makib\Documents\EntornosVirtuales\BaseDeDatosSalonDeBelleza\venv\Lib\site-packages\_pyinstaller_hooks_contrib\stdhooks\hook-trame_code.py", "Python", 2, 0, 0, 0, 0, 0, 0, 0, 0, 0, 0, 0, 11, 3, 16
"c:\Users\makib\Documents\EntornosVirtuales\BaseDeDatosSalonDeBelleza\venv\Lib\site-packages\_pyinstaller_hooks_contrib\stdhooks\hook-trame_components.py", "Python", 2, 0, 0, 0, 0, 0, 0, 0, 0, 0, 0, 0, 11, 3, 16
"c:\Users\makib\Documents\EntornosVirtuales\BaseDeDatosSalonDeBelleza\venv\Lib\site-packages\_pyinstaller_hooks_contrib\stdhooks\hook-trame_datagrid.py", "Python", 2, 0, 0, 0, 0, 0, 0, 0, 0, 0, 0, 0, 11, 3, 16
"c:\Users\makib\Documents\EntornosVirtuales\BaseDeDatosSalonDeBelleza\venv\Lib\site-packages\_pyinstaller_hooks_contrib\stdhooks\hook-trame_deckgl.py", "Python", 2, 0, 0, 0, 0, 0, 0, 0, 0, 0, 0, 0, 11, 3, 16
"c:\Users\makib\Documents\EntornosVirtuales\BaseDeDatosSalonDeBelleza\venv\Lib\site-packages\_pyinstaller_hooks_contrib\stdhooks\hook-trame_formkit.py", "Python", 2, 0, 0, 0, 0, 0, 0, 0, 0, 0, 0, 0, 11, 3, 16
"c:\Users\makib\Documents\EntornosVirtuales\BaseDeDatosSalonDeBelleza\venv\Lib\site-packages\_pyinstaller_hooks_contrib\stdhooks\hook-trame_grid.py", "Python", 2, 0, 0, 0, 0, 0, 0, 0, 0, 0, 0, 0, 11, 3, 16
"c:\Users\makib\Documents\EntornosVirtuales\BaseDeDatosSalonDeBelleza\venv\Lib\site-packages\_pyinstaller_hooks_contrib\stdhooks\hook-trame_iframe.py", "Python", 2, 0, 0, 0, 0, 0, 0, 0, 0, 0, 0, 0, 11, 3, 16
"c:\Users\makib\Documents\EntornosVirtuales\BaseDeDatosSalonDeBelleza\venv\Lib\site-packages\_pyinstaller_hooks_contrib\stdhooks\hook-trame_keycloak.py", "Python", 2, 0, 0, 0, 0, 0, 0, 0, 0, 0, 0, 0, 11, 3, 16
"c:\Users\makib\Documents\EntornosVirtuales\BaseDeDatosSalonDeBelleza\venv\Lib\site-packages\_pyinstaller_hooks_contrib\stdhooks\hook-trame_leaflet.py", "Python", 2, 0, 0, 0, 0, 0, 0, 0, 0, 0, 0, 0, 11, 3, 16
"c:\Users\makib\Documents\EntornosVirtuales\BaseDeDatosSalonDeBelleza\venv\Lib\site-packages\_pyinstaller_hooks_contrib\stdhooks\hook-trame_markdown.py", "Python", 2, 0, 0, 0, 0, 0, 0, 0, 0, 0, 0, 0, 11, 3, 16
"c:\Users\makib\Documents\EntornosVirtuales\BaseDeDatosSalonDeBelleza\venv\Lib\site-packages\_pyinstaller_hooks_contrib\stdhooks\hook-trame_matplotlib.py", "Python", 2, 0, 0, 0, 0, 0, 0, 0, 0, 0, 0, 0, 11, 3, 16
"c:\Users\makib\Documents\EntornosVirtuales\BaseDeDatosSalonDeBelleza\venv\Lib\site-packages\_pyinstaller_hooks_contrib\stdhooks\hook-trame_mesh_streamer.py", "Python", 3, 0, 0, 0, 0, 0, 0, 0, 0, 0, 0, 0, 11, 3, 17
"c:\Users\makib\Documents\EntornosVirtuales\BaseDeDatosSalonDeBelleza\venv\Lib\site-packages\_pyinstaller_hooks_contrib\stdhooks\hook-trame_plotly.py", "Python", 2, 0, 0, 0, 0, 0, 0, 0, 0, 0, 0, 0, 11, 3, 16
"c:\Users\makib\Documents\EntornosVirtuales\BaseDeDatosSalonDeBelleza\venv\Lib\site-packages\_pyinstaller_hooks_contrib\stdhooks\hook-trame_pvui.py", "Python", 2, 0, 0, 0, 0, 0, 0, 0, 0, 0, 0, 0, 11, 3, 16
"c:\Users\makib\Documents\EntornosVirtuales\BaseDeDatosSalonDeBelleza\venv\Lib\site-packages\_pyinstaller_hooks_contrib\stdhooks\hook-trame_quasar.py", "Python", 2, 0, 0, 0, 0, 0, 0, 0, 0, 0, 0, 0, 11, 3, 16
"c:\Users\makib\Documents\EntornosVirtuales\BaseDeDatosSalonDeBelleza\venv\Lib\site-packages\_pyinstaller_hooks_contrib\stdhooks\hook-trame_rca.py", "Python", 2, 0, 0, 0, 0, 0, 0, 0, 0, 0, 0, 0, 11, 3, 16
"c:\Users\makib\Documents\EntornosVirtuales\BaseDeDatosSalonDeBelleza\venv\Lib\site-packages\_pyinstaller_hooks_contrib\stdhooks\hook-trame_router.py", "Python", 2, 0, 0, 0, 0, 0, 0, 0, 0, 0, 0, 0, 11, 3, 16
"c:\Users\makib\Documents\EntornosVirtuales\BaseDeDatosSalonDeBelleza\venv\Lib\site-packages\_pyinstaller_hooks_contrib\stdhooks\hook-trame_simput.py", "Python", 2, 0, 0, 0, 0, 0, 0, 0, 0, 0, 0, 0, 11, 3, 16
"c:\Users\makib\Documents\EntornosVirtuales\BaseDeDatosSalonDeBelleza\venv\Lib\site-packages\_pyinstaller_hooks_contrib\stdhooks\hook-trame_tauri.py", "Python", 2, 0, 0, 0, 0, 0, 0, 0, 0, 0, 0, 0, 11, 3, 16
"c:\Users\makib\Documents\EntornosVirtuales\BaseDeDatosSalonDeBelleza\venv\Lib\site-packages\_pyinstaller_hooks_contrib\stdhooks\hook-trame_tweakpane.py", "Python", 2, 0, 0, 0, 0, 0, 0, 0, 0, 0, 0, 0, 11, 3, 16
"c:\Users\makib\Documents\EntornosVirtuales\BaseDeDatosSalonDeBelleza\venv\Lib\site-packages\_pyinstaller_hooks_contrib\stdhooks\hook-trame_vega.py", "Python", 2, 0, 0, 0, 0, 0, 0, 0, 0, 0, 0, 0, 11, 3, 16
"c:\Users\makib\Documents\EntornosVirtuales\BaseDeDatosSalonDeBelleza\venv\Lib\site-packages\_pyinstaller_hooks_contrib\stdhooks\hook-trame_vtk.py", "Python", 5, 0, 0, 0, 0, 0, 0, 0, 0, 0, 0, 0, 11, 3, 19
"c:\Users\makib\Documents\EntornosVirtuales\BaseDeDatosSalonDeBelleza\venv\Lib\site-packages\_pyinstaller_hooks_contrib\stdhooks\hook-trame_vtk3d.py", "Python", 2, 0, 0, 0, 0, 0, 0, 0, 0, 0, 0, 0, 11, 3, 16
"c:\Users\makib\Documents\EntornosVirtuales\BaseDeDatosSalonDeBelleza\venv\Lib\site-packages\_pyinstaller_hooks_contrib\stdhooks\hook-trame_vtklocal.py", "Python", 3, 0, 0, 0, 0, 0, 0, 0, 0, 0, 0, 0, 11, 3, 17
"c:\Users\makib\Documents\EntornosVirtuales\BaseDeDatosSalonDeBelleza\venv\Lib\site-packages\_pyinstaller_hooks_contrib\stdhooks\hook-trame_vuetify.py", "Python", 2, 0, 0, 0, 0, 0, 0, 0, 0, 0, 0, 0, 11, 3, 16
"c:\Users\makib\Documents\EntornosVirtuales\BaseDeDatosSalonDeBelleza\venv\Lib\site-packages\_pyinstaller_hooks_contrib\stdhooks\hook-trame_xterm.py", "Python", 2, 0, 0, 0, 0, 0, 0, 0, 0, 0, 0, 0, 11, 3, 16
"c:\Users\makib\Documents\EntornosVirtuales\BaseDeDatosSalonDeBelleza\venv\Lib\site-packages\_pyinstaller_hooks_contrib\stdhooks\hook-transformers.py", "Python", 26, 0, 0, 0, 0, 0, 0, 0, 0, 0, 0, 0, 7, 5, 38
"c:\Users\makib\Documents\EntornosVirtuales\BaseDeDatosSalonDeBelleza\venv\Lib\site-packages\_pyinstaller_hooks_contrib\stdhooks\hook-travertino.py", "Python", 3, 0, 0, 0, 0, 0, 0, 0, 0, 0, 0, 0, 13, 4, 20
"c:\Users\makib\Documents\EntornosVirtuales\BaseDeDatosSalonDeBelleza\venv\Lib\site-packages\_pyinstaller_hooks_contrib\stdhooks\hook-trimesh.py", "Python", 2, 0, 0, 0, 0, 0, 0, 0, 0, 0, 0, 0, 13, 3, 18
"c:\Users\makib\Documents\EntornosVirtuales\BaseDeDatosSalonDeBelleza\venv\Lib\site-packages\_pyinstaller_hooks_contrib\stdhooks\hook-triton.py", "Python", 16, 0, 0, 0, 0, 0, 0, 0, 0, 0, 0, 0, 24, 8, 48
"c:\Users\makib\Documents\EntornosVirtuales\BaseDeDatosSalonDeBelleza\venv\Lib\site-packages\_pyinstaller_hooks_contrib\stdhooks\hook-ttkthemes.py", "Python", 38, 0, 0, 0, 0, 0, 0, 0, 0, 0, 0, 0, 11, 8, 57
"c:\Users\makib\Documents\EntornosVirtuales\BaseDeDatosSalonDeBelleza\venv\Lib\site-packages\_pyinstaller_hooks_contrib\stdhooks\hook-ttkwidgets.py", "Python", 21, 0, 0, 0, 0, 0, 0, 0, 0, 0, 0, 0, 11, 7, 39
"c:\Users\makib\Documents\EntornosVirtuales\BaseDeDatosSalonDeBelleza\venv\Lib\site-packages\_pyinstaller_hooks_contrib\stdhooks\hook-tzdata.py", "Python", 3, 0, 0, 0, 0, 0, 0, 0, 0, 0, 0, 0, 16, 4, 23
"c:\Users\makib\Documents\EntornosVirtuales\BaseDeDatosSalonDeBelleza\venv\Lib\site-packages\_pyinstaller_hooks_contrib\stdhooks\hook-tzwhere.py", "Python", 2, 0, 0, 0, 0, 0, 0, 0, 0, 0, 0, 0, 11, 3, 16
"c:\Users\makib\Documents\EntornosVirtuales\BaseDeDatosSalonDeBelleza\venv\Lib\site-packages\_pyinstaller_hooks_contrib\stdhooks\hook-u1db.py", "Python", 15, 0, 0, 0, 0, 0, 0, 0, 0, 0, 0, 0, 11, 6, 32
"c:\Users\makib\Documents\EntornosVirtuales\BaseDeDatosSalonDeBelleza\venv\Lib\site-packages\_pyinstaller_hooks_contrib\stdhooks\hook-ultralytics.py", "Python", 3, 0, 0, 0, 0, 0, 0, 0, 0, 0, 0, 0, 13, 4, 20
"c:\Users\makib\Documents\EntornosVirtuales\BaseDeDatosSalonDeBelleza\venv\Lib\site-packages\_pyinstaller_hooks_contrib\stdhooks\hook-umap.py", "Python", 2, 0, 0, 0, 0, 0, 0, 0, 0, 0, 0, 0, 11, 3, 16
"c:\Users\makib\Documents\EntornosVirtuales\BaseDeDatosSalonDeBelleza\venv\Lib\site-packages\_pyinstaller_hooks_contrib\stdhooks\hook-unidecode.py", "Python", 2, 0, 0, 0, 0, 0, 0, 0, 0, 0, 0, 0, 15, 4, 21
"c:\Users\makib\Documents\EntornosVirtuales\BaseDeDatosSalonDeBelleza\venv\Lib\site-packages\_pyinstaller_hooks_contrib\stdhooks\hook-uniseg.py", "Python", 2, 0, 0, 0, 0, 0, 0, 0, 0, 0, 0, 0, 12, 4, 18
"c:\Users\makib\Documents\EntornosVirtuales\BaseDeDatosSalonDeBelleza\venv\Lib\site-packages\_pyinstaller_hooks_contrib\stdhooks\hook-urllib3.py", "Python", 3, 0, 0, 0, 0, 0, 0, 0, 0, 0, 0, 0, 13, 3, 19
"c:\Users\makib\Documents\EntornosVirtuales\BaseDeDatosSalonDeBelleza\venv\Lib\site-packages\_pyinstaller_hooks_contrib\stdhooks\hook-urllib3_future.py", "Python", 2, 0, 0, 0, 0, 0, 0, 0, 0, 0, 0, 0, 12, 3, 17
"c:\Users\makib\Documents\EntornosVirtuales\BaseDeDatosSalonDeBelleza\venv\Lib\site-packages\_pyinstaller_hooks_contrib\stdhooks\hook-usb.py", "Python", 45, 0, 0, 0, 0, 0, 0, 0, 0, 0, 0, 0, 32, 11, 88
"c:\Users\makib\Documents\EntornosVirtuales\BaseDeDatosSalonDeBelleza\venv\Lib\site-packages\_pyinstaller_hooks_contrib\stdhooks\hook-uvicorn.py", "Python", 2, 0, 0, 0, 0, 0, 0, 0, 0, 0, 0, 0, 11, 3, 16
"c:\Users\makib\Documents\EntornosVirtuales\BaseDeDatosSalonDeBelleza\venv\Lib\site-packages\_pyinstaller_hooks_contrib\stdhooks\hook-uvloop.py", "Python", 2, 0, 0, 0, 0, 0, 0, 0, 0, 0, 0, 0, 15, 3, 20
"c:\Users\makib\Documents\EntornosVirtuales\BaseDeDatosSalonDeBelleza\venv\Lib\site-packages\_pyinstaller_hooks_contrib\stdhooks\hook-vaderSentiment.py", "Python", 2, 0, 0, 0, 0, 0, 0, 0, 0, 0, 0, 0, 11, 3, 16
"c:\Users\makib\Documents\EntornosVirtuales\BaseDeDatosSalonDeBelleza\venv\Lib\site-packages\_pyinstaller_hooks_contrib\stdhooks\hook-vtkmodules.vtkAcceleratorsVTKmCore.py", "Python", 2, 0, 0, 0, 0, 0, 0, 0, 0, 0, 0, 0, 11, 3, 16
"c:\Users\makib\Documents\EntornosVirtuales\BaseDeDatosSalonDeBelleza\venv\Lib\site-packages\_pyinstaller_hooks_contrib\stdhooks\hook-vtkmodules.vtkAcceleratorsVTKmDataModel.py", "Python", 2, 0, 0, 0, 0, 0, 0, 0, 0, 0, 0, 0, 11, 3, 16
"c:\Users\makib\Documents\EntornosVirtuales\BaseDeDatosSalonDeBelleza\venv\Lib\site-packages\_pyinstaller_hooks_contrib\stdhooks\hook-vtkmodules.vtkAcceleratorsVTKmFilters.py", "Python", 2, 0, 0, 0, 0, 0, 0, 0, 0, 0, 0, 0, 11, 3, 16
"c:\Users\makib\Documents\EntornosVirtuales\BaseDeDatosSalonDeBelleza\venv\Lib\site-packages\_pyinstaller_hooks_contrib\stdhooks\hook-vtkmodules.vtkChartsCore.py", "Python", 2, 0, 0, 0, 0, 0, 0, 0, 0, 0, 0, 0, 11, 3, 16
"c:\Users\makib\Documents\EntornosVirtuales\BaseDeDatosSalonDeBelleza\venv\Lib\site-packages\_pyinstaller_hooks_contrib\stdhooks\hook-vtkmodules.vtkCommonColor.py", "Python", 2, 0, 0, 0, 0, 0, 0, 0, 0, 0, 0, 0, 11, 3, 16
"c:\Users\makib\Documents\EntornosVirtuales\BaseDeDatosSalonDeBelleza\venv\Lib\site-packages\_pyinstaller_hooks_contrib\stdhooks\hook-vtkmodules.vtkCommonComputationalGeometry.py", "Python", 2, 0, 0, 0, 0, 0, 0, 0, 0, 0, 0, 0, 11, 3, 16
"c:\Users\makib\Documents\EntornosVirtuales\BaseDeDatosSalonDeBelleza\venv\Lib\site-packages\_pyinstaller_hooks_contrib\stdhooks\hook-vtkmodules.vtkCommonDataModel.py", "Python", 2, 0, 0, 0, 0, 0, 0, 0, 0, 0, 0, 0, 11, 3, 16
"c:\Users\makib\Documents\EntornosVirtuales\BaseDeDatosSalonDeBelleza\venv\Lib\site-packages\_pyinstaller_hooks_contrib\stdhooks\hook-vtkmodules.vtkCommonExecutionModel.py", "Python", 2, 0, 0, 0, 0, 0, 0, 0, 0, 0, 0, 0, 11, 3, 16
"c:\Users\makib\Documents\EntornosVirtuales\BaseDeDatosSalonDeBelleza\venv\Lib\site-packages\_pyinstaller_hooks_contrib\stdhooks\hook-vtkmodules.vtkCommonMath.py", "Python", 2, 0, 0, 0, 0, 0, 0, 0, 0, 0, 0, 0, 11, 3, 16
"c:\Users\makib\Documents\EntornosVirtuales\BaseDeDatosSalonDeBelleza\venv\Lib\site-packages\_pyinstaller_hooks_contrib\stdhooks\hook-vtkmodules.vtkCommonMisc.py", "Python", 2, 0, 0, 0, 0, 0, 0, 0, 0, 0, 0, 0, 11, 3, 16
"c:\Users\makib\Documents\EntornosVirtuales\BaseDeDatosSalonDeBelleza\venv\Lib\site-packages\_pyinstaller_hooks_contrib\stdhooks\hook-vtkmodules.vtkCommonPython.py", "Python", 2, 0, 0, 0, 0, 0, 0, 0, 0, 0, 0, 0, 11, 3, 16
"c:\Users\makib\Documents\EntornosVirtuales\BaseDeDatosSalonDeBelleza\venv\Lib\site-packages\_pyinstaller_hooks_contrib\stdhooks\hook-vtkmodules.vtkCommonSystem.py", "Python", 2, 0, 0, 0, 0, 0, 0, 0, 0, 0, 0, 0, 11, 3, 16
"c:\Users\makib\Documents\EntornosVirtuales\BaseDeDatosSalonDeBelleza\venv\Lib\site-packages\_pyinstaller_hooks_contrib\stdhooks\hook-vtkmodules.vtkCommonTransforms.py", "Python", 2, 0, 0, 0, 0, 0, 0, 0, 0, 0, 0, 0, 11, 3, 16
"c:\Users\makib\Documents\EntornosVirtuales\BaseDeDatosSalonDeBelleza\venv\Lib\site-packages\_pyinstaller_hooks_contrib\stdhooks\hook-vtkmodules.vtkDomainsChemistry.py", "Python", 2, 0, 0, 0, 0, 0, 0, 0, 0, 0, 0, 0, 11, 3, 16
"c:\Users\makib\Documents\EntornosVirtuales\BaseDeDatosSalonDeBelleza\venv\Lib\site-packages\_pyinstaller_hooks_contrib\stdhooks\hook-vtkmodules.vtkDomainsChemistryOpenGL2.py", "Python", 2, 0, 0, 0, 0, 0, 0, 0, 0, 0, 0, 0, 11, 3, 16
"c:\Users\makib\Documents\EntornosVirtuales\BaseDeDatosSalonDeBelleza\venv\Lib\site-packages\_pyinstaller_hooks_contrib\stdhooks\hook-vtkmodules.vtkFiltersAMR.py", "Python", 2, 0, 0, 0, 0, 0, 0, 0, 0, 0, 0, 0, 11, 3, 16
"c:\Users\makib\Documents\EntornosVirtuales\BaseDeDatosSalonDeBelleza\venv\Lib\site-packages\_pyinstaller_hooks_contrib\stdhooks\hook-vtkmodules.vtkFiltersCellGrid.py", "Python", 2, 0, 0, 0, 0, 0, 0, 0, 0, 0, 0, 0, 11, 3, 16
"c:\Users\makib\Documents\EntornosVirtuales\BaseDeDatosSalonDeBelleza\venv\Lib\site-packages\_pyinstaller_hooks_contrib\stdhooks\hook-vtkmodules.vtkFiltersCore.py", "Python", 2, 0, 0, 0, 0, 0, 0, 0, 0, 0, 0, 0, 11, 3, 16
"c:\Users\makib\Documents\EntornosVirtuales\BaseDeDatosSalonDeBelleza\venv\Lib\site-packages\_pyinstaller_hooks_contrib\stdhooks\hook-vtkmodules.vtkFiltersExtraction.py", "Python", 2, 0, 0, 0, 0, 0, 0, 0, 0, 0, 0, 0, 11, 3, 16
"c:\Users\makib\Documents\EntornosVirtuales\BaseDeDatosSalonDeBelleza\venv\Lib\site-packages\_pyinstaller_hooks_contrib\stdhooks\hook-vtkmodules.vtkFiltersFlowPaths.py", "Python", 2, 0, 0, 0, 0, 0, 0, 0, 0, 0, 0, 0, 11, 3, 16
"c:\Users\makib\Documents\EntornosVirtuales\BaseDeDatosSalonDeBelleza\venv\Lib\site-packages\_pyinstaller_hooks_contrib\stdhooks\hook-vtkmodules.vtkFiltersGeneral.py", "Python", 2, 0, 0, 0, 0, 0, 0, 0, 0, 0, 0, 0, 11, 3, 16
"c:\Users\makib\Documents\EntornosVirtuales\BaseDeDatosSalonDeBelleza\venv\Lib\site-packages\_pyinstaller_hooks_contrib\stdhooks\hook-vtkmodules.vtkFiltersGeneric.py", "Python", 2, 0, 0, 0, 0, 0, 0, 0, 0, 0, 0, 0, 11, 3, 16
"c:\Users\makib\Documents\EntornosVirtuales\BaseDeDatosSalonDeBelleza\venv\Lib\site-packages\_pyinstaller_hooks_contrib\stdhooks\hook-vtkmodules.vtkFiltersGeometry.py", "Python", 2, 0, 0, 0, 0, 0, 0, 0, 0, 0, 0, 0, 11, 3, 16
"c:\Users\makib\Documents\EntornosVirtuales\BaseDeDatosSalonDeBelleza\venv\Lib\site-packages\_pyinstaller_hooks_contrib\stdhooks\hook-vtkmodules.vtkFiltersGeometryPreview.py", "Python", 2, 0, 0, 0, 0, 0, 0, 0, 0, 0, 0, 0, 11, 3, 16
"c:\Users\makib\Documents\EntornosVirtuales\BaseDeDatosSalonDeBelleza\venv\Lib\site-packages\_pyinstaller_hooks_contrib\stdhooks\hook-vtkmodules.vtkFiltersHybrid.py", "Python", 2, 0, 0, 0, 0, 0, 0, 0, 0, 0, 0, 0, 11, 3, 16
"c:\Users\makib\Documents\EntornosVirtuales\BaseDeDatosSalonDeBelleza\venv\Lib\site-packages\_pyinstaller_hooks_contrib\stdhooks\hook-vtkmodules.vtkFiltersHyperTree.py", "Python", 2, 0, 0, 0, 0, 0, 0, 0, 0, 0, 0, 0, 11, 3, 16
"c:\Users\makib\Documents\EntornosVirtuales\BaseDeDatosSalonDeBelleza\venv\Lib\site-packages\_pyinstaller_hooks_contrib\stdhooks\hook-vtkmodules.vtkFiltersImaging.py", "Python", 2, 0, 0, 0, 0, 0, 0, 0, 0, 0, 0, 0, 11, 3, 16
"c:\Users\makib\Documents\EntornosVirtuales\BaseDeDatosSalonDeBelleza\venv\Lib\site-packages\_pyinstaller_hooks_contrib\stdhooks\hook-vtkmodules.vtkFiltersModeling.py", "Python", 2, 0, 0, 0, 0, 0, 0, 0, 0, 0, 0, 0, 11, 3, 16
"c:\Users\makib\Documents\EntornosVirtuales\BaseDeDatosSalonDeBelleza\venv\Lib\site-packages\_pyinstaller_hooks_contrib\stdhooks\hook-vtkmodules.vtkFiltersParallel.py", "Python", 2, 0, 0, 0, 0, 0, 0, 0, 0, 0, 0, 0, 11, 3, 16
"c:\Users\makib\Documents\EntornosVirtuales\BaseDeDatosSalonDeBelleza\venv\Lib\site-packages\_pyinstaller_hooks_contrib\stdhooks\hook-vtkmodules.vtkFiltersParallelDIY2.py", "Python", 2, 0, 0, 0, 0, 0, 0, 0, 0, 0, 0, 0, 11, 3, 16
"c:\Users\makib\Documents\EntornosVirtuales\BaseDeDatosSalonDeBelleza\venv\Lib\site-packages\_pyinstaller_hooks_contrib\stdhooks\hook-vtkmodules.vtkFiltersParallelImaging.py", "Python", 2, 0, 0, 0, 0, 0, 0, 0, 0, 0, 0, 0, 11, 3, 16
"c:\Users\makib\Documents\EntornosVirtuales\BaseDeDatosSalonDeBelleza\venv\Lib\site-packages\_pyinstaller_hooks_contrib\stdhooks\hook-vtkmodules.vtkFiltersParallelStatistics.py", "Python", 2, 0, 0, 0, 0, 0, 0, 0, 0, 0, 0, 0, 11, 3, 16
"c:\Users\makib\Documents\EntornosVirtuales\BaseDeDatosSalonDeBelleza\venv\Lib\site-packages\_pyinstaller_hooks_contrib\stdhooks\hook-vtkmodules.vtkFiltersPoints.py", "Python", 2, 0, 0, 0, 0, 0, 0, 0, 0, 0, 0, 0, 11, 3, 16
"c:\Users\makib\Documents\EntornosVirtuales\BaseDeDatosSalonDeBelleza\venv\Lib\site-packages\_pyinstaller_hooks_contrib\stdhooks\hook-vtkmodules.vtkFiltersProgrammable.py", "Python", 2, 0, 0, 0, 0, 0, 0, 0, 0, 0, 0, 0, 11, 3, 16
"c:\Users\makib\Documents\EntornosVirtuales\BaseDeDatosSalonDeBelleza\venv\Lib\site-packages\_pyinstaller_hooks_contrib\stdhooks\hook-vtkmodules.vtkFiltersPython.py", "Python", 2, 0, 0, 0, 0, 0, 0, 0, 0, 0, 0, 0, 11, 3, 16
"c:\Users\makib\Documents\EntornosVirtuales\BaseDeDatosSalonDeBelleza\venv\Lib\site-packages\_pyinstaller_hooks_contrib\stdhooks\hook-vtkmodules.vtkFiltersReduction.py", "Python", 2, 0, 0, 0, 0, 0, 0, 0, 0, 0, 0, 0, 11, 3, 16
"c:\Users\makib\Documents\EntornosVirtuales\BaseDeDatosSalonDeBelleza\venv\Lib\site-packages\_pyinstaller_hooks_contrib\stdhooks\hook-vtkmodules.vtkFiltersSMP.py", "Python", 2, 0, 0, 0, 0, 0, 0, 0, 0, 0, 0, 0, 11, 3, 16
"c:\Users\makib\Documents\EntornosVirtuales\BaseDeDatosSalonDeBelleza\venv\Lib\site-packages\_pyinstaller_hooks_contrib\stdhooks\hook-vtkmodules.vtkFiltersSelection.py", "Python", 2, 0, 0, 0, 0, 0, 0, 0, 0, 0, 0, 0, 11, 3, 16
"c:\Users\makib\Documents\EntornosVirtuales\BaseDeDatosSalonDeBelleza\venv\Lib\site-packages\_pyinstaller_hooks_contrib\stdhooks\hook-vtkmodules.vtkFiltersSources.py", "Python", 2, 0, 0, 0, 0, 0, 0, 0, 0, 0, 0, 0, 11, 3, 16
"c:\Users\makib\Documents\EntornosVirtuales\BaseDeDatosSalonDeBelleza\venv\Lib\site-packages\_pyinstaller_hooks_contrib\stdhooks\hook-vtkmodules.vtkFiltersStatistics.py", "Python", 2, 0, 0, 0, 0, 0, 0, 0, 0, 0, 0, 0, 11, 3, 16
"c:\Users\makib\Documents\EntornosVirtuales\BaseDeDatosSalonDeBelleza\venv\Lib\site-packages\_pyinstaller_hooks_contrib\stdhooks\hook-vtkmodules.vtkFiltersTemporal.py", "Python", 2, 0, 0, 0, 0, 0, 0, 0, 0, 0, 0, 0, 11, 3, 16
"c:\Users\makib\Documents\EntornosVirtuales\BaseDeDatosSalonDeBelleza\venv\Lib\site-packages\_pyinstaller_hooks_contrib\stdhooks\hook-vtkmodules.vtkFiltersTensor.py", "Python", 2, 0, 0, 0, 0, 0, 0, 0, 0, 0, 0, 0, 11, 3, 16
"c:\Users\makib\Documents\EntornosVirtuales\BaseDeDatosSalonDeBelleza\venv\Lib\site-packages\_pyinstaller_hooks_contrib\stdhooks\hook-vtkmodules.vtkFiltersTexture.py", "Python", 2, 0, 0, 0, 0, 0, 0, 0, 0, 0, 0, 0, 11, 3, 16
"c:\Users\makib\Documents\EntornosVirtuales\BaseDeDatosSalonDeBelleza\venv\Lib\site-packages\_pyinstaller_hooks_contrib\stdhooks\hook-vtkmodules.vtkFiltersTopology.py", "Python", 2, 0, 0, 0, 0, 0, 0, 0, 0, 0, 0, 0, 11, 3, 16
"c:\Users\makib\Documents\EntornosVirtuales\BaseDeDatosSalonDeBelleza\venv\Lib\site-packages\_pyinstaller_hooks_contrib\stdhooks\hook-vtkmodules.vtkFiltersVerdict.py", "Python", 2, 0, 0, 0, 0, 0, 0, 0, 0, 0, 0, 0, 11, 3, 16
"c:\Users\makib\Documents\EntornosVirtuales\BaseDeDatosSalonDeBelleza\venv\Lib\site-packages\_pyinstaller_hooks_contrib\stdhooks\hook-vtkmodules.vtkGeovisCore.py", "Python", 2, 0, 0, 0, 0, 0, 0, 0, 0, 0, 0, 0, 11, 3, 16
"c:\Users\makib\Documents\EntornosVirtuales\BaseDeDatosSalonDeBelleza\venv\Lib\site-packages\_pyinstaller_hooks_contrib\stdhooks\hook-vtkmodules.vtkIOAMR.py", "Python", 2, 0, 0, 0, 0, 0, 0, 0, 0, 0, 0, 0, 11, 3, 16
"c:\Users\makib\Documents\EntornosVirtuales\BaseDeDatosSalonDeBelleza\venv\Lib\site-packages\_pyinstaller_hooks_contrib\stdhooks\hook-vtkmodules.vtkIOAsynchronous.py", "Python", 2, 0, 0, 0, 0, 0, 0, 0, 0, 0, 0, 0, 11, 3, 16
"c:\Users\makib\Documents\EntornosVirtuales\BaseDeDatosSalonDeBelleza\venv\Lib\site-packages\_pyinstaller_hooks_contrib\stdhooks\hook-vtkmodules.vtkIOCGNSReader.py", "Python", 2, 0, 0, 0, 0, 0, 0, 0, 0, 0, 0, 0, 11, 3, 16
"c:\Users\makib\Documents\EntornosVirtuales\BaseDeDatosSalonDeBelleza\venv\Lib\site-packages\_pyinstaller_hooks_contrib\stdhooks\hook-vtkmodules.vtkIOCONVERGECFD.py", "Python", 2, 0, 0, 0, 0, 0, 0, 0, 0, 0, 0, 0, 11, 3, 16
"c:\Users\makib\Documents\EntornosVirtuales\BaseDeDatosSalonDeBelleza\venv\Lib\site-packages\_pyinstaller_hooks_contrib\stdhooks\hook-vtkmodules.vtkIOCellGrid.py", "Python", 2, 0, 0, 0, 0, 0, 0, 0, 0, 0, 0, 0, 11, 3, 16
"c:\Users\makib\Documents\EntornosVirtuales\BaseDeDatosSalonDeBelleza\venv\Lib\site-packages\_pyinstaller_hooks_contrib\stdhooks\hook-vtkmodules.vtkIOCesium3DTiles.py", "Python", 2, 0, 0, 0, 0, 0, 0, 0, 0, 0, 0, 0, 11, 3, 16
"c:\Users\makib\Documents\EntornosVirtuales\BaseDeDatosSalonDeBelleza\venv\Lib\site-packages\_pyinstaller_hooks_contrib\stdhooks\hook-vtkmodules.vtkIOChemistry.py", "Python", 2, 0, 0, 0, 0, 0, 0, 0, 0, 0, 0, 0, 11, 3, 16
"c:\Users\makib\Documents\EntornosVirtuales\BaseDeDatosSalonDeBelleza\venv\Lib\site-packages\_pyinstaller_hooks_contrib\stdhooks\hook-vtkmodules.vtkIOCityGML.py", "Python", 2, 0, 0, 0, 0, 0, 0, 0, 0, 0, 0, 0, 11, 3, 16
"c:\Users\makib\Documents\EntornosVirtuales\BaseDeDatosSalonDeBelleza\venv\Lib\site-packages\_pyinstaller_hooks_contrib\stdhooks\hook-vtkmodules.vtkIOCore.py", "Python", 2, 0, 0, 0, 0, 0, 0, 0, 0, 0, 0, 0, 11, 3, 16
"c:\Users\makib\Documents\EntornosVirtuales\BaseDeDatosSalonDeBelleza\venv\Lib\site-packages\_pyinstaller_hooks_contrib\stdhooks\hook-vtkmodules.vtkIOERF.py", "Python", 2, 0, 0, 0, 0, 0, 0, 0, 0, 0, 0, 0, 11, 3, 16
"c:\Users\makib\Documents\EntornosVirtuales\BaseDeDatosSalonDeBelleza\venv\Lib\site-packages\_pyinstaller_hooks_contrib\stdhooks\hook-vtkmodules.vtkIOEnSight.py", "Python", 2, 0, 0, 0, 0, 0, 0, 0, 0, 0, 0, 0, 11, 3, 16
"c:\Users\makib\Documents\EntornosVirtuales\BaseDeDatosSalonDeBelleza\venv\Lib\site-packages\_pyinstaller_hooks_contrib\stdhooks\hook-vtkmodules.vtkIOEngys.py", "Python", 2, 0, 0, 0, 0, 0, 0, 0, 0, 0, 0, 0, 11, 3, 16
"c:\Users\makib\Documents\EntornosVirtuales\BaseDeDatosSalonDeBelleza\venv\Lib\site-packages\_pyinstaller_hooks_contrib\stdhooks\hook-vtkmodules.vtkIOExodus.py", "Python", 2, 0, 0, 0, 0, 0, 0, 0, 0, 0, 0, 0, 11, 3, 16
"c:\Users\makib\Documents\EntornosVirtuales\BaseDeDatosSalonDeBelleza\venv\Lib\site-packages\_pyinstaller_hooks_contrib\stdhooks\hook-vtkmodules.vtkIOExport.py", "Python", 2, 0, 0, 0, 0, 0, 0, 0, 0, 0, 0, 0, 11, 3, 16
"c:\Users\makib\Documents\EntornosVirtuales\BaseDeDatosSalonDeBelleza\venv\Lib\site-packages\_pyinstaller_hooks_contrib\stdhooks\hook-vtkmodules.vtkIOExportGL2PS.py", "Python", 2, 0, 0, 0, 0, 0, 0, 0, 0, 0, 0, 0, 11, 3, 16
"c:\Users\makib\Documents\EntornosVirtuales\BaseDeDatosSalonDeBelleza\venv\Lib\site-packages\_pyinstaller_hooks_contrib\stdhooks\hook-vtkmodules.vtkIOExportPDF.py", "Python", 2, 0, 0, 0, 0, 0, 0, 0, 0, 0, 0, 0, 11, 3, 16
"c:\Users\makib\Documents\EntornosVirtuales\BaseDeDatosSalonDeBelleza\venv\Lib\site-packages\_pyinstaller_hooks_contrib\stdhooks\hook-vtkmodules.vtkIOFDS.py", "Python", 2, 0, 0, 0, 0, 0, 0, 0, 0, 0, 0, 0, 11, 3, 16
"c:\Users\makib\Documents\EntornosVirtuales\BaseDeDatosSalonDeBelleza\venv\Lib\site-packages\_pyinstaller_hooks_contrib\stdhooks\hook-vtkmodules.vtkIOFLUENTCFF.py", "Python", 2, 0, 0, 0, 0, 0, 0, 0, 0, 0, 0, 0, 11, 3, 16
"c:\Users\makib\Documents\EntornosVirtuales\BaseDeDatosSalonDeBelleza\venv\Lib\site-packages\_pyinstaller_hooks_contrib\stdhooks\hook-vtkmodules.vtkIOGeoJSON.py", "Python", 2, 0, 0, 0, 0, 0, 0, 0, 0, 0, 0, 0, 11, 3, 16
"c:\Users\makib\Documents\EntornosVirtuales\BaseDeDatosSalonDeBelleza\venv\Lib\site-packages\_pyinstaller_hooks_contrib\stdhooks\hook-vtkmodules.vtkIOGeometry.py", "Python", 2, 0, 0, 0, 0, 0, 0, 0, 0, 0, 0, 0, 11, 3, 16
"c:\Users\makib\Documents\EntornosVirtuales\BaseDeDatosSalonDeBelleza\venv\Lib\site-packages\_pyinstaller_hooks_contrib\stdhooks\hook-vtkmodules.vtkIOH5Rage.py", "Python", 2, 0, 0, 0, 0, 0, 0, 0, 0, 0, 0, 0, 11, 3, 16
"c:\Users\makib\Documents\EntornosVirtuales\BaseDeDatosSalonDeBelleza\venv\Lib\site-packages\_pyinstaller_hooks_contrib\stdhooks\hook-vtkmodules.vtkIOH5part.py", "Python", 2, 0, 0, 0, 0, 0, 0, 0, 0, 0, 0, 0, 11, 3, 16
"c:\Users\makib\Documents\EntornosVirtuales\BaseDeDatosSalonDeBelleza\venv\Lib\site-packages\_pyinstaller_hooks_contrib\stdhooks\hook-vtkmodules.vtkIOHDF.py", "Python", 2, 0, 0, 0, 0, 0, 0, 0, 0, 0, 0, 0, 11, 3, 16
"c:\Users\makib\Documents\EntornosVirtuales\BaseDeDatosSalonDeBelleza\venv\Lib\site-packages\_pyinstaller_hooks_contrib\stdhooks\hook-vtkmodules.vtkIOIOSS.py", "Python", 2, 0, 0, 0, 0, 0, 0, 0, 0, 0, 0, 0, 11, 3, 16
"c:\Users\makib\Documents\EntornosVirtuales\BaseDeDatosSalonDeBelleza\venv\Lib\site-packages\_pyinstaller_hooks_contrib\stdhooks\hook-vtkmodules.vtkIOImage.py", "Python", 2, 0, 0, 0, 0, 0, 0, 0, 0, 0, 0, 0, 11, 3, 16
"c:\Users\makib\Documents\EntornosVirtuales\BaseDeDatosSalonDeBelleza\venv\Lib\site-packages\_pyinstaller_hooks_contrib\stdhooks\hook-vtkmodules.vtkIOImport.py", "Python", 2, 0, 0, 0, 0, 0, 0, 0, 0, 0, 0, 0, 11, 3, 16
"c:\Users\makib\Documents\EntornosVirtuales\BaseDeDatosSalonDeBelleza\venv\Lib\site-packages\_pyinstaller_hooks_contrib\stdhooks\hook-vtkmodules.vtkIOInfovis.py", "Python", 2, 0, 0, 0, 0, 0, 0, 0, 0, 0, 0, 0, 11, 3, 16
"c:\Users\makib\Documents\EntornosVirtuales\BaseDeDatosSalonDeBelleza\venv\Lib\site-packages\_pyinstaller_hooks_contrib\stdhooks\hook-vtkmodules.vtkIOLSDyna.py", "Python", 2, 0, 0, 0, 0, 0, 0, 0, 0, 0, 0, 0, 11, 3, 16
"c:\Users\makib\Documents\EntornosVirtuales\BaseDeDatosSalonDeBelleza\venv\Lib\site-packages\_pyinstaller_hooks_contrib\stdhooks\hook-vtkmodules.vtkIOLegacy.py", "Python", 2, 0, 0, 0, 0, 0, 0, 0, 0, 0, 0, 0, 11, 3, 16
"c:\Users\makib\Documents\EntornosVirtuales\BaseDeDatosSalonDeBelleza\venv\Lib\site-packages\_pyinstaller_hooks_contrib\stdhooks\hook-vtkmodules.vtkIOMINC.py", "Python", 2, 0, 0, 0, 0, 0, 0, 0, 0, 0, 0, 0, 11, 3, 16
"c:\Users\makib\Documents\EntornosVirtuales\BaseDeDatosSalonDeBelleza\venv\Lib\site-packages\_pyinstaller_hooks_contrib\stdhooks\hook-vtkmodules.vtkIOMotionFX.py", "Python", 2, 0, 0, 0, 0, 0, 0, 0, 0, 0, 0, 0, 11, 3, 16
"c:\Users\makib\Documents\EntornosVirtuales\BaseDeDatosSalonDeBelleza\venv\Lib\site-packages\_pyinstaller_hooks_contrib\stdhooks\hook-vtkmodules.vtkIOMovie.py", "Python", 2, 0, 0, 0, 0, 0, 0, 0, 0, 0, 0, 0, 11, 3, 16
"c:\Users\makib\Documents\EntornosVirtuales\BaseDeDatosSalonDeBelleza\venv\Lib\site-packages\_pyinstaller_hooks_contrib\stdhooks\hook-vtkmodules.vtkIONetCDF.py", "Python", 2, 0, 0, 0, 0, 0, 0, 0, 0, 0, 0, 0, 11, 3, 16
"c:\Users\makib\Documents\EntornosVirtuales\BaseDeDatosSalonDeBelleza\venv\Lib\site-packages\_pyinstaller_hooks_contrib\stdhooks\hook-vtkmodules.vtkIOOMF.py", "Python", 2, 0, 0, 0, 0, 0, 0, 0, 0, 0, 0, 0, 11, 3, 16
"c:\Users\makib\Documents\EntornosVirtuales\BaseDeDatosSalonDeBelleza\venv\Lib\site-packages\_pyinstaller_hooks_contrib\stdhooks\hook-vtkmodules.vtkIOOggTheora.py", "Python", 2, 0, 0, 0, 0, 0, 0, 0, 0, 0, 0, 0, 11, 3, 16
"c:\Users\makib\Documents\EntornosVirtuales\BaseDeDatosSalonDeBelleza\venv\Lib\site-packages\_pyinstaller_hooks_contrib\stdhooks\hook-vtkmodules.vtkIOPIO.py", "Python", 2, 0, 0, 0, 0, 0, 0, 0, 0, 0, 0, 0, 11, 3, 16
"c:\Users\makib\Documents\EntornosVirtuales\BaseDeDatosSalonDeBelleza\venv\Lib\site-packages\_pyinstaller_hooks_contrib\stdhooks\hook-vtkmodules.vtkIOPLY.py", "Python", 2, 0, 0, 0, 0, 0, 0, 0, 0, 0, 0, 0, 11, 3, 16
"c:\Users\makib\Documents\EntornosVirtuales\BaseDeDatosSalonDeBelleza\venv\Lib\site-packages\_pyinstaller_hooks_contrib\stdhooks\hook-vtkmodules.vtkIOParallel.py", "Python", 2, 0, 0, 0, 0, 0, 0, 0, 0, 0, 0, 0, 11, 3, 16
"c:\Users\makib\Documents\EntornosVirtuales\BaseDeDatosSalonDeBelleza\venv\Lib\site-packages\_pyinstaller_hooks_contrib\stdhooks\hook-vtkmodules.vtkIOParallelExodus.py", "Python", 2, 0, 0, 0, 0, 0, 0, 0, 0, 0, 0, 0, 11, 3, 16
"c:\Users\makib\Documents\EntornosVirtuales\BaseDeDatosSalonDeBelleza\venv\Lib\site-packages\_pyinstaller_hooks_contrib\stdhooks\hook-vtkmodules.vtkIOParallelLSDyna.py", "Python", 2, 0, 0, 0, 0, 0, 0, 0, 0, 0, 0, 0, 11, 3, 16
"c:\Users\makib\Documents\EntornosVirtuales\BaseDeDatosSalonDeBelleza\venv\Lib\site-packages\_pyinstaller_hooks_contrib\stdhooks\hook-vtkmodules.vtkIOParallelXML.py", "Python", 2, 0, 0, 0, 0, 0, 0, 0, 0, 0, 0, 0, 11, 3, 16
"c:\Users\makib\Documents\EntornosVirtuales\BaseDeDatosSalonDeBelleza\venv\Lib\site-packages\_pyinstaller_hooks_contrib\stdhooks\hook-vtkmodules.vtkIOSQL.py", "Python", 2, 0, 0, 0, 0, 0, 0, 0, 0, 0, 0, 0, 11, 3, 16
"c:\Users\makib\Documents\EntornosVirtuales\BaseDeDatosSalonDeBelleza\venv\Lib\site-packages\_pyinstaller_hooks_contrib\stdhooks\hook-vtkmodules.vtkIOSegY.py", "Python", 2, 0, 0, 0, 0, 0, 0, 0, 0, 0, 0, 0, 11, 3, 16
"c:\Users\makib\Documents\EntornosVirtuales\BaseDeDatosSalonDeBelleza\venv\Lib\site-packages\_pyinstaller_hooks_contrib\stdhooks\hook-vtkmodules.vtkIOTRUCHAS.py", "Python", 2, 0, 0, 0, 0, 0, 0, 0, 0, 0, 0, 0, 11, 3, 16
"c:\Users\makib\Documents\EntornosVirtuales\BaseDeDatosSalonDeBelleza\venv\Lib\site-packages\_pyinstaller_hooks_contrib\stdhooks\hook-vtkmodules.vtkIOTecplotTable.py", "Python", 2, 0, 0, 0, 0, 0, 0, 0, 0, 0, 0, 0, 11, 3, 16
"c:\Users\makib\Documents\EntornosVirtuales\BaseDeDatosSalonDeBelleza\venv\Lib\site-packages\_pyinstaller_hooks_contrib\stdhooks\hook-vtkmodules.vtkIOVPIC.py", "Python", 2, 0, 0, 0, 0, 0, 0, 0, 0, 0, 0, 0, 11, 3, 16
"c:\Users\makib\Documents\EntornosVirtuales\BaseDeDatosSalonDeBelleza\venv\Lib\site-packages\_pyinstaller_hooks_contrib\stdhooks\hook-vtkmodules.vtkIOVeraOut.py", "Python", 2, 0, 0, 0, 0, 0, 0, 0, 0, 0, 0, 0, 11, 3, 16
"c:\Users\makib\Documents\EntornosVirtuales\BaseDeDatosSalonDeBelleza\venv\Lib\site-packages\_pyinstaller_hooks_contrib\stdhooks\hook-vtkmodules.vtkIOVideo.py", "Python", 2, 0, 0, 0, 0, 0, 0, 0, 0, 0, 0, 0, 11, 3, 16
"c:\Users\makib\Documents\EntornosVirtuales\BaseDeDatosSalonDeBelleza\venv\Lib\site-packages\_pyinstaller_hooks_contrib\stdhooks\hook-vtkmodules.vtkIOXML.py", "Python", 2, 0, 0, 0, 0, 0, 0, 0, 0, 0, 0, 0, 11, 3, 16
"c:\Users\makib\Documents\EntornosVirtuales\BaseDeDatosSalonDeBelleza\venv\Lib\site-packages\_pyinstaller_hooks_contrib\stdhooks\hook-vtkmodules.vtkIOXMLParser.py", "Python", 2, 0, 0, 0, 0, 0, 0, 0, 0, 0, 0, 0, 11, 3, 16
"c:\Users\makib\Documents\EntornosVirtuales\BaseDeDatosSalonDeBelleza\venv\Lib\site-packages\_pyinstaller_hooks_contrib\stdhooks\hook-vtkmodules.vtkIOXdmf2.py", "Python", 2, 0, 0, 0, 0, 0, 0, 0, 0, 0, 0, 0, 11, 3, 16
"c:\Users\makib\Documents\EntornosVirtuales\BaseDeDatosSalonDeBelleza\venv\Lib\site-packages\_pyinstaller_hooks_contrib\stdhooks\hook-vtkmodules.vtkImagingColor.py", "Python", 2, 0, 0, 0, 0, 0, 0, 0, 0, 0, 0, 0, 11, 3, 16
"c:\Users\makib\Documents\EntornosVirtuales\BaseDeDatosSalonDeBelleza\venv\Lib\site-packages\_pyinstaller_hooks_contrib\stdhooks\hook-vtkmodules.vtkImagingCore.py", "Python", 2, 0, 0, 0, 0, 0, 0, 0, 0, 0, 0, 0, 11, 3, 16
"c:\Users\makib\Documents\EntornosVirtuales\BaseDeDatosSalonDeBelleza\venv\Lib\site-packages\_pyinstaller_hooks_contrib\stdhooks\hook-vtkmodules.vtkImagingFourier.py", "Python", 2, 0, 0, 0, 0, 0, 0, 0, 0, 0, 0, 0, 11, 3, 16
"c:\Users\makib\Documents\EntornosVirtuales\BaseDeDatosSalonDeBelleza\venv\Lib\site-packages\_pyinstaller_hooks_contrib\stdhooks\hook-vtkmodules.vtkImagingGeneral.py", "Python", 2, 0, 0, 0, 0, 0, 0, 0, 0, 0, 0, 0, 11, 3, 16
"c:\Users\makib\Documents\EntornosVirtuales\BaseDeDatosSalonDeBelleza\venv\Lib\site-packages\_pyinstaller_hooks_contrib\stdhooks\hook-vtkmodules.vtkImagingHybrid.py", "Python", 2, 0, 0, 0, 0, 0, 0, 0, 0, 0, 0, 0, 11, 3, 16
"c:\Users\makib\Documents\EntornosVirtuales\BaseDeDatosSalonDeBelleza\venv\Lib\site-packages\_pyinstaller_hooks_contrib\stdhooks\hook-vtkmodules.vtkImagingMath.py", "Python", 2, 0, 0, 0, 0, 0, 0, 0, 0, 0, 0, 0, 11, 3, 16
"c:\Users\makib\Documents\EntornosVirtuales\BaseDeDatosSalonDeBelleza\venv\Lib\site-packages\_pyinstaller_hooks_contrib\stdhooks\hook-vtkmodules.vtkImagingMorphological.py", "Python", 2, 0, 0, 0, 0, 0, 0, 0, 0, 0, 0, 0, 11, 3, 16
"c:\Users\makib\Documents\EntornosVirtuales\BaseDeDatosSalonDeBelleza\venv\Lib\site-packages\_pyinstaller_hooks_contrib\stdhooks\hook-vtkmodules.vtkImagingOpenGL2.py", "Python", 2, 0, 0, 0, 0, 0, 0, 0, 0, 0, 0, 0, 11, 3, 16
"c:\Users\makib\Documents\EntornosVirtuales\BaseDeDatosSalonDeBelleza\venv\Lib\site-packages\_pyinstaller_hooks_contrib\stdhooks\hook-vtkmodules.vtkImagingSources.py", "Python", 2, 0, 0, 0, 0, 0, 0, 0, 0, 0, 0, 0, 11, 3, 16
"c:\Users\makib\Documents\EntornosVirtuales\BaseDeDatosSalonDeBelleza\venv\Lib\site-packages\_pyinstaller_hooks_contrib\stdhooks\hook-vtkmodules.vtkImagingStatistics.py", "Python", 2, 0, 0, 0, 0, 0, 0, 0, 0, 0, 0, 0, 11, 3, 16
"c:\Users\makib\Documents\EntornosVirtuales\BaseDeDatosSalonDeBelleza\venv\Lib\site-packages\_pyinstaller_hooks_contrib\stdhooks\hook-vtkmodules.vtkImagingStencil.py", "Python", 2, 0, 0, 0, 0, 0, 0, 0, 0, 0, 0, 0, 11, 3, 16
"c:\Users\makib\Documents\EntornosVirtuales\BaseDeDatosSalonDeBelleza\venv\Lib\site-packages\_pyinstaller_hooks_contrib\stdhooks\hook-vtkmodules.vtkInfovisCore.py", "Python", 2, 0, 0, 0, 0, 0, 0, 0, 0, 0, 0, 0, 11, 3, 16
"c:\Users\makib\Documents\EntornosVirtuales\BaseDeDatosSalonDeBelleza\venv\Lib\site-packages\_pyinstaller_hooks_contrib\stdhooks\hook-vtkmodules.vtkInfovisLayout.py", "Python", 2, 0, 0, 0, 0, 0, 0, 0, 0, 0, 0, 0, 11, 3, 16
"c:\Users\makib\Documents\EntornosVirtuales\BaseDeDatosSalonDeBelleza\venv\Lib\site-packages\_pyinstaller_hooks_contrib\stdhooks\hook-vtkmodules.vtkInteractionImage.py", "Python", 2, 0, 0, 0, 0, 0, 0, 0, 0, 0, 0, 0, 11, 3, 16
"c:\Users\makib\Documents\EntornosVirtuales\BaseDeDatosSalonDeBelleza\venv\Lib\site-packages\_pyinstaller_hooks_contrib\stdhooks\hook-vtkmodules.vtkInteractionStyle.py", "Python", 2, 0, 0, 0, 0, 0, 0, 0, 0, 0, 0, 0, 11, 3, 16
"c:\Users\makib\Documents\EntornosVirtuales\BaseDeDatosSalonDeBelleza\venv\Lib\site-packages\_pyinstaller_hooks_contrib\stdhooks\hook-vtkmodules.vtkInteractionWidgets.py", "Python", 2, 0, 0, 0, 0, 0, 0, 0, 0, 0, 0, 0, 11, 3, 16
"c:\Users\makib\Documents\EntornosVirtuales\BaseDeDatosSalonDeBelleza\venv\Lib\site-packages\_pyinstaller_hooks_contrib\stdhooks\hook-vtkmodules.vtkParallelCore.py", "Python", 2, 0, 0, 0, 0, 0, 0, 0, 0, 0, 0, 0, 11, 3, 16
"c:\Users\makib\Documents\EntornosVirtuales\BaseDeDatosSalonDeBelleza\venv\Lib\site-packages\_pyinstaller_hooks_contrib\stdhooks\hook-vtkmodules.vtkPythonContext2D.py", "Python", 2, 0, 0, 0, 0, 0, 0, 0, 0, 0, 0, 0, 11, 3, 16
"c:\Users\makib\Documents\EntornosVirtuales\BaseDeDatosSalonDeBelleza\venv\Lib\site-packages\_pyinstaller_hooks_contrib\stdhooks\hook-vtkmodules.vtkRenderingAnnotation.py", "Python", 2, 0, 0, 0, 0, 0, 0, 0, 0, 0, 0, 0, 11, 3, 16
"c:\Users\makib\Documents\EntornosVirtuales\BaseDeDatosSalonDeBelleza\venv\Lib\site-packages\_pyinstaller_hooks_contrib\stdhooks\hook-vtkmodules.vtkRenderingCellGrid.py", "Python", 2, 0, 0, 0, 0, 0, 0, 0, 0, 0, 0, 0, 11, 3, 16
"c:\Users\makib\Documents\EntornosVirtuales\BaseDeDatosSalonDeBelleza\venv\Lib\site-packages\_pyinstaller_hooks_contrib\stdhooks\hook-vtkmodules.vtkRenderingContext2D.py", "Python", 2, 0, 0, 0, 0, 0, 0, 0, 0, 0, 0, 0, 11, 3, 16
"c:\Users\makib\Documents\EntornosVirtuales\BaseDeDatosSalonDeBelleza\venv\Lib\site-packages\_pyinstaller_hooks_contrib\stdhooks\hook-vtkmodules.vtkRenderingContextOpenGL2.py", "Python", 2, 0, 0, 0, 0, 0, 0, 0, 0, 0, 0, 0, 11, 3, 16
"c:\Users\makib\Documents\EntornosVirtuales\BaseDeDatosSalonDeBelleza\venv\Lib\site-packages\_pyinstaller_hooks_contrib\stdhooks\hook-vtkmodules.vtkRenderingCore.py", "Python", 2, 0, 0, 0, 0, 0, 0, 0, 0, 0, 0, 0, 11, 3, 16
"c:\Users\makib\Documents\EntornosVirtuales\BaseDeDatosSalonDeBelleza\venv\Lib\site-packages\_pyinstaller_hooks_contrib\stdhooks\hook-vtkmodules.vtkRenderingExternal.py", "Python", 2, 0, 0, 0, 0, 0, 0, 0, 0, 0, 0, 0, 11, 3, 16
"c:\Users\makib\Documents\EntornosVirtuales\BaseDeDatosSalonDeBelleza\venv\Lib\site-packages\_pyinstaller_hooks_contrib\stdhooks\hook-vtkmodules.vtkRenderingFreeType.py", "Python", 2, 0, 0, 0, 0, 0, 0, 0, 0, 0, 0, 0, 11, 3, 16
"c:\Users\makib\Documents\EntornosVirtuales\BaseDeDatosSalonDeBelleza\venv\Lib\site-packages\_pyinstaller_hooks_contrib\stdhooks\hook-vtkmodules.vtkRenderingGL2PSOpenGL2.py", "Python", 2, 0, 0, 0, 0, 0, 0, 0, 0, 0, 0, 0, 11, 3, 16
"c:\Users\makib\Documents\EntornosVirtuales\BaseDeDatosSalonDeBelleza\venv\Lib\site-packages\_pyinstaller_hooks_contrib\stdhooks\hook-vtkmodules.vtkRenderingHyperTreeGrid.py", "Python", 2, 0, 0, 0, 0, 0, 0, 0, 0, 0, 0, 0, 11, 3, 16
"c:\Users\makib\Documents\EntornosVirtuales\BaseDeDatosSalonDeBelleza\venv\Lib\site-packages\_pyinstaller_hooks_contrib\stdhooks\hook-vtkmodules.vtkRenderingImage.py", "Python", 2, 0, 0, 0, 0, 0, 0, 0, 0, 0, 0, 0, 11, 3, 16
"c:\Users\makib\Documents\EntornosVirtuales\BaseDeDatosSalonDeBelleza\venv\Lib\site-packages\_pyinstaller_hooks_contrib\stdhooks\hook-vtkmodules.vtkRenderingLICOpenGL2.py", "Python", 2, 0, 0, 0, 0, 0, 0, 0, 0, 0, 0, 0, 11, 3, 16
"c:\Users\makib\Documents\EntornosVirtuales\BaseDeDatosSalonDeBelleza\venv\Lib\site-packages\_pyinstaller_hooks_contrib\stdhooks\hook-vtkmodules.vtkRenderingLOD.py", "Python", 2, 0, 0, 0, 0, 0, 0, 0, 0, 0, 0, 0, 11, 3, 16
"c:\Users\makib\Documents\EntornosVirtuales\BaseDeDatosSalonDeBelleza\venv\Lib\site-packages\_pyinstaller_hooks_contrib\stdhooks\hook-vtkmodules.vtkRenderingLabel.py", "Python", 2, 0, 0, 0, 0, 0, 0, 0, 0, 0, 0, 0, 11, 3, 16
"c:\Users\makib\Documents\EntornosVirtuales\BaseDeDatosSalonDeBelleza\venv\Lib\site-packages\_pyinstaller_hooks_contrib\stdhooks\hook-vtkmodules.vtkRenderingMatplotlib.py", "Python", 2, 0, 0, 0, 0, 0, 0, 0, 0, 0, 0, 0, 11, 3, 16
"c:\Users\makib\Documents\EntornosVirtuales\BaseDeDatosSalonDeBelleza\venv\Lib\site-packages\_pyinstaller_hooks_contrib\stdhooks\hook-vtkmodules.vtkRenderingOpenGL2.py", "Python", 2, 0, 0, 0, 0, 0, 0, 0, 0, 0, 0, 0, 11, 3, 16
"c:\Users\makib\Documents\EntornosVirtuales\BaseDeDatosSalonDeBelleza\venv\Lib\site-packages\_pyinstaller_hooks_contrib\stdhooks\hook-vtkmodules.vtkRenderingParallel.py", "Python", 2, 0, 0, 0, 0, 0, 0, 0, 0, 0, 0, 0, 11, 3, 16
"c:\Users\makib\Documents\EntornosVirtuales\BaseDeDatosSalonDeBelleza\venv\Lib\site-packages\_pyinstaller_hooks_contrib\stdhooks\hook-vtkmodules.vtkRenderingSceneGraph.py", "Python", 2, 0, 0, 0, 0, 0, 0, 0, 0, 0, 0, 0, 11, 3, 16
"c:\Users\makib\Documents\EntornosVirtuales\BaseDeDatosSalonDeBelleza\venv\Lib\site-packages\_pyinstaller_hooks_contrib\stdhooks\hook-vtkmodules.vtkRenderingUI.py", "Python", 2, 0, 0, 0, 0, 0, 0, 0, 0, 0, 0, 0, 11, 3, 16
"c:\Users\makib\Documents\EntornosVirtuales\BaseDeDatosSalonDeBelleza\venv\Lib\site-packages\_pyinstaller_hooks_contrib\stdhooks\hook-vtkmodules.vtkRenderingVR.py", "Python", 2, 0, 0, 0, 0, 0, 0, 0, 0, 0, 0, 0, 11, 3, 16
"c:\Users\makib\Documents\EntornosVirtuales\BaseDeDatosSalonDeBelleza\venv\Lib\site-packages\_pyinstaller_hooks_contrib\stdhooks\hook-vtkmodules.vtkRenderingVRModels.py", "Python", 2, 0, 0, 0, 0, 0, 0, 0, 0, 0, 0, 0, 11, 3, 16
"c:\Users\makib\Documents\EntornosVirtuales\BaseDeDatosSalonDeBelleza\venv\Lib\site-packages\_pyinstaller_hooks_contrib\stdhooks\hook-vtkmodules.vtkRenderingVolume.py", "Python", 2, 0, 0, 0, 0, 0, 0, 0, 0, 0, 0, 0, 11, 3, 16
"c:\Users\makib\Documents\EntornosVirtuales\BaseDeDatosSalonDeBelleza\venv\Lib\site-packages\_pyinstaller_hooks_contrib\stdhooks\hook-vtkmodules.vtkRenderingVolumeAMR.py", "Python", 2, 0, 0, 0, 0, 0, 0, 0, 0, 0, 0, 0, 11, 3, 16
"c:\Users\makib\Documents\EntornosVirtuales\BaseDeDatosSalonDeBelleza\venv\Lib\site-packages\_pyinstaller_hooks_contrib\stdhooks\hook-vtkmodules.vtkRenderingVolumeOpenGL2.py", "Python", 2, 0, 0, 0, 0, 0, 0, 0, 0, 0, 0, 0, 11, 3, 16
"c:\Users\makib\Documents\EntornosVirtuales\BaseDeDatosSalonDeBelleza\venv\Lib\site-packages\_pyinstaller_hooks_contrib\stdhooks\hook-vtkmodules.vtkRenderingVtkJS.py", "Python", 2, 0, 0, 0, 0, 0, 0, 0, 0, 0, 0, 0, 11, 3, 16
"c:\Users\makib\Documents\EntornosVirtuales\BaseDeDatosSalonDeBelleza\venv\Lib\site-packages\_pyinstaller_hooks_contrib\stdhooks\hook-vtkmodules.vtkSerializationManager.py", "Python", 2, 0, 0, 0, 0, 0, 0, 0, 0, 0, 0, 0, 11, 3, 16
"c:\Users\makib\Documents\EntornosVirtuales\BaseDeDatosSalonDeBelleza\venv\Lib\site-packages\_pyinstaller_hooks_contrib\stdhooks\hook-vtkmodules.vtkTestingRendering.py", "Python", 2, 0, 0, 0, 0, 0, 0, 0, 0, 0, 0, 0, 11, 3, 16
"c:\Users\makib\Documents\EntornosVirtuales\BaseDeDatosSalonDeBelleza\venv\Lib\site-packages\_pyinstaller_hooks_contrib\stdhooks\hook-vtkmodules.vtkViewsContext2D.py", "Python", 2, 0, 0, 0, 0, 0, 0, 0, 0, 0, 0, 0, 11, 3, 16
"c:\Users\makib\Documents\EntornosVirtuales\BaseDeDatosSalonDeBelleza\venv\Lib\site-packages\_pyinstaller_hooks_contrib\stdhooks\hook-vtkmodules.vtkViewsCore.py", "Python", 2, 0, 0, 0, 0, 0, 0, 0, 0, 0, 0, 0, 11, 3, 16
"c:\Users\makib\Documents\EntornosVirtuales\BaseDeDatosSalonDeBelleza\venv\Lib\site-packages\_pyinstaller_hooks_contrib\stdhooks\hook-vtkmodules.vtkViewsInfovis.py", "Python", 2, 0, 0, 0, 0, 0, 0, 0, 0, 0, 0, 0, 11, 3, 16
"c:\Users\makib\Documents\EntornosVirtuales\BaseDeDatosSalonDeBelleza\venv\Lib\site-packages\_pyinstaller_hooks_contrib\stdhooks\hook-vtkmodules.vtkWebCore.py", "Python", 2, 0, 0, 0, 0, 0, 0, 0, 0, 0, 0, 0, 11, 3, 16
"c:\Users\makib\Documents\EntornosVirtuales\BaseDeDatosSalonDeBelleza\venv\Lib\site-packages\_pyinstaller_hooks_contrib\stdhooks\hook-vtkmodules.vtkWebGLExporter.py", "Python", 2, 0, 0, 0, 0, 0, 0, 0, 0, 0, 0, 0, 11, 3, 16
"c:\Users\makib\Documents\EntornosVirtuales\BaseDeDatosSalonDeBelleza\venv\Lib\site-packages\_pyinstaller_hooks_contrib\stdhooks\hook-vtkpython.py", "Python", 13, 0, 0, 0, 0, 0, 0, 0, 0, 0, 0, 0, 11, 2, 26
"c:\Users\makib\Documents\EntornosVirtuales\BaseDeDatosSalonDeBelleza\venv\Lib\site-packages\_pyinstaller_hooks_contrib\stdhooks\hook-wavefile.py", "Python", 5, 0, 0, 0, 0, 0, 0, 0, 0, 0, 0, 0, 11, 3, 19
"c:\Users\makib\Documents\EntornosVirtuales\BaseDeDatosSalonDeBelleza\venv\Lib\site-packages\_pyinstaller_hooks_contrib\stdhooks\hook-weasyprint.py", "Python", 49, 0, 0, 0, 0, 0, 0, 0, 0, 0, 0, 0, 27, 10, 86
"c:\Users\makib\Documents\EntornosVirtuales\BaseDeDatosSalonDeBelleza\venv\Lib\site-packages\_pyinstaller_hooks_contrib\stdhooks\hook-web3.py", "Python", 2, 0, 0, 0, 0, 0, 0, 0, 0, 0, 0, 0, 11, 3, 16
"c:\Users\makib\Documents\EntornosVirtuales\BaseDeDatosSalonDeBelleza\venv\Lib\site-packages\_pyinstaller_hooks_contrib\stdhooks\hook-webassets.py", "Python", 2, 0, 0, 0, 0, 0, 0, 0, 0, 0, 0, 0, 11, 2, 15
"c:\Users\makib\Documents\EntornosVirtuales\BaseDeDatosSalonDeBelleza\venv\Lib\site-packages\_pyinstaller_hooks_contrib\stdhooks\hook-webrtcvad.py", "Python", 2, 0, 0, 0, 0, 0, 0, 0, 0, 0, 0, 0, 11, 3, 16
"c:\Users\makib\Documents\EntornosVirtuales\BaseDeDatosSalonDeBelleza\venv\Lib\site-packages\_pyinstaller_hooks_contrib\stdhooks\hook-websockets.py", "Python", 2, 0, 0, 0, 0, 0, 0, 0, 0, 0, 0, 0, 12, 3, 17
"c:\Users\makib\Documents\EntornosVirtuales\BaseDeDatosSalonDeBelleza\venv\Lib\site-packages\_pyinstaller_hooks_contrib\stdhooks\hook-webview.py", "Python", 5, 0, 0, 0, 0, 0, 0, 0, 0, 0, 0, 0, 12, 4, 21
"c:\Users\makib\Documents\EntornosVirtuales\BaseDeDatosSalonDeBelleza\venv\Lib\site-packages\_pyinstaller_hooks_contrib\stdhooks\hook-win32com.py", "Python", 4, 0, 0, 0, 0, 0, 0, 0, 0, 0, 0, 0, 15, 2, 21
"c:\Users\makib\Documents\EntornosVirtuales\BaseDeDatosSalonDeBelleza\venv\Lib\site-packages\_pyinstaller_hooks_contrib\stdhooks\hook-wordcloud.py", "Python", 2, 0, 0, 0, 0, 0, 0, 0, 0, 0, 0, 0, 11, 3, 16
"c:\Users\makib\Documents\EntornosVirtuales\BaseDeDatosSalonDeBelleza\venv\Lib\site-packages\_pyinstaller_hooks_contrib\stdhooks\hook-workflow.py", "Python", 2, 0, 0, 0, 0, 0, 0, 0, 0, 0, 0, 0, 11, 3, 16
"c:\Users\makib\Documents\EntornosVirtuales\BaseDeDatosSalonDeBelleza\venv\Lib\site-packages\_pyinstaller_hooks_contrib\stdhooks\hook-wx.lib.activex.py", "Python", 2, 0, 0, 0, 0, 0, 0, 0, 0, 0, 0, 0, 12, 3, 17
"c:\Users\makib\Documents\EntornosVirtuales\BaseDeDatosSalonDeBelleza\venv\Lib\site-packages\_pyinstaller_hooks_contrib\stdhooks\hook-wx.lib.pubsub.py", "Python", 2, 0, 0, 0, 0, 0, 0, 0, 0, 0, 0, 0, 11, 3, 16
"c:\Users\makib\Documents\EntornosVirtuales\BaseDeDatosSalonDeBelleza\venv\Lib\site-packages\_pyinstaller_hooks_contrib\stdhooks\hook-wx.xrc.py", "Python", 1, 0, 0, 0, 0, 0, 0, 0, 0, 0, 0, 0, 11, 2, 14
"c:\Users\makib\Documents\EntornosVirtuales\BaseDeDatosSalonDeBelleza\venv\Lib\site-packages\_pyinstaller_hooks_contrib\stdhooks\hook-xarray.py", "Python", 10, 0, 0, 0, 0, 0, 0, 0, 0, 0, 0, 0, 15, 6, 31
"c:\Users\makib\Documents\EntornosVirtuales\BaseDeDatosSalonDeBelleza\venv\Lib\site-packages\_pyinstaller_hooks_contrib\stdhooks\hook-xml.dom.html.HTMLDocument.py", "Python", 54, 0, 0, 0, 0, 0, 0, 0, 0, 0, 0, 0, 12, 2, 68
"c:\Users\makib\Documents\EntornosVirtuales\BaseDeDatosSalonDeBelleza\venv\Lib\site-packages\_pyinstaller_hooks_contrib\stdhooks\hook-xml.sax.saxexts.py", "Python", 12, 0, 0, 0, 0, 0, 0, 0, 0, 0, 0, 0, 12, 2, 26
"c:\Users\makib\Documents\EntornosVirtuales\BaseDeDatosSalonDeBelleza\venv\Lib\site-packages\_pyinstaller_hooks_contrib\stdhooks\hook-xmldiff.py", "Python", 2, 0, 0, 0, 0, 0, 0, 0, 0, 0, 0, 0, 12, 3, 17
"c:\Users\makib\Documents\EntornosVirtuales\BaseDeDatosSalonDeBelleza\venv\Lib\site-packages\_pyinstaller_hooks_contrib\stdhooks\hook-xmlschema.py", "Python", 2, 0, 0, 0, 0, 0, 0, 0, 0, 0, 0, 0, 13, 3, 18
"c:\Users\makib\Documents\EntornosVirtuales\BaseDeDatosSalonDeBelleza\venv\Lib\site-packages\_pyinstaller_hooks_contrib\stdhooks\hook-xsge_gui.py", "Python", 2, 0, 0, 0, 0, 0, 0, 0, 0, 0, 0, 0, 12, 4, 18
"c:\Users\makib\Documents\EntornosVirtuales\BaseDeDatosSalonDeBelleza\venv\Lib\site-packages\_pyinstaller_hooks_contrib\stdhooks\hook-xyzservices.py", "Python", 2, 0, 0, 0, 0, 0, 0, 0, 0, 0, 0, 0, 11, 3, 16
"c:\Users\makib\Documents\EntornosVirtuales\BaseDeDatosSalonDeBelleza\venv\Lib\site-packages\_pyinstaller_hooks_contrib\stdhooks\hook-yapf_third_party.py", "Python", 2, 0, 0, 0, 0, 0, 0, 0, 0, 0, 0, 0, 11, 3, 16
"c:\Users\makib\Documents\EntornosVirtuales\BaseDeDatosSalonDeBelleza\venv\Lib\site-packages\_pyinstaller_hooks_contrib\stdhooks\hook-z3c.rml.py", "Python", 9, 0, 0, 0, 0, 0, 0, 0, 0, 0, 0, 0, 14, 3, 26
"c:\Users\makib\Documents\EntornosVirtuales\BaseDeDatosSalonDeBelleza\venv\Lib\site-packages\_pyinstaller_hooks_contrib\stdhooks\hook-zarr.py", "Python", 2, 0, 0, 0, 0, 0, 0, 0, 0, 0, 0, 0, 11, 3, 16
"c:\Users\makib\Documents\EntornosVirtuales\BaseDeDatosSalonDeBelleza\venv\Lib\site-packages\_pyinstaller_hooks_contrib\stdhooks\hook-zeep.py", "Python", 2, 0, 0, 0, 0, 0, 0, 0, 0, 0, 0, 0, 13, 4, 19
"c:\Users\makib\Documents\EntornosVirtuales\BaseDeDatosSalonDeBelleza\venv\Lib\site-packages\_pyinstaller_hooks_contrib\stdhooks\hook-zmq.py", "Python", 25, 0, 0, 0, 0, 0, 0, 0, 0, 0, 0, 0, 32, 7, 64
"c:\Users\makib\Documents\EntornosVirtuales\BaseDeDatosSalonDeBelleza\venv\Lib\site-packages\_pyinstaller_hooks_contrib\stdhooks\hook-zoneinfo.py", "Python", 3, 0, 0, 0, 0, 0, 0, 0, 0, 0, 0, 0, 13, 3, 19
"c:\Users\makib\Documents\EntornosVirtuales\BaseDeDatosSalonDeBelleza\venv\Lib\site-packages\_pyinstaller_hooks_contrib\utils\__init__.py", "Python", 0, 0, 0, 0, 0, 0, 0, 0, 0, 0, 0, 0, 1, 1, 2
"c:\Users\makib\Documents\EntornosVirtuales\BaseDeDatosSalonDeBelleza\venv\Lib\site-packages\_pyinstaller_hooks_contrib\utils\nvidia_cuda.py", "Python", 39, 0, 0, 0, 0, 0, 0, 0, 0, 0, 0, 0, 24, 15, 78
"c:\Users\makib\Documents\EntornosVirtuales\BaseDeDatosSalonDeBelleza\venv\Lib\site-packages\_pyinstaller_hooks_contrib\utils\vtkmodules.py", "Python", 575, 0, 0, 0, 0, 0, 0, 0, 0, 0, 0, 0, 9, 5, 589
"c:\Users\makib\Documents\EntornosVirtuales\BaseDeDatosSalonDeBelleza\venv\Lib\site-packages\altgraph\Dot.py", "Python", 234, 0, 0, 0, 0, 0, 0, 0, 0, 0, 0, 0, 18, 70, 322
"c:\Users\makib\Documents\EntornosVirtuales\BaseDeDatosSalonDeBelleza\venv\Lib\site-packages\altgraph\Graph.py", "Python", 544, 0, 0, 0, 0, 0, 0, 0, 0, 0, 0, 0, 26, 113, 683
"c:\Users\makib\Documents\EntornosVirtuales\BaseDeDatosSalonDeBelleza\venv\Lib\site-packages\altgraph\GraphAlgo.py", "Python", 141, 0, 0, 0, 0, 0, 0, 0, 0, 0, 0, 0, 3, 28, 172
"c:\Users\makib\Documents\EntornosVirtuales\BaseDeDatosSalonDeBelleza\venv\Lib\site-packages\altgraph\GraphStat.py", "Python", 51, 0, 0, 0, 0, 0, 0, 0, 0, 0, 0, 0, 3, 20, 74
"c:\Users\makib\Documents\EntornosVirtuales\BaseDeDatosSalonDeBelleza\venv\Lib\site-packages\altgraph\GraphUtil.py", "Python", 101, 0, 0, 0, 0, 0, 0, 0, 0, 0, 0, 0, 8, 31, 140
"c:\Users\makib\Documents\EntornosVirtuales\BaseDeDatosSalonDeBelleza\venv\Lib\site-packages\altgraph\ObjectGraph.py", "Python", 181, 0, 0, 0, 0, 0, 0, 0, 0, 0, 0, 0, 0, 32, 213
"c:\Users\makib\Documents\EntornosVirtuales\BaseDeDatosSalonDeBelleza\venv\Lib\site-packages\altgraph\__init__.py", "Python", 94, 0, 0, 0, 0, 0, 0, 0, 0, 0, 0, 0, 5, 50, 149
"c:\Users\makib\Documents\EntornosVirtuales\BaseDeDatosSalonDeBelleza\venv\Lib\site-packages\bcrypt\__init__.py", "Python", 30, 0, 0, 0, 0, 0, 0, 0, 0, 0, 0, 0, 11, 3, 44
"c:\Users\makib\Documents\EntornosVirtuales\BaseDeDatosSalonDeBelleza\venv\Lib\site-packages\bcrypt\__init__.pyi", "Python", 10, 0, 0, 0, 0, 0, 0, 0, 0, 0, 0, 0, 0, 1, 11
"c:\Users\makib\Documents\EntornosVirtuales\BaseDeDatosSalonDeBelleza\venv\Lib\site-packages\mysql\__init__.py", "Python", 0, 0, 0, 0, 0, 0, 0, 0, 0, 0, 0, 0, 0, 1, 1
"c:\Users\makib\Documents\EntornosVirtuales\BaseDeDatosSalonDeBelleza\venv\Lib\site-packages\mysql\connector\__init__.py", "Python", 88, 0, 0, 0, 0, 0, 0, 0, 0, 0, 0, 0, 31, 9, 128
"c:\Users\makib\Documents\EntornosVirtuales\BaseDeDatosSalonDeBelleza\venv\Lib\site-packages\mysql\connector\_decorating.py", "Python", 63, 0, 0, 0, 0, 0, 0, 0, 0, 0, 0, 0, 27, 22, 112
"c:\Users\makib\Documents\EntornosVirtuales\BaseDeDatosSalonDeBelleza\venv\Lib\site-packages\mysql\connector\_scripting.py", "Python", 274, 0, 0, 0, 0, 0, 0, 0, 0, 0, 0, 0, 57, 76, 407
"c:\Users\makib\Documents\EntornosVirtuales\BaseDeDatosSalonDeBelleza\venv\Lib\site-packages\mysql\connector\abstracts.py", "Python", 2599, 0, 0, 0, 0, 0, 0, 0, 0, 0, 0, 0, 104, 510, 3213
"c:\Users\makib\Documents\EntornosVirtuales\BaseDeDatosSalonDeBelleza\venv\Lib\site-packages\mysql\connector\aio\__init__.py", "Python", 188, 0, 0, 0, 0, 0, 0, 0, 0, 0, 0, 0, 32, 36, 256
"c:\Users\makib\Documents\EntornosVirtuales\BaseDeDatosSalonDeBelleza\venv\Lib\site-packages\mysql\connector\aio\_decorating.py", "Python", 64, 0, 0, 0, 0, 0, 0, 0, 0, 0, 0, 0, 27, 22, 113
"c:\Users\makib\Documents\EntornosVirtuales\BaseDeDatosSalonDeBelleza\venv\Lib\site-packages\mysql\connector\aio\abstracts.py", "Python", 2058, 0, 0, 0, 0, 0, 0, 0, 0, 0, 0, 0, 80, 393, 2531
"c:\Users\makib\Documents\EntornosVirtuales\BaseDeDatosSalonDeBelleza\venv\Lib\site-packages\mysql\connector\aio\authentication.py", "Python", 252, 0, 0, 0, 0, 0, 0, 0, 0, 0, 0, 0, 31, 53, 336
"c:\Users\makib\Documents\EntornosVirtuales\BaseDeDatosSalonDeBelleza\venv\Lib\site-packages\mysql\connector\aio\charsets.py", "Python", 625, 0, 0, 0, 0, 0, 0, 0, 0, 0, 0, 0, 27, 35, 687
"c:\Users\makib\Documents\EntornosVirtuales\BaseDeDatosSalonDeBelleza\venv\Lib\site-packages\mysql\connector\aio\connection.py", "Python", 1289, 0, 0, 0, 0, 0, 0, 0, 0, 0, 0, 0, 63, 180, 1532
"c:\Users\makib\Documents\EntornosVirtuales\BaseDeDatosSalonDeBelleza\venv\Lib\site-packages\mysql\connector\aio\cursor.py", "Python", 1129, 0, 0, 0, 0, 0, 0, 0, 0, 0, 0, 0, 64, 204, 1397
"c:\Users\makib\Documents\EntornosVirtuales\BaseDeDatosSalonDeBelleza\venv\Lib\site-packages\mysql\connector\aio\logger.py", "Python", 3, 0, 0, 0, 0, 0, 0, 0, 0, 0, 0, 0, 27, 4, 34
"c:\Users\makib\Documents\EntornosVirtuales\BaseDeDatosSalonDeBelleza\venv\Lib\site-packages\mysql\connector\aio\network.py", "Python", 583, 0, 0, 0, 0, 0, 0, 0, 0, 0, 0, 0, 73, 106, 762
"c:\Users\makib\Documents\EntornosVirtuales\BaseDeDatosSalonDeBelleza\venv\Lib\site-packages\mysql\connector\aio\plugins\__init__.py", "Python", 107, 0, 0, 0, 0, 0, 0, 0, 0, 0, 0, 0, 27, 29, 163
"c:\Users\makib\Documents\EntornosVirtuales\BaseDeDatosSalonDeBelleza\venv\Lib\site-packages\mysql\connector\aio\plugins\authentication_kerberos_client.py", "Python", 414, 0, 0, 0, 0, 0, 0, 0, 0, 0, 0, 0, 54, 110, 578
"c:\Users\makib\Documents\EntornosVirtuales\BaseDeDatosSalonDeBelleza\venv\Lib\site-packages\mysql\connector\aio\plugins\authentication_ldap_sasl_client.py", "Python", 457, 0, 0, 0, 0, 0, 0, 0, 0, 0, 0, 0, 47, 92, 596
"c:\Users\makib\Documents\EntornosVirtuales\BaseDeDatosSalonDeBelleza\venv\Lib\site-packages\mysql\connector\aio\plugins\authentication_oci_client.py", "Python", 161, 0, 0, 0, 0, 0, 0, 0, 0, 0, 0, 0, 36, 38, 235
"c:\Users\makib\Documents\EntornosVirtuales\BaseDeDatosSalonDeBelleza\venv\Lib\site-packages\mysql\connector\aio\plugins\authentication_openid_connect_client.py", "Python", 111, 0, 0, 0, 0, 0, 0, 0, 0, 0, 0, 0, 33, 29, 173
"c:\Users\makib\Documents\EntornosVirtuales\BaseDeDatosSalonDeBelleza\venv\Lib\site-packages\mysql\connector\aio\plugins\authentication_webauthn_client.py", "Python", 182, 0, 0, 0, 0, 0, 0, 0, 0, 0, 0, 0, 50, 60, 292
"c:\Users\makib\Documents\EntornosVirtuales\BaseDeDatosSalonDeBelleza\venv\Lib\site-packages\mysql\connector\aio\plugins\caching_sha2_password.py", "Python", 101, 0, 0, 0, 0, 0, 0, 0, 0, 0, 0, 0, 28, 32, 161
"c:\Users\makib\Documents\EntornosVirtuales\BaseDeDatosSalonDeBelleza\venv\Lib\site-packages\mysql\connector\aio\plugins\mysql_clear_password.py", "Python", 57, 0, 0, 0, 0, 0, 0, 0, 0, 0, 0, 0, 27, 22, 106
"c:\Users\makib\Documents\EntornosVirtuales\BaseDeDatosSalonDeBelleza\venv\Lib\site-packages\mysql\connector\aio\plugins\mysql_native_password.py", "Python", 70, 0, 0, 0, 0, 0, 0, 0, 0, 0, 0, 0, 27, 25, 122
"c:\Users\makib\Documents\EntornosVirtuales\BaseDeDatosSalonDeBelleza\venv\Lib\site-packages\mysql\connector\aio\plugins\sha256_password.py", "Python", 60, 0, 0, 0, 0, 0, 0, 0, 0, 0, 0, 0, 27, 23, 110
"c:\Users\makib\Documents\EntornosVirtuales\BaseDeDatosSalonDeBelleza\venv\Lib\site-packages\mysql\connector\aio\protocol.py", "Python", 249, 0, 0, 0, 0, 0, 0, 0, 0, 0, 0, 0, 36, 41, 326
"c:\Users\makib\Documents\EntornosVirtuales\BaseDeDatosSalonDeBelleza\venv\Lib\site-packages\mysql\connector\aio\utils.py", "Python", 97, 0, 0, 0, 0, 0, 0, 0, 0, 0, 0, 0, 30, 29, 156
"c:\Users\makib\Documents\EntornosVirtuales\BaseDeDatosSalonDeBelleza\venv\Lib\site-packages\mysql\connector\authentication.py", "Python", 295, 0, 0, 0, 0, 0, 0, 0, 0, 0, 0, 0, 32, 59, 386
"c:\Users\makib\Documents\EntornosVirtuales\BaseDeDatosSalonDeBelleza\venv\Lib\site-packages\mysql\connector\charsets.py", "Python", 583, 0, 0, 0, 0, 0, 0, 0, 0, 0, 0, 0, 31, 7, 621
"c:\Users\makib\Documents\EntornosVirtuales\BaseDeDatosSalonDeBelleza\venv\Lib\site-packages\mysql\connector\connection.py", "Python", 1480, 0, 0, 0, 0, 0, 0, 0, 0, 0, 0, 0, 67, 237, 1784
"c:\Users\makib\Documents\EntornosVirtuales\BaseDeDatosSalonDeBelleza\venv\Lib\site-packages\mysql\connector\connection_cext.py", "Python", 969, 0, 0, 0, 0, 0, 0, 0, 0, 0, 0, 0, 53, 149, 1171
"c:\Users\makib\Documents\EntornosVirtuales\BaseDeDatosSalonDeBelleza\venv\Lib\site-packages\mysql\connector\constants.py", "Python", 976, 0, 0, 0, 0, 0, 0, 0, 0, 0, 0, 0, 35, 132, 1143
"c:\Users\makib\Documents\EntornosVirtuales\BaseDeDatosSalonDeBelleza\venv\Lib\site-packages\mysql\connector\conversion.py", "Python", 614, 0, 0, 0, 0, 0, 0, 0, 0, 0, 0, 0, 47, 112, 773
"c:\Users\makib\Documents\EntornosVirtuales\BaseDeDatosSalonDeBelleza\venv\Lib\site-packages\mysql\connector\cursor.py", "Python", 1211, 0, 0, 0, 0, 0, 0, 0, 0, 0, 0, 0, 63, 220, 1494
"c:\Users\makib\Documents\EntornosVirtuales\BaseDeDatosSalonDeBelleza\venv\Lib\site-packages\mysql\connector\cursor_cext.py", "Python", 1004, 0, 0, 0, 0, 0, 0, 0, 0, 0, 0, 0, 68, 210, 1282
"c:\Users\makib\Documents\EntornosVirtuales\BaseDeDatosSalonDeBelleza\venv\Lib\site-packages\mysql\connector\custom_types.py", "Python", 15, 0, 0, 0, 0, 0, 0, 0, 0, 0, 0, 0, 27, 8, 50
"c:\Users\makib\Documents\EntornosVirtuales\BaseDeDatosSalonDeBelleza\venv\Lib\site-packages\mysql\connector\dbapi.py", "Python", 41, 0, 0, 0, 0, 0, 0, 0, 0, 0, 0, 0, 29, 23, 93
"c:\Users\makib\Documents\EntornosVirtuales\BaseDeDatosSalonDeBelleza\venv\Lib\site-packages\mysql\connector\django\__init__.py", "Python", 0, 0, 0, 0, 0, 0, 0, 0, 0, 0, 0, 0, 0, 1, 1
"c:\Users\makib\Documents\EntornosVirtuales\BaseDeDatosSalonDeBelleza\venv\Lib\site-packages\mysql\connector\django\base.py", "Python", 509, 0, 0, 0, 0, 0, 0, 0, 0, 0, 0, 0, 61, 84, 654
"c:\Users\makib\Documents\EntornosVirtuales\BaseDeDatosSalonDeBelleza\venv\Lib\site-packages\mysql\connector\django\client.py", "Python", 57, 0, 0, 0, 0, 0, 0, 0, 0, 0, 0, 0, 29, 21, 107
"c:\Users\makib\Documents\EntornosVirtuales\BaseDeDatosSalonDeBelleza\venv\Lib\site-packages\mysql\connector\django\compiler.py", "Python", 15, 0, 0, 0, 0, 0, 0, 0, 0, 0, 0, 0, 27, 4, 46
"c:\Users\makib\Documents\EntornosVirtuales\BaseDeDatosSalonDeBelleza\venv\Lib\site-packages\mysql\connector\django\creation.py", "Python", 3, 0, 0, 0, 0, 0, 0, 0, 0, 0, 0, 0, 27, 4, 34
"c:\Users\makib\Documents\EntornosVirtuales\BaseDeDatosSalonDeBelleza\venv\Lib\site-packages\mysql\connector\django\features.py", "Python", 15, 0, 0, 0, 0, 0, 0, 0, 0, 0, 0, 0, 27, 9, 51
"c:\Users\makib\Documents\EntornosVirtuales\BaseDeDatosSalonDeBelleza\venv\Lib\site-packages\mysql\connector\django\introspection.py", "Python", 371, 0, 0, 0, 0, 0, 0, 0, 0, 0, 0, 0, 65, 26, 462
"c:\Users\makib\Documents\EntornosVirtuales\BaseDeDatosSalonDeBelleza\venv\Lib\site-packages\mysql\connector\django\operations.py", "Python", 58, 0, 0, 0, 0, 0, 0, 0, 0, 0, 0, 0, 30, 17, 105
"c:\Users\makib\Documents\EntornosVirtuales\BaseDeDatosSalonDeBelleza\venv\Lib\site-packages\mysql\connector\django\schema.py", "Python", 23, 0, 0, 0, 0, 0, 0, 0, 0, 0, 0, 0, 28, 9, 60
"c:\Users\makib\Documents\EntornosVirtuales\BaseDeDatosSalonDeBelleza\venv\Lib\site-packages\mysql\connector\django\validation.py", "Python", 3, 0, 0, 0, 0, 0, 0, 0, 0, 0, 0, 0, 27, 4, 34
"c:\Users\makib\Documents\EntornosVirtuales\BaseDeDatosSalonDeBelleza\venv\Lib\site-packages\mysql\connector\errorcode.py", "Python", 1839, 0, 0, 0, 0, 0, 0, 0, 0, 0, 0, 0, 33, 6, 1878
"c:\Users\makib\Documents\EntornosVirtuales\BaseDeDatosSalonDeBelleza\venv\Lib\site-packages\mysql\connector\errors.py", "Python", 280, 0, 0, 0, 0, 0, 0, 0, 0, 0, 0, 0, 37, 77, 394
"c:\Users\makib\Documents\EntornosVirtuales\BaseDeDatosSalonDeBelleza\venv\Lib\site-packages\mysql\connector\locales\__init__.py", "Python", 40, 0, 0, 0, 0, 0, 0, 0, 0, 0, 0, 0, 27, 14, 81
"c:\Users\makib\Documents\EntornosVirtuales\BaseDeDatosSalonDeBelleza\venv\Lib\site-packages\mysql\connector\locales\eng\__init__.py", "Python", 2, 0, 0, 0, 0, 0, 0, 0, 0, 0, 0, 0, 27, 2, 31
"c:\Users\makib\Documents\EntornosVirtuales\BaseDeDatosSalonDeBelleza\venv\Lib\site-packages\mysql\connector\locales\eng\client_error.py", "Python", 116, 0, 0, 0, 0, 0, 0, 0, 0, 0, 0, 0, 32, 5, 153
"c:\Users\makib\Documents\EntornosVirtuales\BaseDeDatosSalonDeBelleza\venv\Lib\site-packages\mysql\connector\logger.py", "Python", 3, 0, 0, 0, 0, 0, 0, 0, 0, 0, 0, 0, 27, 4, 34
"c:\Users\makib\Documents\EntornosVirtuales\BaseDeDatosSalonDeBelleza\venv\Lib\site-packages\mysql\connector\network.py", "Python", 619, 0, 0, 0, 0, 0, 0, 0, 0, 0, 0, 0, 80, 113, 812
"c:\Users\makib\Documents\EntornosVirtuales\BaseDeDatosSalonDeBelleza\venv\Lib\site-packages\mysql\connector\opentelemetry\__init__.py", "Python", 0, 0, 0, 0, 0, 0, 0, 0, 0, 0, 0, 0, 0, 1, 1
"c:\Users\makib\Documents\EntornosVirtuales\BaseDeDatosSalonDeBelleza\venv\Lib\site-packages\mysql\connector\opentelemetry\constants.py", "Python", 35, 0, 0, 0, 0, 0, 0, 0, 0, 0, 0, 0, 32, 11, 78
"c:\Users\makib\Documents\EntornosVirtuales\BaseDeDatosSalonDeBelleza\venv\Lib\site-packages\mysql\connector\opentelemetry\context_propagation.py", "Python", 55, 0, 0, 0, 0, 0, 0, 0, 0, 0, 0, 0, 33, 25, 113
"c:\Users\makib\Documents\EntornosVirtuales\BaseDeDatosSalonDeBelleza\venv\Lib\site-packages\mysql\connector\opentelemetry\instrumentation.py", "Python", 487, 0, 0, 0, 0, 0, 0, 0, 0, 0, 0, 0, 62, 138, 687
"c:\Users\makib\Documents\EntornosVirtuales\BaseDeDatosSalonDeBelleza\venv\Lib\site-packages\mysql\connector\optionfiles.py", "Python", 283, 0, 0, 0, 0, 0, 0, 0, 0, 0, 0, 0, 30, 55, 368
"c:\Users\makib\Documents\EntornosVirtuales\BaseDeDatosSalonDeBelleza\venv\Lib\site-packages\mysql\connector\plugins\__init__.py", "Python", 106, 0, 0, 0, 0, 0, 0, 0, 0, 0, 0, 0, 27, 28, 161
"c:\Users\makib\Documents\EntornosVirtuales\BaseDeDatosSalonDeBelleza\venv\Lib\site-packages\mysql\connector\plugins\authentication_kerberos_client.py", "Python", 414, 0, 0, 0, 0, 0, 0, 0, 0, 0, 0, 0, 54, 109, 577
"c:\Users\makib\Documents\EntornosVirtuales\BaseDeDatosSalonDeBelleza\venv\Lib\site-packages\mysql\connector\plugins\authentication_ldap_sasl_client.py", "Python", 457, 0, 0, 0, 0, 0, 0, 0, 0, 0, 0, 0, 47, 92, 596
"c:\Users\makib\Documents\EntornosVirtuales\BaseDeDatosSalonDeBelleza\venv\Lib\site-packages\mysql\connector\plugins\authentication_oci_client.py", "Python", 161, 0, 0, 0, 0, 0, 0, 0, 0, 0, 0, 0, 36, 38, 235
"c:\Users\makib\Documents\EntornosVirtuales\BaseDeDatosSalonDeBelleza\venv\Lib\site-packages\mysql\connector\plugins\authentication_openid_connect_client.py", "Python", 112, 0, 0, 0, 0, 0, 0, 0, 0, 0, 0, 0, 33, 29, 174
"c:\Users\makib\Documents\EntornosVirtuales\BaseDeDatosSalonDeBelleza\venv\Lib\site-packages\mysql\connector\plugins\authentication_webauthn_client.py", "Python", 182, 0, 0, 0, 0, 0, 0, 0, 0, 0, 0, 0, 50, 59, 291
"c:\Users\makib\Documents\EntornosVirtuales\BaseDeDatosSalonDeBelleza\venv\Lib\site-packages\mysql\connector\plugins\caching_sha2_password.py", "Python", 101, 0, 0, 0, 0, 0, 0, 0, 0, 0, 0, 0, 28, 31, 160
"c:\Users\makib\Documents\EntornosVirtuales\BaseDeDatosSalonDeBelleza\venv\Lib\site-packages\mysql\connector\plugins\mysql_clear_password.py", "Python", 57, 0, 0, 0, 0, 0, 0, 0, 0, 0, 0, 0, 27, 21, 105
"c:\Users\makib\Documents\EntornosVirtuales\BaseDeDatosSalonDeBelleza\venv\Lib\site-packages\mysql\connector\plugins\mysql_native_password.py", "Python", 70, 0, 0, 0, 0, 0, 0, 0, 0, 0, 0, 0, 27, 24, 121
"c:\Users\makib\Documents\EntornosVirtuales\BaseDeDatosSalonDeBelleza\venv\Lib\site-packages\mysql\connector\plugins\sha256_password.py", "Python", 60, 0, 0, 0, 0, 0, 0, 0, 0, 0, 0, 0, 27, 22, 109
"c:\Users\makib\Documents\EntornosVirtuales\BaseDeDatosSalonDeBelleza\venv\Lib\site-packages\mysql\connector\pooling.py", "Python", 544, 0, 0, 0, 0, 0, 0, 0, 0, 0, 0, 0, 41, 115, 700
"c:\Users\makib\Documents\EntornosVirtuales\BaseDeDatosSalonDeBelleza\venv\Lib\site-packages\mysql\connector\protocol.py", "Python", 967, 0, 0, 0, 0, 0, 0, 0, 0, 0, 0, 0, 50, 138, 1155
"c:\Users\makib\Documents\EntornosVirtuales\BaseDeDatosSalonDeBelleza\venv\Lib\site-packages\mysql\connector\tls_ciphers.py", "Python", 128, 0, 0, 0, 0, 0, 0, 0, 0, 0, 0, 0, 30, 11, 169
"c:\Users\makib\Documents\EntornosVirtuales\BaseDeDatosSalonDeBelleza\venv\Lib\site-packages\mysql\connector\types.py", "Python", 151, 0, 0, 0, 0, 0, 0, 0, 0, 0, 0, 0, 28, 35, 214
"c:\Users\makib\Documents\EntornosVirtuales\BaseDeDatosSalonDeBelleza\venv\Lib\site-packages\mysql\connector\utils.py", "Python", 567, 0, 0, 0, 0, 0, 0, 0, 0, 0, 0, 0, 48, 146, 761
"c:\Users\makib\Documents\EntornosVirtuales\BaseDeDatosSalonDeBelleza\venv\Lib\site-packages\mysql\connector\version.py", "Python", 12, 0, 0, 0, 0, 0, 0, 0, 0, 0, 0, 0, 29, 6, 47
"c:\Users\makib\Documents\EntornosVirtuales\BaseDeDatosSalonDeBelleza\venv\Lib\site-packages\ordlookup\__init__.py", "Python", 28, 0, 0, 0, 0, 0, 0, 0, 0, 0, 0, 0, 0, 7, 35
"c:\Users\makib\Documents\EntornosVirtuales\BaseDeDatosSalonDeBelleza\venv\Lib\site-packages\ordlookup\oleaut32.py", "Python", 400, 0, 0, 0, 0, 0, 0, 0, 0, 0, 0, 0, 0, 1, 401
"c:\Users\makib\Documents\EntornosVirtuales\BaseDeDatosSalonDeBelleza\venv\Lib\site-packages\ordlookup\ws2_32.py", "Python", 119, 0, 0, 0, 0, 0, 0, 0, 0, 0, 0, 0, 0, 1, 120
"c:\Users\makib\Documents\EntornosVirtuales\BaseDeDatosSalonDeBelleza\venv\Lib\site-packages\packaging\__init__.py", "Python", 8, 0, 0, 0, 0, 0, 0, 0, 0, 0, 0, 0, 3, 5, 16
"c:\Users\makib\Documents\EntornosVirtuales\BaseDeDatosSalonDeBelleza\venv\Lib\site-packages\packaging\_elffile.py", "Python", 85, 0, 0, 0, 0, 0, 0, 0, 0, 0, 0, 0, 3, 22, 110
"c:\Users\makib\Documents\EntornosVirtuales\BaseDeDatosSalonDeBelleza\venv\Lib\site-packages\packaging\_manylinux.py", "Python", 176, 0, 0, 0, 0, 0, 0, 0, 0, 0, 0, 0, 48, 39, 263
"c:\Users\makib\Documents\EntornosVirtuales\BaseDeDatosSalonDeBelleza\venv\Lib\site-packages\packaging\_musllinux.py", "Python", 65, 0, 0, 0, 0, 0, 0, 0, 0, 0, 0, 0, 0, 21, 86
"c:\Users\makib\Documents\EntornosVirtuales\BaseDeDatosSalonDeBelleza\venv\Lib\site-packages\packaging\_parser.py", "Python", 266, 0, 0, 0, 0, 0, 0, 0, 0, 0, 0, 0, 7, 81, 354
"c:\Users\makib\Documents\EntornosVirtuales\BaseDeDatosSalonDeBelleza\venv\Lib\site-packages\packaging\_structures.py", "Python", 36, 0, 0, 0, 0, 0, 0, 0, 0, 0, 0, 0, 3, 23, 62
"c:\Users\makib\Documents\EntornosVirtuales\BaseDeDatosSalonDeBelleza\venv\Lib\site-packages\packaging\_tokenizer.py", "Python", 164, 0, 0, 0, 0, 0, 0, 0, 0, 0, 0, 0, 0, 32, 196
"c:\Users\makib\Documents\EntornosVirtuales\BaseDeDatosSalonDeBelleza\venv\Lib\site-packages\packaging\licenses\__init__.py", "Python", 84, 0, 0, 0, 0, 0, 0, 0, 0, 0, 0, 0, 39, 23, 146
"c:\Users\makib\Documents\EntornosVirtuales\BaseDeDatosSalonDeBelleza\venv\Lib\site-packages\packaging\licenses\_spdx.py", "Python", 751, 0, 0, 0, 0, 0, 0, 0, 0, 0, 0, 0, 0, 9, 760
"c:\Users\makib\Documents\EntornosVirtuales\BaseDeDatosSalonDeBelleza\venv\Lib\site-packages\packaging\markers.py", "Python", 262, 0, 0, 0, 0, 0, 0, 0, 0, 0, 0, 0, 33, 68, 363
"c:\Users\makib\Documents\EntornosVirtuales\BaseDeDatosSalonDeBelleza\venv\Lib\site-packages\packaging\metadata.py", "Python", 590, 0, 0, 0, 0, 0, 0, 0, 0, 0, 0, 0, 167, 106, 863
"c:\Users\makib\Documents\EntornosVirtuales\BaseDeDatosSalonDeBelleza\venv\Lib\site-packages\packaging\requirements.py", "Python", 64, 0, 0, 0, 0, 0, 0, 0, 0, 0, 0, 0, 7, 21, 92
"c:\Users\makib\Documents\EntornosVirtuales\BaseDeDatosSalonDeBelleza\venv\Lib\site-packages\packaging\specifiers.py", "Python", 688, 0, 0, 0, 0, 0, 0, 0, 0, 0, 0, 0, 154, 178, 1020
"c:\Users\makib\Documents\EntornosVirtuales\BaseDeDatosSalonDeBelleza\venv\Lib\site-packages\packaging\tags.py", "Python", 482, 0, 0, 0, 0, 0, 0, 0, 0, 0, 0, 0, 63, 112, 657
"c:\Users\makib\Documents\EntornosVirtuales\BaseDeDatosSalonDeBelleza\venv\Lib\site-packages\packaging\utils.py", "Python", 116, 0, 0, 0, 0, 0, 0, 0, 0, 0, 0, 0, 10, 38, 164
"c:\Users\makib\Documents\EntornosVirtuales\BaseDeDatosSalonDeBelleza\venv\Lib\site-packages\packaging\version.py", "Python", 420, 0, 0, 0, 0, 0, 0, 0, 0, 0, 0, 0, 48, 115, 583
"c:\Users\makib\Documents\EntornosVirtuales\BaseDeDatosSalonDeBelleza\venv\Lib\site-packages\pefile.py", "Python", 5945, 0, 0, 0, 0, 0, 0, 0, 0, 0, 0, 0, 612, 1297, 7854
"c:\Users\makib\Documents\EntornosVirtuales\BaseDeDatosSalonDeBelleza\venv\Lib\site-packages\peutils.py", "Python", 315, 0, 0, 0, 0, 0, 0, 0, 0, 0, 0, 0, 136, 135, 586
"c:\Users\makib\Documents\EntornosVirtuales\BaseDeDatosSalonDeBelleza\venv\Lib\site-packages\pip\__init__.py", "Python", 8, 0, 0, 0, 0, 0, 0, 0, 0, 0, 0, 0, 0, 6, 14
"c:\Users\makib\Documents\EntornosVirtuales\BaseDeDatosSalonDeBelleza\venv\Lib\site-packages\pip\__main__.py", "Python", 10, 0, 0, 0, 0, 0, 0, 0, 0, 0, 0, 0, 10, 5, 25
"c:\Users\makib\Documents\EntornosVirtuales\BaseDeDatosSalonDeBelleza\venv\Lib\site-packages\pip\__pip-runner__.py", "Python", 29, 0, 0, 0, 0, 0, 0, 0, 0, 0, 0, 0, 4, 18, 51
"c:\Users\makib\Documents\EntornosVirtuales\BaseDeDatosSalonDeBelleza\venv\Lib\site-packages\pip\_internal\__init__.py", "Python", 10, 0, 0, 0, 0, 0, 0, 0, 0, 0, 0, 0, 2, 7, 19
"c:\Users\makib\Documents\EntornosVirtuales\BaseDeDatosSalonDeBelleza\venv\Lib\site-packages\pip\_internal\build_env.py", "Python", 252, 0, 0, 0, 0, 0, 0, 0, 0, 0, 0, 0, 15, 45, 312
"c:\Users\makib\Documents\EntornosVirtuales\BaseDeDatosSalonDeBelleza\venv\Lib\site-packages\pip\_internal\cache.py", "Python", 221, 0, 0, 0, 0, 0, 0, 0, 0, 0, 0, 0, 19, 51, 291
"c:\Users\makib\Documents\EntornosVirtuales\BaseDeDatosSalonDeBelleza\venv\Lib\site-packages\pip\_internal\cli\__init__.py", "Python", 2, 0, 0, 0, 0, 0, 0, 0, 0, 0, 0, 0, 1, 2, 5
"c:\Users\makib\Documents\EntornosVirtuales\BaseDeDatosSalonDeBelleza\venv\Lib\site-packages\pip\_internal\cli\autocompletion.py", "Python", 135, 0, 0, 0, 0, 0, 0, 0, 0, 0, 0, 0, 19, 19, 173
"c:\Users\makib\Documents\EntornosVirtuales\BaseDeDatosSalonDeBelleza\venv\Lib\site-packages\pip\_internal\cli\base_command.py", "Python", 175, 0, 0, 0, 0, 0, 0, 0, 0, 0, 0, 0, 22, 40, 237
"c:\Users\makib\Documents\EntornosVirtuales\BaseDeDatosSalonDeBelleza\venv\Lib\site-packages\pip\_internal\cli\cmdoptions.py", "Python", 883, 0, 0, 0, 0, 0, 0, 0, 0, 0, 0, 0, 38, 154, 1075
"c:\Users\makib\Documents\EntornosVirtuales\BaseDeDatosSalonDeBelleza\venv\Lib\site-packages\pip\_internal\cli\command_context.py", "Python", 20, 0, 0, 0, 0, 0, 0, 0, 0, 0, 0, 0, 0, 8, 28
"c:\Users\makib\Documents\EntornosVirtuales\BaseDeDatosSalonDeBelleza\venv\Lib\site-packages\pip\_internal\cli\main.py", "Python", 34, 0, 0, 0, 0, 0, 0, 0, 0, 0, 0, 0, 30, 16, 80
"c:\Users\makib\Documents\EntornosVirtuales\BaseDeDatosSalonDeBelleza\venv\Lib\site-packages\pip\_internal\cli\main_parser.py", "Python", 82, 0, 0, 0, 0, 0, 0, 0, 0, 0, 0, 0, 24, 29, 135
"c:\Users\makib\Documents\EntornosVirtuales\BaseDeDatosSalonDeBelleza\venv\Lib\site-packages\pip\_internal\cli\parser.py", "Python", 222, 0, 0, 0, 0, 0, 0, 0, 0, 0, 0, 0, 20, 53, 295
"c:\Users\makib\Documents\EntornosVirtuales\BaseDeDatosSalonDeBelleza\venv\Lib\site-packages\pip\_internal\cli\progress_bars.py", "Python", 58, 0, 0, 0, 0, 0, 0, 0, 0, 0, 0, 0, 0, 11, 69
"c:\Users\makib\Documents\EntornosVirtuales\BaseDeDatosSalonDeBelleza\venv\Lib\site-packages\pip\_internal\cli\req_command.py", "Python", 408, 0, 0, 0, 0, 0, 0, 0, 0, 0, 0, 0, 29, 69, 506
"c:\Users\makib\Documents\EntornosVirtuales\BaseDeDatosSalonDeBelleza\venv\Lib\site-packages\pip\_internal\cli\spinners.py", "Python", 114, 0, 0, 0, 0, 0, 0, 0, 0, 0, 0, 0, 18, 28, 160
"c:\Users\makib\Documents\EntornosVirtuales\BaseDeDatosSalonDeBelleza\venv\Lib\site-packages\pip\_internal\cli\status_codes.py", "Python", 6, 0, 0, 0, 0, 0, 0, 0, 0, 0, 0, 0, 0, 1, 7
"c:\Users\makib\Documents\EntornosVirtuales\BaseDeDatosSalonDeBelleza\venv\Lib\site-packages\pip\_internal\commands\__init__.py", "Python", 113, 0, 0, 0, 0, 0, 0, 0, 0, 0, 0, 0, 7, 13, 133
"c:\Users\makib\Documents\EntornosVirtuales\BaseDeDatosSalonDeBelleza\venv\Lib\site-packages\pip\_internal\commands\cache.py", "Python", 163, 0, 0, 0, 0, 0, 0, 0, 0, 0, 0, 0, 20, 43, 226
"c:\Users\makib\Documents\EntornosVirtuales\BaseDeDatosSalonDeBelleza\venv\Lib\site-packages\pip\_internal\commands\check.py", "Python", 45, 0, 0, 0, 0, 0, 0, 0, 0, 0, 0, 0, 0, 10, 55
"c:\Users\makib\Documents\EntornosVirtuales\BaseDeDatosSalonDeBelleza\venv\Lib\site-packages\pip\_internal\commands\completion.py", "Python", 116, 0, 0, 0, 0, 0, 0, 0, 0, 0, 0, 0, 5, 10, 131
"c:\Users\makib\Documents\EntornosVirtuales\BaseDeDatosSalonDeBelleza\venv\Lib\site-packages\pip\_internal\commands\configuration.py", "Python", 224, 0, 0, 0, 0, 0, 0, 0, 0, 0, 0, 0, 12, 45, 281
"c:\Users\makib\Documents\EntornosVirtuales\BaseDeDatosSalonDeBelleza\venv\Lib\site-packages\pip\_internal\commands\debug.py", "Python", 149, 0, 0, 0, 0, 0, 0, 0, 0, 0, 0, 0, 9, 44, 202
"c:\Users\makib\Documents\EntornosVirtuales\BaseDeDatosSalonDeBelleza\venv\Lib\site-packages\pip\_internal\commands\download.py", "Python", 117, 0, 0, 0, 0, 0, 0, 0, 0, 0, 0, 0, 2, 29, 148
"c:\Users\makib\Documents\EntornosVirtuales\BaseDeDatosSalonDeBelleza\venv\Lib\site-packages\pip\_internal\commands\freeze.py", "Python", 91, 0, 0, 0, 0, 0, 0, 0, 0, 0, 0, 0, 0, 18, 109
"c:\Users\makib\Documents\EntornosVirtuales\BaseDeDatosSalonDeBelleza\venv\Lib\site-packages\pip\_internal\commands\hash.py", "Python", 48, 0, 0, 0, 0, 0, 0, 0, 0, 0, 0, 0, 0, 12, 60
"c:\Users\makib\Documents\EntornosVirtuales\BaseDeDatosSalonDeBelleza\venv\Lib\site-packages\pip\_internal\commands\help.py", "Python", 29, 0, 0, 0, 0, 0, 0, 0, 0, 0, 0, 0, 1, 12, 42
"c:\Users\makib\Documents\EntornosVirtuales\BaseDeDatosSalonDeBelleza\venv\Lib\site-packages\pip\_internal\commands\index.py", "Python", 108, 0, 0, 0, 0, 0, 0, 0, 0, 0, 0, 0, 4, 28, 140
"c:\Users\makib\Documents\EntornosVirtuales\BaseDeDatosSalonDeBelleza\venv\Lib\site-packages\pip\_internal\commands\inspect.py", "Python", 77, 0, 0, 0, 0, 0, 0, 0, 0, 0, 0, 0, 6, 10, 93
"c:\Users\makib\Documents\EntornosVirtuales\BaseDeDatosSalonDeBelleza\venv\Lib\site-packages\pip\_internal\commands\install.py", "Python", 646, 0, 0, 0, 0, 0, 0, 0, 0, 0, 0, 0, 36, 93, 775
"c:\Users\makib\Documents\EntornosVirtuales\BaseDeDatosSalonDeBelleza\venv\Lib\site-packages\pip\_internal\commands\list.py", "Python", 299, 0, 0, 0, 0, 0, 0, 0, 0, 0, 0, 0, 13, 57, 369
"c:\Users\makib\Documents\EntornosVirtuales\BaseDeDatosSalonDeBelleza\venv\Lib\site-packages\pip\_internal\commands\search.py", "Python", 142, 0, 0, 0, 0, 0, 0, 0, 0, 0, 0, 0, 2, 31, 175
"c:\Users\makib\Documents\EntornosVirtuales\BaseDeDatosSalonDeBelleza\venv\Lib\site-packages\pip\_internal\commands\show.py", "Python", 162, 0, 0, 0, 0, 0, 0, 0, 0, 0, 0, 0, 0, 28, 190
"c:\Users\makib\Documents\EntornosVirtuales\BaseDeDatosSalonDeBelleza\venv\Lib\site-packages\pip\_internal\commands\uninstall.py", "Python", 99, 0, 0, 0, 0, 0, 0, 0, 0, 0, 0, 0, 0, 15, 114
"c:\Users\makib\Documents\EntornosVirtuales\BaseDeDatosSalonDeBelleza\venv\Lib\site-packages\pip\_internal\commands\wheel.py", "Python", 151, 0, 0, 0, 0, 0, 0, 0, 0, 0, 0, 0, 2, 31, 184
"c:\Users\makib\Documents\EntornosVirtuales\BaseDeDatosSalonDeBelleza\venv\Lib\site-packages\pip\_internal\configuration.py", "Python", 279, 0, 0, 0, 0, 0, 0, 0, 0, 0, 0, 0, 33, 72, 384
"c:\Users\makib\Documents\EntornosVirtuales\BaseDeDatosSalonDeBelleza\venv\Lib\site-packages\pip\_internal\distributions\__init__.py", "Python", 13, 0, 0, 0, 0, 0, 0, 0, 0, 0, 0, 0, 4, 5, 22
"c:\Users\makib\Documents\EntornosVirtuales\BaseDeDatosSalonDeBelleza\venv\Lib\site-packages\pip\_internal\distributions\base.py", "Python", 38, 0, 0, 0, 0, 0, 0, 0, 0, 0, 0, 0, 0, 14, 52
"c:\Users\makib\Documents\EntornosVirtuales\BaseDeDatosSalonDeBelleza\venv\Lib\site-packages\pip\_internal\distributions\installed.py", "Python", 22, 0, 0, 0, 0, 0, 0, 0, 0, 0, 0, 0, 0, 8, 30
"c:\Users\makib\Documents\EntornosVirtuales\BaseDeDatosSalonDeBelleza\venv\Lib\site-packages\pip\_internal\distributions\sdist.py", "Python", 122, 0, 0, 0, 0, 0, 0, 0, 0, 0, 0, 0, 18, 17, 157
"c:\Users\makib\Documents\EntornosVirtuales\BaseDeDatosSalonDeBelleza\venv\Lib\site-packages\pip\_internal\distributions\wheel.py", "Python", 32, 0, 0, 0, 0, 0, 0, 0, 0, 0, 0, 0, 0, 9, 41
"c:\Users\makib\Documents\EntornosVirtuales\BaseDeDatosSalonDeBelleza\venv\Lib\site-packages\pip\_internal\exceptions.py", "Python", 546, 0, 0, 0, 0, 0, 0, 0, 0, 0, 0, 0, 23, 160, 729
"c:\Users\makib\Documents\EntornosVirtuales\BaseDeDatosSalonDeBelleza\venv\Lib\site-packages\pip\_internal\index\__init__.py", "Python", 2, 0, 0, 0, 0, 0, 0, 0, 0, 0, 0, 0, 0, 1, 3
"c:\Users\makib\Documents\EntornosVirtuales\BaseDeDatosSalonDeBelleza\venv\Lib\site-packages\pip\_internal\index\collector.py", "Python", 393, 0, 0, 0, 0, 0, 0, 0, 0, 0, 0, 0, 29, 86, 508
"c:\Users\makib\Documents\EntornosVirtuales\BaseDeDatosSalonDeBelleza\venv\Lib\site-packages\pip\_internal\index\package_finder.py", "Python", 842, 0, 0, 0, 0, 0, 0, 0, 0, 0, 0, 0, 39, 147, 1028
"c:\Users\makib\Documents\EntornosVirtuales\BaseDeDatosSalonDeBelleza\venv\Lib\site-packages\pip\_internal\index\sources.py", "Python", 224, 0, 0, 0, 0, 0, 0, 0, 0, 0, 0, 0, 3, 59, 286
"c:\Users\makib\Documents\EntornosVirtuales\BaseDeDatosSalonDeBelleza\venv\Lib\site-packages\pip\_internal\locations\__init__.py", "Python", 345, 0, 0, 0, 0, 0, 0, 0, 0, 0, 0, 0, 37, 86, 468
"c:\Users\makib\Documents\EntornosVirtuales\BaseDeDatosSalonDeBelleza\venv\Lib\site-packages\pip\_internal\locations\_distutils.py", "Python", 127, 0, 0, 0, 0, 0, 0, 0, 0, 0, 0, 0, 21, 25, 173
"c:\Users\makib\Documents\EntornosVirtuales\BaseDeDatosSalonDeBelleza\venv\Lib\site-packages\pip\_internal\locations\_sysconfig.py", "Python", 158, 0, 0, 0, 0, 0, 0, 0, 0, 0, 0, 0, 17, 39, 214
"c:\Users\makib\Documents\EntornosVirtuales\BaseDeDatosSalonDeBelleza\venv\Lib\site-packages\pip\_internal\locations\base.py", "Python", 55, 0, 0, 0, 0, 0, 0, 0, 0, 0, 0, 0, 8, 19, 82
"c:\Users\makib\Documents\EntornosVirtuales\BaseDeDatosSalonDeBelleza\venv\Lib\site-packages\pip\_internal\main.py", "Python", 8, 0, 0, 0, 0, 0, 0, 0, 0, 0, 0, 0, 0, 5, 13
"c:\Users\makib\Documents\EntornosVirtuales\BaseDeDatosSalonDeBelleza\venv\Lib\site-packages\pip\_internal\metadata\__init__.py", "Python", 96, 0, 0, 0, 0, 0, 0, 0, 0, 0, 0, 0, 0, 33, 129
"c:\Users\makib\Documents\EntornosVirtuales\BaseDeDatosSalonDeBelleza\venv\Lib\site-packages\pip\_internal\metadata\_json.py", "Python", 68, 0, 0, 0, 0, 0, 0, 0, 0, 0, 0, 0, 6, 11, 85
"c:\Users\makib\Documents\EntornosVirtuales\BaseDeDatosSalonDeBelleza\venv\Lib\site-packages\pip\_internal\metadata\base.py", "Python", 564, 0, 0, 0, 0, 0, 0, 0, 0, 0, 0, 0, 15, 124, 703
"c:\Users\makib\Documents\EntornosVirtuales\BaseDeDatosSalonDeBelleza\venv\Lib\site-packages\pip\_internal\metadata\importlib\__init__.py", "Python", 4, 0, 0, 0, 0, 0, 0, 0, 0, 0, 0, 0, 0, 3, 7
"c:\Users\makib\Documents\EntornosVirtuales\BaseDeDatosSalonDeBelleza\venv\Lib\site-packages\pip\_internal\metadata\importlib\_compat.py", "Python", 40, 0, 0, 0, 0, 0, 0, 0, 0, 0, 0, 0, 0, 16, 56
"c:\Users\makib\Documents\EntornosVirtuales\BaseDeDatosSalonDeBelleza\venv\Lib\site-packages\pip\_internal\metadata\importlib\_dists.py", "Python", 184, 0, 0, 0, 0, 0, 0, 0, 0, 0, 0, 0, 12, 32, 228
"c:\Users\makib\Documents\EntornosVirtuales\BaseDeDatosSalonDeBelleza\venv\Lib\site-packages\pip\_internal\metadata\importlib\_envs.py", "Python", 150, 0, 0, 0, 0, 0, 0, 0, 0, 0, 0, 0, 6, 34, 190
"c:\Users\makib\Documents\EntornosVirtuales\BaseDeDatosSalonDeBelleza\venv\Lib\site-packages\pip\_internal\metadata\pkg_resources.py", "Python", 212, 0, 0, 0, 0, 0, 0, 0, 0, 0, 0, 0, 17, 50, 279
"c:\Users\makib\Documents\EntornosVirtuales\BaseDeDatosSalonDeBelleza\venv\Lib\site-packages\pip\_internal\models\__init__.py", "Python", 2, 0, 0, 0, 0, 0, 0, 0, 0, 0, 0, 0, 0, 1, 3
"c:\Users\makib\Documents\EntornosVirtuales\BaseDeDatosSalonDeBelleza\venv\Lib\site-packages\pip\_internal\models\candidate.py", "Python", 22, 0, 0, 0, 0, 0, 0, 0, 0, 0, 0, 0, 0, 9, 31
"c:\Users\makib\Documents\EntornosVirtuales\BaseDeDatosSalonDeBelleza\venv\Lib\site-packages\pip\_internal\models\direct_url.py", "Python", 190, 0, 0, 0, 0, 0, 0, 0, 0, 0, 0, 0, 3, 43, 236
"c:\Users\makib\Documents\EntornosVirtuales\BaseDeDatosSalonDeBelleza\venv\Lib\site-packages\pip\_internal\models\format_control.py", "Python", 63, 0, 0, 0, 0, 0, 0, 0, 0, 0, 0, 0, 1, 15, 79
"c:\Users\makib\Documents\EntornosVirtuales\BaseDeDatosSalonDeBelleza\venv\Lib\site-packages\pip\_internal\models\index.py", "Python", 17, 0, 0, 0, 0, 0, 0, 0, 0, 0, 0, 0, 3, 9, 29
"c:\Users\makib\Documents\EntornosVirtuales\BaseDeDatosSalonDeBelleza\venv\Lib\site-packages\pip\_internal\models\installation_report.py", "Python", 29, 0, 0, 0, 0, 0, 0, 0, 0, 0, 0, 0, 21, 7, 57
"c:\Users\makib\Documents\EntornosVirtuales\BaseDeDatosSalonDeBelleza\venv\Lib\site-packages\pip\_internal\models\link.py", "Python", 427, 0, 0, 0, 0, 0, 0, 0, 0, 0, 0, 0, 54, 99, 580
"c:\Users\makib\Documents\EntornosVirtuales\BaseDeDatosSalonDeBelleza\venv\Lib\site-packages\pip\_internal\models\scheme.py", "Python", 24, 0, 0, 0, 0, 0, 0, 0, 0, 0, 0, 0, 0, 8, 32
"c:\Users\makib\Documents\EntornosVirtuales\BaseDeDatosSalonDeBelleza\venv\Lib\site-packages\pip\_internal\models\search_scope.py", "Python", 93, 0, 0, 0, 0, 0, 0, 0, 0, 0, 0, 0, 18, 22, 133
"c:\Users\makib\Documents\EntornosVirtuales\BaseDeDatosSalonDeBelleza\venv\Lib\site-packages\pip\_internal\models\selection_prefs.py", "Python", 40, 0, 0, 0, 0, 0, 0, 0, 0, 0, 0, 0, 4, 8, 52
"c:\Users\makib\Documents\EntornosVirtuales\BaseDeDatosSalonDeBelleza\venv\Lib\site-packages\pip\_internal\models\target_python.py", "Python", 98, 0, 0, 0, 0, 0, 0, 0, 0, 0, 0, 0, 4, 21, 123
"c:\Users\makib\Documents\EntornosVirtuales\BaseDeDatosSalonDeBelleza\venv\Lib\site-packages\pip\_internal\models\wheel.py", "Python", 71, 0, 0, 0, 0, 0, 0, 0, 0, 0, 0, 0, 3, 19, 93
"c:\Users\makib\Documents\EntornosVirtuales\BaseDeDatosSalonDeBelleza\venv\Lib\site-packages\pip\_internal\network\__init__.py", "Python", 2, 0, 0, 0, 0, 0, 0, 0, 0, 0, 0, 0, 0, 1, 3
"c:\Users\makib\Documents\EntornosVirtuales\BaseDeDatosSalonDeBelleza\venv\Lib\site-packages\pip\_internal\network\auth.py", "Python", 387, 0, 0, 0, 0, 0, 0, 0, 0, 0, 0, 0, 71, 104, 562
"c:\Users\makib\Documents\EntornosVirtuales\BaseDeDatosSalonDeBelleza\venv\Lib\site-packages\pip\_internal\network\cache.py", "Python", 80, 0, 0, 0, 0, 0, 0, 0, 0, 0, 0, 0, 5, 22, 107
"c:\Users\makib\Documents\EntornosVirtuales\BaseDeDatosSalonDeBelleza\venv\Lib\site-packages\pip\_internal\network\download.py", "Python", 150, 0, 0, 0, 0, 0, 0, 0, 0, 0, 0, 0, 3, 34, 187
"c:\Users\makib\Documents\EntornosVirtuales\BaseDeDatosSalonDeBelleza\venv\Lib\site-packages\pip\_internal\network\lazy_wheel.py", "Python", 166, 0, 0, 0, 0, 0, 0, 0, 0, 0, 0, 0, 7, 38, 211
"c:\Users\makib\Documents\EntornosVirtuales\BaseDeDatosSalonDeBelleza\venv\Lib\site-packages\pip\_internal\network\session.py", "Python", 359, 0, 0, 0, 0, 0, 0, 0, 0, 0, 0, 0, 81, 81, 521
"c:\Users\makib\Documents\EntornosVirtuales\BaseDeDatosSalonDeBelleza\venv\Lib\site-packages\pip\_internal\network\utils.py", "Python", 39, 0, 0, 0, 0, 0, 0, 0, 0, 0, 0, 0, 47, 11, 97
"c:\Users\makib\Documents\EntornosVirtuales\BaseDeDatosSalonDeBelleza\venv\Lib\site-packages\pip\_internal\network\xmlrpc.py", "Python", 53, 0, 0, 0, 0, 0, 0, 0, 0, 0, 0, 0, 0, 10, 63
"c:\Users\makib\Documents\EntornosVirtuales\BaseDeDatosSalonDeBelleza\venv\Lib\site-packages\pip\_internal\operations\__init__.py", "Python", 0, 0, 0, 0, 0, 0, 0, 0, 0, 0, 0, 0, 0, 1, 1
"c:\Users\makib\Documents\EntornosVirtuales\BaseDeDatosSalonDeBelleza\venv\Lib\site-packages\pip\_internal\operations\build\__init__.py", "Python", 0, 0, 0, 0, 0, 0, 0, 0, 0, 0, 0, 0, 0, 1, 1
"c:\Users\makib\Documents\EntornosVirtuales\BaseDeDatosSalonDeBelleza\venv\Lib\site-packages\pip\_internal\operations\build\build_tracker.py", "Python", 99, 0, 0, 0, 0, 0, 0, 0, 0, 0, 0, 0, 8, 33, 140
"c:\Users\makib\Documents\EntornosVirtuales\BaseDeDatosSalonDeBelleza\venv\Lib\site-packages\pip\_internal\operations\build\metadata.py", "Python", 27, 0, 0, 0, 0, 0, 0, 0, 0, 0, 0, 0, 3, 10, 40
"c:\Users\makib\Documents\EntornosVirtuales\BaseDeDatosSalonDeBelleza\venv\Lib\site-packages\pip\_internal\operations\build\metadata_editable.py", "Python", 29, 0, 0, 0, 0, 0, 0, 0, 0, 0, 0, 0, 3, 10, 42
"c:\Users\makib\Documents\EntornosVirtuales\BaseDeDatosSalonDeBelleza\venv\Lib\site-packages\pip\_internal\operations\build\metadata_legacy.py", "Python", 58, 0, 0, 0, 0, 0, 0, 0, 0, 0, 0, 0, 1, 16, 75
"c:\Users\makib\Documents\EntornosVirtuales\BaseDeDatosSalonDeBelleza\venv\Lib\site-packages\pip\_internal\operations\build\wheel.py", "Python", 30, 0, 0, 0, 0, 0, 0, 0, 0, 0, 0, 0, 0, 8, 38
"c:\Users\makib\Documents\EntornosVirtuales\BaseDeDatosSalonDeBelleza\venv\Lib\site-packages\pip\_internal\operations\build\wheel_editable.py", "Python", 39, 0, 0, 0, 0, 0, 0, 0, 0, 0, 0, 0, 0, 8, 47
"c:\Users\makib\Documents\EntornosVirtuales\BaseDeDatosSalonDeBelleza\venv\Lib\site-packages\pip\_internal\operations\build\wheel_legacy.py", "Python", 85, 0, 0, 0, 0, 0, 0, 0, 0, 0, 0, 0, 1, 17, 103
"c:\Users\makib\Documents\EntornosVirtuales\BaseDeDatosSalonDeBelleza\venv\Lib\site-packages\pip\_internal\operations\check.py", "Python", 138, 0, 0, 0, 0, 0, 0, 0, 0, 0, 0, 0, 10, 40, 188
"c:\Users\makib\Documents\EntornosVirtuales\BaseDeDatosSalonDeBelleza\venv\Lib\site-packages\pip\_internal\operations\freeze.py", "Python", 214, 0, 0, 0, 0, 0, 0, 0, 0, 0, 0, 0, 12, 30, 256
"c:\Users\makib\Documents\EntornosVirtuales\BaseDeDatosSalonDeBelleza\venv\Lib\site-packages\pip\_internal\operations\install\__init__.py", "Python", 2, 0, 0, 0, 0, 0, 0, 0, 0, 0, 0, 0, 0, 1, 3
"c:\Users\makib\Documents\EntornosVirtuales\BaseDeDatosSalonDeBelleza\venv\Lib\site-packages\pip\_internal\operations\install\editable_legacy.py", "Python", 40, 0, 0, 0, 0, 0, 0, 0, 0, 0, 0, 0, 0, 7, 47
"c:\Users\makib\Documents\EntornosVirtuales\BaseDeDatosSalonDeBelleza\venv\Lib\site-packages\pip\_internal\operations\install\wheel.py", "Python", 523, 0, 0, 0, 0, 0, 0, 0, 0, 0, 0, 0, 94, 118, 735
"c:\Users\makib\Documents\EntornosVirtuales\BaseDeDatosSalonDeBelleza\venv\Lib\site-packages\pip\_internal\operations\prepare.py", "Python", 529, 0, 0, 0, 0, 0, 0, 0, 0, 0, 0, 0, 113, 89, 731
"c:\Users\makib\Documents\EntornosVirtuales\BaseDeDatosSalonDeBelleza\venv\Lib\site-packages\pip\_internal\pyproject.py", "Python", 106, 0, 0, 0, 0, 0, 0, 0, 0, 0, 0, 0, 45, 29, 180
"c:\Users\makib\Documents\EntornosVirtuales\BaseDeDatosSalonDeBelleza\venv\Lib\site-packages\pip\_internal\req\__init__.py", "Python", 73, 0, 0, 0, 0, 0, 0, 0, 0, 0, 0, 0, 1, 19, 93
"c:\Users\makib\Documents\EntornosVirtuales\BaseDeDatosSalonDeBelleza\venv\Lib\site-packages\pip\_internal\req\constructors.py", "Python", 474, 0, 0, 0, 0, 0, 0, 0, 0, 0, 0, 0, 24, 79, 577
"c:\Users\makib\Documents\EntornosVirtuales\BaseDeDatosSalonDeBelleza\venv\Lib\site-packages\pip\_internal\req\req_file.py", "Python", 426, 0, 0, 0, 0, 0, 0, 0, 0, 0, 0, 0, 34, 95, 555
"c:\Users\makib\Documents\EntornosVirtuales\BaseDeDatosSalonDeBelleza\venv\Lib\site-packages\pip\_internal\req\req_install.py", "Python", 738, 0, 0, 0, 0, 0, 0, 0, 0, 0, 0, 0, 77, 109, 924
"c:\Users\makib\Documents\EntornosVirtuales\BaseDeDatosSalonDeBelleza\venv\Lib\site-packages\pip\_internal\req\req_set.py", "Python", 97, 0, 0, 0, 0, 0, 0, 0, 0, 0, 0, 0, 0, 23, 120
"c:\Users\makib\Documents\EntornosVirtuales\BaseDeDatosSalonDeBelleza\venv\Lib\site-packages\pip\_internal\req\req_uninstall.py", "Python", 489, 0, 0, 0, 0, 0, 0, 0, 0, 0, 0, 0, 57, 104, 650
"c:\Users\makib\Documents\EntornosVirtuales\BaseDeDatosSalonDeBelleza\venv\Lib\site-packages\pip\_internal\resolution\__init__.py", "Python", 0, 0, 0, 0, 0, 0, 0, 0, 0, 0, 0, 0, 0, 1, 1
"c:\Users\makib\Documents\EntornosVirtuales\BaseDeDatosSalonDeBelleza\venv\Lib\site-packages\pip\_internal\resolution\base.py", "Python", 15, 0, 0, 0, 0, 0, 0, 0, 0, 0, 0, 0, 0, 6, 21
"c:\Users\makib\Documents\EntornosVirtuales\BaseDeDatosSalonDeBelleza\venv\Lib\site-packages\pip\_internal\resolution\legacy\__init__.py", "Python", 0, 0, 0, 0, 0, 0, 0, 0, 0, 0, 0, 0, 0, 1, 1
"c:\Users\makib\Documents\EntornosVirtuales\BaseDeDatosSalonDeBelleza\venv\Lib\site-packages\pip\_internal\resolution\legacy\resolver.py", "Python", 448, 0, 0, 0, 0, 0, 0, 0, 0, 0, 0, 0, 70, 81, 599
"c:\Users\makib\Documents\EntornosVirtuales\BaseDeDatosSalonDeBelleza\venv\Lib\site-packages\pip\_internal\resolution\resolvelib\__init__.py", "Python", 0, 0, 0, 0, 0, 0, 0, 0, 0, 0, 0, 0, 0, 1, 1
"c:\Users\makib\Documents\EntornosVirtuales\BaseDeDatosSalonDeBelleza\venv\Lib\site-packages\pip\_internal\resolution\resolvelib\base.py", "Python", 103, 0, 0, 0, 0, 0, 0, 0, 0, 0, 0, 0, 4, 35, 142
"c:\Users\makib\Documents\EntornosVirtuales\BaseDeDatosSalonDeBelleza\venv\Lib\site-packages\pip\_internal\resolution\resolvelib\candidates.py", "Python", 470, 0, 0, 0, 0, 0, 0, 0, 0, 0, 0, 0, 29, 99, 598
"c:\Users\makib\Documents\EntornosVirtuales\BaseDeDatosSalonDeBelleza\venv\Lib\site-packages\pip\_internal\resolution\resolvelib\factory.py", "Python", 656, 0, 0, 0, 0, 0, 0, 0, 0, 0, 0, 0, 77, 80, 813
"c:\Users\makib\Documents\EntornosVirtuales\BaseDeDatosSalonDeBelleza\venv\Lib\site-packages\pip\_internal\resolution\resolvelib\found_candidates.py", "Python", 112, 0, 0, 0, 0, 0, 0, 0, 0, 0, 0, 0, 18, 26, 156
"c:\Users\makib\Documents\EntornosVirtuales\BaseDeDatosSalonDeBelleza\venv\Lib\site-packages\pip\_internal\resolution\resolvelib\provider.py", "Python", 191, 0, 0, 0, 0, 0, 0, 0, 0, 0, 0, 0, 29, 36, 256
"c:\Users\makib\Documents\EntornosVirtuales\BaseDeDatosSalonDeBelleza\venv\Lib\site-packages\pip\_internal\resolution\resolvelib\reporter.py", "Python", 60, 0, 0, 0, 0, 0, 0, 0, 0, 0, 0, 0, 1, 20, 81
"c:\Users\makib\Documents\EntornosVirtuales\BaseDeDatosSalonDeBelleza\venv\Lib\site-packages\pip\_internal\resolution\resolvelib\requirements.py", "Python", 110, 0, 0, 0, 0, 0, 0, 0, 0, 0, 0, 0, 12, 45, 167
"c:\Users\makib\Documents\EntornosVirtuales\BaseDeDatosSalonDeBelleza\venv\Lib\site-packages\pip\_internal\resolution\resolvelib\resolver.py", "Python", 238, 0, 0, 0, 0, 0, 0, 0, 0, 0, 0, 0, 34, 46, 318
"c:\Users\makib\Documents\EntornosVirtuales\BaseDeDatosSalonDeBelleza\venv\Lib\site-packages\pip\_internal\self_outdated_check.py", "Python", 185, 0, 0, 0, 0, 0, 0, 0, 0, 0, 0, 0, 16, 48, 249
"c:\Users\makib\Documents\EntornosVirtuales\BaseDeDatosSalonDeBelleza\venv\Lib\site-packages\pip\_internal\utils\__init__.py", "Python", 0, 0, 0, 0, 0, 0, 0, 0, 0, 0, 0, 0, 0, 1, 1
"c:\Users\makib\Documents\EntornosVirtuales\BaseDeDatosSalonDeBelleza\venv\Lib\site-packages\pip\_internal\utils\_jaraco_text.py", "Python", 83, 0, 0, 0, 0, 0, 0, 0, 0, 0, 0, 0, 0, 27, 110
"c:\Users\makib\Documents\EntornosVirtuales\BaseDeDatosSalonDeBelleza\venv\Lib\site-packages\pip\_internal\utils\_log.py", "Python", 23, 0, 0, 0, 0, 0, 0, 0, 0, 0, 0, 0, 2, 14, 39
"c:\Users\makib\Documents\EntornosVirtuales\BaseDeDatosSalonDeBelleza\venv\Lib\site-packages\pip\_internal\utils\appdirs.py", "Python", 31, 0, 0, 0, 0, 0, 0, 0, 0, 0, 0, 0, 5, 17, 53
"c:\Users\makib\Documents\EntornosVirtuales\BaseDeDatosSalonDeBelleza\venv\Lib\site-packages\pip\_internal\utils\compat.py", "Python", 36, 0, 0, 0, 0, 0, 0, 0, 0, 0, 0, 0, 9, 19, 64
"c:\Users\makib\Documents\EntornosVirtuales\BaseDeDatosSalonDeBelleza\venv\Lib\site-packages\pip\_internal\utils\compatibility_tags.py", "Python", 121, 0, 0, 0, 0, 0, 0, 0, 0, 0, 0, 0, 16, 29, 166
"c:\Users\makib\Documents\EntornosVirtuales\BaseDeDatosSalonDeBelleza\venv\Lib\site-packages\pip\_internal\utils\datetime.py", "Python", 7, 0, 0, 0, 0, 0, 0, 0, 0, 0, 0, 0, 0, 5, 12
"c:\Users\makib\Documents\EntornosVirtuales\BaseDeDatosSalonDeBelleza\venv\Lib\site-packages\pip\_internal\utils\deprecation.py", "Python", 92, 0, 0, 0, 0, 0, 0, 0, 0, 0, 0, 0, 6, 23, 121
"c:\Users\makib\Documents\EntornosVirtuales\BaseDeDatosSalonDeBelleza\venv\Lib\site-packages\pip\_internal\utils\direct_url_helpers.py", "Python", 71, 0, 0, 0, 0, 0, 0, 0, 0, 0, 0, 0, 9, 8, 88
"c:\Users\makib\Documents\EntornosVirtuales\BaseDeDatosSalonDeBelleza\venv\Lib\site-packages\pip\_internal\utils\egg_link.py", "Python", 67, 0, 0, 0, 0, 0, 0, 0, 0, 0, 0, 0, 0, 14, 81
"c:\Users\makib\Documents\EntornosVirtuales\BaseDeDatosSalonDeBelleza\venv\Lib\site-packages\pip\_internal\utils\encoding.py", "Python", 30, 0, 0, 0, 0, 0, 0, 0, 0, 0, 0, 0, 1, 6, 37
"c:\Users\makib\Documents\EntornosVirtuales\BaseDeDatosSalonDeBelleza\venv\Lib\site-packages\pip\_internal\utils\entrypoints.py", "Python", 65, 0, 0, 0, 0, 0, 0, 0, 0, 0, 0, 0, 5, 15, 85
"c:\Users\makib\Documents\EntornosVirtuales\BaseDeDatosSalonDeBelleza\venv\Lib\site-packages\pip\_internal\utils\filesystem.py", "Python", 104, 0, 0, 0, 0, 0, 0, 0, 0, 0, 0, 0, 18, 32, 154
"c:\Users\makib\Documents\EntornosVirtuales\BaseDeDatosSalonDeBelleza\venv\Lib\site-packages\pip\_internal\utils\filetypes.py", "Python", 22, 0, 0, 0, 0, 0, 0, 0, 0, 0, 0, 0, 0, 6, 28
"c:\Users\makib\Documents\EntornosVirtuales\BaseDeDatosSalonDeBelleza\venv\Lib\site-packages\pip\_internal\utils\glibc.py", "Python", 44, 0, 0, 0, 0, 0, 0, 0, 0, 0, 0, 0, 31, 14, 89
"c:\Users\makib\Documents\EntornosVirtuales\BaseDeDatosSalonDeBelleza\venv\Lib\site-packages\pip\_internal\utils\hashes.py", "Python", 103, 0, 0, 0, 0, 0, 0, 0, 0, 0, 0, 0, 12, 37, 152
"c:\Users\makib\Documents\EntornosVirtuales\BaseDeDatosSalonDeBelleza\venv\Lib\site-packages\pip\_internal\utils\logging.py", "Python", 273, 0, 0, 0, 0, 0, 0, 0, 0, 0, 0, 0, 22, 54, 349
"c:\Users\makib\Documents\EntornosVirtuales\BaseDeDatosSalonDeBelleza\venv\Lib\site-packages\pip\_internal\utils\misc.py", "Python", 597, 0, 0, 0, 0, 0, 0, 0, 0, 0, 0, 0, 28, 159, 784
"c:\Users\makib\Documents\EntornosVirtuales\BaseDeDatosSalonDeBelleza\venv\Lib\site-packages\pip\_internal\utils\models.py", "Python", 26, 0, 0, 0, 0, 0, 0, 0, 0, 0, 0, 0, 0, 14, 40
"c:\Users\makib\Documents\EntornosVirtuales\BaseDeDatosSalonDeBelleza\venv\Lib\site-packages\pip\_internal\utils\packaging.py", "Python", 36, 0, 0, 0, 0, 0, 0, 0, 0, 0, 0, 0, 6, 16, 58
"c:\Users\makib\Documents\EntornosVirtuales\BaseDeDatosSalonDeBelleza\venv\Lib\site-packages\pip\_internal\utils\setuptools_build.py", "Python", 106, 0, 0, 0, 0, 0, 0, 0, 0, 0, 0, 0, 16, 25, 147
"c:\Users\makib\Documents\EntornosVirtuales\BaseDeDatosSalonDeBelleza\venv\Lib\site-packages\pip\_internal\utils\subprocess.py", "Python", 197, 0, 0, 0, 0, 0, 0, 0, 0, 0, 0, 0, 39, 25, 261
"c:\Users\makib\Documents\EntornosVirtuales\BaseDeDatosSalonDeBelleza\venv\Lib\site-packages\pip\_internal\utils\temp_dir.py", "Python", 220, 0, 0, 0, 0, 0, 0, 0, 0, 0, 0, 0, 22, 55, 297
"c:\Users\makib\Documents\EntornosVirtuales\BaseDeDatosSalonDeBelleza\venv\Lib\site-packages\pip\_internal\utils\unpacking.py", "Python", 215, 0, 0, 0, 0, 0, 0, 0, 0, 0, 0, 0, 14, 29, 258
"c:\Users\makib\Documents\EntornosVirtuales\BaseDeDatosSalonDeBelleza\venv\Lib\site-packages\pip\_internal\utils\urls.py", "Python", 45, 0, 0, 0, 0, 0, 0, 0, 0, 0, 0, 0, 5, 13, 63
"c:\Users\makib\Documents\EntornosVirtuales\BaseDeDatosSalonDeBelleza\venv\Lib\site-packages\pip\_internal\utils\virtualenv.py", "Python", 72, 0, 0, 0, 0, 0, 0, 0, 0, 0, 0, 0, 7, 26, 105
"c:\Users\makib\Documents\EntornosVirtuales\BaseDeDatosSalonDeBelleza\venv\Lib\site-packages\pip\_internal\utils\wheel.py", "Python", 92, 0, 0, 0, 0, 0, 0, 0, 0, 0, 0, 0, 7, 36, 135
"c:\Users\makib\Documents\EntornosVirtuales\BaseDeDatosSalonDeBelleza\venv\Lib\site-packages\pip\_internal\vcs\__init__.py", "Python", 11, 0, 0, 0, 0, 0, 0, 0, 0, 0, 0, 0, 4, 1, 16
"c:\Users\makib\Documents\EntornosVirtuales\BaseDeDatosSalonDeBelleza\venv\Lib\site-packages\pip\_internal\vcs\bazaar.py", "Python", 94, 0, 0, 0, 0, 0, 0, 0, 0, 0, 0, 0, 3, 16, 113
"c:\Users\makib\Documents\EntornosVirtuales\BaseDeDatosSalonDeBelleza\venv\Lib\site-packages\pip\_internal\vcs\git.py", "Python", 402, 0, 0, 0, 0, 0, 0, 0, 0, 0, 0, 0, 56, 69, 527
"c:\Users\makib\Documents\EntornosVirtuales\BaseDeDatosSalonDeBelleza\venv\Lib\site-packages\pip\_internal\vcs\mercurial.py", "Python", 146, 0, 0, 0, 0, 0, 0, 0, 0, 0, 0, 0, 1, 17, 164
"c:\Users\makib\Documents\EntornosVirtuales\BaseDeDatosSalonDeBelleza\venv\Lib\site-packages\pip\_internal\vcs\subversion.py", "Python", 237, 0, 0, 0, 0, 0, 0, 0, 0, 0, 0, 0, 40, 48, 325
"c:\Users\makib\Documents\EntornosVirtuales\BaseDeDatosSalonDeBelleza\venv\Lib\site-packages\pip\_internal\vcs\versioncontrol.py", "Python", 570, 0, 0, 0, 0, 0, 0, 0, 0, 0, 0, 0, 23, 113, 706
"c:\Users\makib\Documents\EntornosVirtuales\BaseDeDatosSalonDeBelleza\venv\Lib\site-packages\pip\_internal\wheel_builder.py", "Python", 290, 0, 0, 0, 0, 0, 0, 0, 0, 0, 0, 0, 19, 46, 355
"c:\Users\makib\Documents\EntornosVirtuales\BaseDeDatosSalonDeBelleza\venv\Lib\site-packages\pip\_vendor\__init__.py", "Python", 85, 0, 0, 0, 0, 0, 0, 0, 0, 0, 0, 0, 26, 11, 122
"c:\Users\makib\Documents\EntornosVirtuales\BaseDeDatosSalonDeBelleza\venv\Lib\site-packages\pip\_vendor\cachecontrol\__init__.py", "Python", 19, 0, 0, 0, 0, 0, 0, 0, 0, 0, 0, 0, 3, 7, 29
"c:\Users\makib\Documents\EntornosVirtuales\BaseDeDatosSalonDeBelleza\venv\Lib\site-packages\pip\_vendor\cachecontrol\_cmd.py", "Python", 43, 0, 0, 0, 0, 0, 0, 0, 0, 0, 0, 0, 7, 21, 71
"c:\Users\makib\Documents\EntornosVirtuales\BaseDeDatosSalonDeBelleza\venv\Lib\site-packages\pip\_vendor\cachecontrol\adapter.py", "Python", 114, 0, 0, 0, 0, 0, 0, 0, 0, 0, 0, 0, 20, 28, 162
"c:\Users\makib\Documents\EntornosVirtuales\BaseDeDatosSalonDeBelleza\venv\Lib\site-packages\pip\_vendor\cachecontrol\cache.py", "Python", 51, 0, 0, 0, 0, 0, 0, 0, 0, 0, 0, 0, 3, 21, 75
"c:\Users\makib\Documents\EntornosVirtuales\BaseDeDatosSalonDeBelleza\venv\Lib\site-packages\pip\_vendor\cachecontrol\caches\__init__.py", "Python", 3, 0, 0, 0, 0, 0, 0, 0, 0, 0, 0, 0, 3, 3, 9
"c:\Users\makib\Documents\EntornosVirtuales\BaseDeDatosSalonDeBelleza\venv\Lib\site-packages\pip\_vendor\cachecontrol\caches\file_cache.py", "Python", 122, 0, 0, 0, 0, 0, 0, 0, 0, 0, 0, 0, 23, 37, 182
"c:\Users\makib\Documents\EntornosVirtuales\BaseDeDatosSalonDeBelleza\venv\Lib\site-packages\pip\_vendor\cachecontrol\caches\redis_cache.py", "Python", 34, 0, 0, 0, 0, 0, 0, 0, 0, 0, 0, 0, 3, 12, 49
"c:\Users\makib\Documents\EntornosVirtuales\BaseDeDatosSalonDeBelleza\venv\Lib\site-packages\pip\_vendor\cachecontrol\controller.py", "Python", 348, 0, 0, 0, 0, 0, 0, 0, 0, 0, 0, 0, 67, 80, 495
"c:\Users\makib\Documents\EntornosVirtuales\BaseDeDatosSalonDeBelleza\venv\Lib\site-packages\pip\_vendor\cachecontrol\filewrapper.py", "Python", 68, 0, 0, 0, 0, 0, 0, 0, 0, 0, 0, 0, 29, 23, 120
"c:\Users\makib\Documents\EntornosVirtuales\BaseDeDatosSalonDeBelleza\venv\Lib\site-packages\pip\_vendor\cachecontrol\heuristics.py", "Python", 114, 0, 0, 0, 0, 0, 0, 0, 0, 0, 0, 0, 3, 38, 155
"c:\Users\makib\Documents\EntornosVirtuales\BaseDeDatosSalonDeBelleza\venv\Lib\site-packages\pip\_vendor\cachecontrol\serialize.py", "Python", 135, 0, 0, 0, 0, 0, 0, 0, 0, 0, 0, 0, 40, 32, 207
"c:\Users\makib\Documents\EntornosVirtuales\BaseDeDatosSalonDeBelleza\venv\Lib\site-packages\pip\_vendor\cachecontrol\wrapper.py", "Python", 33, 0, 0, 0, 0, 0, 0, 0, 0, 0, 0, 0, 3, 8, 44
"c:\Users\makib\Documents\EntornosVirtuales\BaseDeDatosSalonDeBelleza\venv\Lib\site-packages\pip\_vendor\certifi\__init__.py", "Python", 3, 0, 0, 0, 0, 0, 0, 0, 0, 0, 0, 0, 0, 2, 5
"c:\Users\makib\Documents\EntornosVirtuales\BaseDeDatosSalonDeBelleza\venv\Lib\site-packages\pip\_vendor\certifi\__main__.py", "Python", 9, 0, 0, 0, 0, 0, 0, 0, 0, 0, 0, 0, 0, 4, 13
"c:\Users\makib\Documents\EntornosVirtuales\BaseDeDatosSalonDeBelleza\venv\Lib\site-packages\pip\_vendor\certifi\core.py", "Python", 51, 0, 0, 0, 0, 0, 0, 0, 0, 0, 0, 0, 37, 21, 109
"c:\Users\makib\Documents\EntornosVirtuales\BaseDeDatosSalonDeBelleza\venv\Lib\site-packages\pip\_vendor\chardet\__init__.py", "Python", 84, 0, 0, 0, 0, 0, 0, 0, 0, 0, 0, 0, 19, 13, 116
"c:\Users\makib\Documents\EntornosVirtuales\BaseDeDatosSalonDeBelleza\venv\Lib\site-packages\pip\_vendor\chardet\big5freq.py", "Python", 340, 0, 0, 0, 0, 0, 0, 0, 0, 0, 0, 0, 43, 4, 387
"c:\Users\makib\Documents\EntornosVirtuales\BaseDeDatosSalonDeBelleza\venv\Lib\site-packages\pip\_vendor\chardet\big5prober.py", "Python", 16, 0, 0, 0, 0, 0, 0, 0, 0, 0, 0, 0, 26, 6, 48
"c:\Users\makib\Documents\EntornosVirtuales\BaseDeDatosSalonDeBelleza\venv\Lib\site-packages\pip\_vendor\chardet\chardistribution.py", "Python", 158, 0, 0, 0, 0, 0, 0, 0, 0, 0, 0, 0, 70, 34, 262
"c:\Users\makib\Documents\EntornosVirtuales\BaseDeDatosSalonDeBelleza\venv\Lib\site-packages\pip\_vendor\chardet\charsetgroupprober.py", "Python", 71, 0, 0, 0, 0, 0, 0, 0, 0, 0, 0, 0, 26, 10, 107
"c:\Users\makib\Documents\EntornosVirtuales\BaseDeDatosSalonDeBelleza\venv\Lib\site-packages\pip\_vendor\chardet\charsetprober.py", "Python", 80, 0, 0, 0, 0, 0, 0, 0, 0, 0, 0, 0, 43, 25, 148
"c:\Users\makib\Documents\EntornosVirtuales\BaseDeDatosSalonDeBelleza\venv\Lib\site-packages\pip\_vendor\chardet\cli\__init__.py", "Python", 0, 0, 0, 0, 0, 0, 0, 0, 0, 0, 0, 0, 0, 1, 1
"c:\Users\makib\Documents\EntornosVirtuales\BaseDeDatosSalonDeBelleza\venv\Lib\site-packages\pip\_vendor\chardet\cli\chardetect.py", "Python", 94, 0, 0, 0, 0, 0, 0, 0, 0, 0, 0, 0, 2, 17, 113
"c:\Users\makib\Documents\EntornosVirtuales\BaseDeDatosSalonDeBelleza\venv\Lib\site-packages\pip\_vendor\chardet\codingstatemachine.py", "Python", 48, 0, 0, 0, 0, 0, 0, 0, 0, 0, 0, 0, 29, 14, 91
"c:\Users\makib\Documents\EntornosVirtuales\BaseDeDatosSalonDeBelleza\venv\Lib\site-packages\pip\_vendor\chardet\codingstatemachinedict.py", "Python", 12, 0, 0, 0, 0, 0, 0, 0, 0, 0, 0, 0, 4, 4, 20
"c:\Users\makib\Documents\EntornosVirtuales\BaseDeDatosSalonDeBelleza\venv\Lib\site-packages\pip\_vendor\chardet\cp949prober.py", "Python", 16, 0, 0, 0, 0, 0, 0, 0, 0, 0, 0, 0, 28, 6, 50
"c:\Users\makib\Documents\EntornosVirtuales\BaseDeDatosSalonDeBelleza\venv\Lib\site-packages\pip\_vendor\chardet\enums.py", "Python", 63, 0, 0, 0, 0, 0, 0, 0, 0, 0, 0, 0, 0, 23, 86
"c:\Users\makib\Documents\EntornosVirtuales\BaseDeDatosSalonDeBelleza\venv\Lib\site-packages\pip\_vendor\chardet\escprober.py", "Python", 65, 0, 0, 0, 0, 0, 0, 0, 0, 0, 0, 0, 26, 12, 103
"c:\Users\makib\Documents\EntornosVirtuales\BaseDeDatosSalonDeBelleza\venv\Lib\site-packages\pip\_vendor\chardet\escsm.py", "Python", 210, 0, 0, 0, 0, 0, 0, 0, 0, 0, 0, 0, 34, 18, 262
"c:\Users\makib\Documents\EntornosVirtuales\BaseDeDatosSalonDeBelleza\venv\Lib\site-packages\pip\_vendor\chardet\eucjpprober.py", "Python", 61, 0, 0, 0, 0, 0, 0, 0, 0, 0, 0, 0, 27, 15, 103
"c:\Users\makib\Documents\EntornosVirtuales\BaseDeDatosSalonDeBelleza\venv\Lib\site-packages\pip\_vendor\chardet\euckrfreq.py", "Python", 151, 0, 0, 0, 0, 0, 0, 0, 0, 0, 0, 0, 40, 6, 197
"c:\Users\makib\Documents\EntornosVirtuales\BaseDeDatosSalonDeBelleza\venv\Lib\site-packages\pip\_vendor\chardet\euckrprober.py", "Python", 16, 0, 0, 0, 0, 0, 0, 0, 0, 0, 0, 0, 26, 6, 48
"c:\Users\makib\Documents\EntornosVirtuales\BaseDeDatosSalonDeBelleza\venv\Lib\site-packages\pip\_vendor\chardet\euctwfreq.py", "Python", 340, 0, 0, 0, 0, 0, 0, 0, 0, 0, 0, 0, 43, 6, 389
"c:\Users\makib\Documents\EntornosVirtuales\BaseDeDatosSalonDeBelleza\venv\Lib\site-packages\pip\_vendor\chardet\euctwprober.py", "Python", 16, 0, 0, 0, 0, 0, 0, 0, 0, 0, 0, 0, 26, 6, 48
"c:\Users\makib\Documents\EntornosVirtuales\BaseDeDatosSalonDeBelleza\venv\Lib\site-packages\pip\_vendor\chardet\gb2312freq.py", "Python", 239, 0, 0, 0, 0, 0, 0, 0, 0, 0, 0, 0, 40, 6, 285
"c:\Users\makib\Documents\EntornosVirtuales\BaseDeDatosSalonDeBelleza\venv\Lib\site-packages\pip\_vendor\chardet\gb2312prober.py", "Python", 16, 0, 0, 0, 0, 0, 0, 0, 0, 0, 0, 0, 26, 6, 48
"c:\Users\makib\Documents\EntornosVirtuales\BaseDeDatosSalonDeBelleza\venv\Lib\site-packages\pip\_vendor\chardet\hebrewprober.py", "Python", 103, 0, 0, 0, 0, 0, 0, 0, 0, 0, 0, 0, 186, 28, 317
"c:\Users\makib\Documents\EntornosVirtuales\BaseDeDatosSalonDeBelleza\venv\Lib\site-packages\pip\_vendor\chardet\jisfreq.py", "Python", 277, 0, 0, 0, 0, 0, 0, 0, 0, 0, 0, 0, 43, 6, 326
"c:\Users\makib\Documents\EntornosVirtuales\BaseDeDatosSalonDeBelleza\venv\Lib\site-packages\pip\_vendor\chardet\johabfreq.py", "Python", 2352, 0, 0, 0, 0, 0, 0, 0, 0, 0, 0, 0, 28, 3, 2383
"c:\Users\makib\Documents\EntornosVirtuales\BaseDeDatosSalonDeBelleza\venv\Lib\site-packages\pip\_vendor\chardet\johabprober.py", "Python", 16, 0, 0, 0, 0, 0, 0, 0, 0, 0, 0, 0, 26, 6, 48
"c:\Users\makib\Documents\EntornosVirtuales\BaseDeDatosSalonDeBelleza\venv\Lib\site-packages\pip\_vendor\chardet\jpcntx.py", "Python", 171, 0, 0, 0, 0, 0, 0, 0, 0, 0, 0, 0, 46, 22, 239
"c:\Users\makib\Documents\EntornosVirtuales\BaseDeDatosSalonDeBelleza\venv\Lib\site-packages\pip\_vendor\chardet\langbulgarianmodel.py", "Python", 4632, 0, 0, 0, 0, 0, 0, 0, 0, 0, 0, 0, 10, 8, 4650
"c:\Users\makib\Documents\EntornosVirtuales\BaseDeDatosSalonDeBelleza\venv\Lib\site-packages\pip\_vendor\chardet\langgreekmodel.py", "Python", 4380, 0, 0, 0, 0, 0, 0, 0, 0, 0, 0, 0, 10, 8, 4398
"c:\Users\makib\Documents\EntornosVirtuales\BaseDeDatosSalonDeBelleza\venv\Lib\site-packages\pip\_vendor\chardet\langhebrewmodel.py", "Python", 4365, 0, 0, 0, 0, 0, 0, 0, 0, 0, 0, 0, 10, 6, 4381
"c:\Users\makib\Documents\EntornosVirtuales\BaseDeDatosSalonDeBelleza\venv\Lib\site-packages\pip\_vendor\chardet\langhungarianmodel.py", "Python", 4632, 0, 0, 0, 0, 0, 0, 0, 0, 0, 0, 0, 10, 8, 4650
"c:\Users\makib\Documents\EntornosVirtuales\BaseDeDatosSalonDeBelleza\venv\Lib\site-packages\pip\_vendor\chardet\langrussianmodel.py", "Python", 5700, 0, 0, 0, 0, 0, 0, 0, 0, 0, 0, 0, 10, 16, 5726
"c:\Users\makib\Documents\EntornosVirtuales\BaseDeDatosSalonDeBelleza\venv\Lib\site-packages\pip\_vendor\chardet\langthaimodel.py", "Python", 4365, 0, 0, 0, 0, 0, 0, 0, 0, 0, 0, 0, 10, 6, 4381
"c:\Users\makib\Documents\EntornosVirtuales\BaseDeDatosSalonDeBelleza\venv\Lib\site-packages\pip\_vendor\chardet\langturkishmodel.py", "Python", 4365, 0, 0, 0, 0, 0, 0, 0, 0, 0, 0, 0, 10, 6, 4381
"c:\Users\makib\Documents\EntornosVirtuales\BaseDeDatosSalonDeBelleza\venv\Lib\site-packages\pip\_vendor\chardet\latin1prober.py", "Python", 96, 0, 0, 0, 0, 0, 0, 0, 0, 0, 0, 0, 36, 16, 148
"c:\Users\makib\Documents\EntornosVirtuales\BaseDeDatosSalonDeBelleza\venv\Lib\site-packages\pip\_vendor\chardet\macromanprober.py", "Python", 99, 0, 0, 0, 0, 0, 0, 0, 0, 0, 0, 0, 45, 19, 163
"c:\Users\makib\Documents\EntornosVirtuales\BaseDeDatosSalonDeBelleza\venv\Lib\site-packages\pip\_vendor\chardet\mbcharsetprober.py", "Python", 55, 0, 0, 0, 0, 0, 0, 0, 0, 0, 0, 0, 28, 13, 96
"c:\Users\makib\Documents\EntornosVirtuales\BaseDeDatosSalonDeBelleza\venv\Lib\site-packages\pip\_vendor\chardet\mbcsgroupprober.py", "Python", 26, 0, 0, 0, 0, 0, 0, 0, 0, 0, 0, 0, 28, 4, 58
"c:\Users\makib\Documents\EntornosVirtuales\BaseDeDatosSalonDeBelleza\venv\Lib\site-packages\pip\_vendor\chardet\mbcssm.py", "Python", 547, 0, 0, 0, 0, 0, 0, 0, 0, 0, 0, 0, 68, 47, 662
"c:\Users\makib\Documents\EntornosVirtuales\BaseDeDatosSalonDeBelleza\venv\Lib\site-packages\pip\_vendor\chardet\metadata\__init__.py", "Python", 0, 0, 0, 0, 0, 0, 0, 0, 0, 0, 0, 0, 0, 1, 1
"c:\Users\makib\Documents\EntornosVirtuales\BaseDeDatosSalonDeBelleza\venv\Lib\site-packages\pip\_vendor\chardet\metadata\languages.py", "Python", 308, 0, 0, 0, 0, 0, 0, 0, 0, 0, 0, 0, 34, 11, 353
"c:\Users\makib\Documents\EntornosVirtuales\BaseDeDatosSalonDeBelleza\venv\Lib\site-packages\pip\_vendor\chardet\resultdict.py", "Python", 9, 0, 0, 0, 0, 0, 0, 0, 0, 0, 0, 0, 4, 4, 17
"c:\Users\makib\Documents\EntornosVirtuales\BaseDeDatosSalonDeBelleza\venv\Lib\site-packages\pip\_vendor\chardet\sbcharsetprober.py", "Python", 108, 0, 0, 0, 0, 0, 0, 0, 0, 0, 0, 0, 40, 15, 163
"c:\Users\makib\Documents\EntornosVirtuales\BaseDeDatosSalonDeBelleza\venv\Lib\site-packages\pip\_vendor\chardet\sbcsgroupprober.py", "Python", 45, 0, 0, 0, 0, 0, 0, 0, 0, 0, 0, 0, 39, 5, 89
"c:\Users\makib\Documents\EntornosVirtuales\BaseDeDatosSalonDeBelleza\venv\Lib\site-packages\pip\_vendor\chardet\sjisprober.py", "Python", 65, 0, 0, 0, 0, 0, 0, 0, 0, 0, 0, 0, 26, 15, 106
"c:\Users\makib\Documents\EntornosVirtuales\BaseDeDatosSalonDeBelleza\venv\Lib\site-packages\pip\_vendor\chardet\universaldetector.py", "Python", 265, 0, 0, 0, 0, 0, 0, 0, 0, 0, 0, 0, 63, 35, 363
"c:\Users\makib\Documents\EntornosVirtuales\BaseDeDatosSalonDeBelleza\venv\Lib\site-packages\pip\_vendor\chardet\utf1632prober.py", "Python", 175, 0, 0, 0, 0, 0, 0, 0, 0, 0, 0, 0, 26, 25, 226
"c:\Users\makib\Documents\EntornosVirtuales\BaseDeDatosSalonDeBelleza\venv\Lib\site-packages\pip\_vendor\chardet\utf8prober.py", "Python", 44, 0, 0, 0, 0, 0, 0, 0, 0, 0, 0, 0, 26, 13, 83
"c:\Users\makib\Documents\EntornosVirtuales\BaseDeDatosSalonDeBelleza\venv\Lib\site-packages\pip\_vendor\chardet\version.py", "Python", 7, 0, 0, 0, 0, 0, 0, 0, 0, 0, 0, 0, 0, 3, 10
"c:\Users\makib\Documents\EntornosVirtuales\BaseDeDatosSalonDeBelleza\venv\Lib\site-packages\pip\_vendor\colorama\__init__.py", "Python", 4, 0, 0, 0, 0, 0, 0, 0, 0, 0, 0, 0, 1, 3, 8
"c:\Users\makib\Documents\EntornosVirtuales\BaseDeDatosSalonDeBelleza\venv\Lib\site-packages\pip\_vendor\colorama\ansi.py", "Python", 77, 0, 0, 0, 0, 0, 0, 0, 0, 0, 0, 0, 6, 20, 103
"c:\Users\makib\Documents\EntornosVirtuales\BaseDeDatosSalonDeBelleza\venv\Lib\site-packages\pip\_vendor\colorama\ansitowin32.py", "Python", 209, 0, 0, 0, 0, 0, 0, 0, 0, 0, 0, 0, 25, 44, 278
"c:\Users\makib\Documents\EntornosVirtuales\BaseDeDatosSalonDeBelleza\venv\Lib\site-packages\pip\_vendor\colorama\initialise.py", "Python", 83, 0, 0, 0, 0, 0, 0, 0, 0, 0, 0, 0, 8, 31, 122
"c:\Users\makib\Documents\EntornosVirtuales\BaseDeDatosSalonDeBelleza\venv\Lib\site-packages\pip\_vendor\colorama\tests\__init__.py", "Python", 0, 0, 0, 0, 0, 0, 0, 0, 0, 0, 0, 0, 1, 1, 2
"c:\Users\makib\Documents\EntornosVirtuales\BaseDeDatosSalonDeBelleza\venv\Lib\site-packages\pip\_vendor\colorama\tests\ansi_test.py", "Python", 55, 0, 0, 0, 0, 0, 0, 0, 0, 0, 0, 0, 5, 17, 77
"c:\Users\makib\Documents\EntornosVirtuales\BaseDeDatosSalonDeBelleza\venv\Lib\site-packages\pip\_vendor\colorama\tests\ansitowin32_test.py", "Python", 243, 0, 0, 0, 0, 0, 0, 0, 0, 0, 0, 0, 8, 44, 295
"c:\Users\makib\Documents\EntornosVirtuales\BaseDeDatosSalonDeBelleza\venv\Lib\site-packages\pip\_vendor\colorama\tests\initialise_test.py", "Python", 145, 0, 0, 0, 0, 0, 0, 0, 0, 0, 0, 0, 10, 35, 190
"c:\Users\makib\Documents\EntornosVirtuales\BaseDeDatosSalonDeBelleza\venv\Lib\site-packages\pip\_vendor\colorama\tests\isatty_test.py", "Python", 43, 0, 0, 0, 0, 0, 0, 0, 0, 0, 0, 0, 1, 14, 58
"c:\Users\makib\Documents\EntornosVirtuales\BaseDeDatosSalonDeBelleza\venv\Lib\site-packages\pip\_vendor\colorama\tests\utils.py", "Python", 41, 0, 0, 0, 0, 0, 0, 0, 0, 0, 0, 0, 1, 8, 50
"c:\Users\makib\Documents\EntornosVirtuales\BaseDeDatosSalonDeBelleza\venv\Lib\site-packages\pip\_vendor\colorama\tests\winterm_test.py", "Python", 99, 0, 0, 0, 0, 0, 0, 0, 0, 0, 0, 0, 1, 32, 132
"c:\Users\makib\Documents\EntornosVirtuales\BaseDeDatosSalonDeBelleza\venv\Lib\site-packages\pip\_vendor\colorama\win32.py", "Python", 146, 0, 0, 0, 0, 0, 0, 0, 0, 0, 0, 0, 10, 25, 181
"c:\Users\makib\Documents\EntornosVirtuales\BaseDeDatosSalonDeBelleza\venv\Lib\site-packages\pip\_vendor\colorama\winterm.py", "Python", 143, 0, 0, 0, 0, 0, 0, 0, 0, 0, 0, 0, 29, 24, 196
"c:\Users\makib\Documents\EntornosVirtuales\BaseDeDatosSalonDeBelleza\venv\Lib\site-packages\pip\_vendor\distlib\__init__.py", "Python", 16, 0, 0, 0, 0, 0, 0, 0, 0, 0, 0, 0, 6, 12, 34
"c:\Users\makib\Documents\EntornosVirtuales\BaseDeDatosSalonDeBelleza\venv\Lib\site-packages\pip\_vendor\distlib\compat.py", "Python", 861, 0, 0, 0, 0, 0, 0, 0, 0, 0, 0, 0, 101, 177, 1139
"c:\Users\makib\Documents\EntornosVirtuales\BaseDeDatosSalonDeBelleza\venv\Lib\site-packages\pip\_vendor\distlib\database.py", "Python", 1135, 0, 0, 0, 0, 0, 0, 0, 0, 0, 0, 0, 45, 180, 1360
"c:\Users\makib\Documents\EntornosVirtuales\BaseDeDatosSalonDeBelleza\venv\Lib\site-packages\pip\_vendor\distlib\index.py", "Python", 445, 0, 0, 0, 0, 0, 0, 0, 0, 0, 0, 0, 19, 45, 509
"c:\Users\makib\Documents\EntornosVirtuales\BaseDeDatosSalonDeBelleza\venv\Lib\site-packages\pip\_vendor\distlib\locators.py", "Python", 1107, 0, 0, 0, 0, 0, 0, 0, 0, 0, 0, 0, 77, 120, 1304
"c:\Users\makib\Documents\EntornosVirtuales\BaseDeDatosSalonDeBelleza\venv\Lib\site-packages\pip\_vendor\distlib\manifest.py", "Python", 276, 0, 0, 0, 0, 0, 0, 0, 0, 0, 0, 0, 40, 69, 385
"c:\Users\makib\Documents\EntornosVirtuales\BaseDeDatosSalonDeBelleza\venv\Lib\site-packages\pip\_vendor\distlib\markers.py", "Python", 129, 0, 0, 0, 0, 0, 0, 0, 0, 0, 0, 0, 9, 30, 168
"c:\Users\makib\Documents\EntornosVirtuales\BaseDeDatosSalonDeBelleza\venv\Lib\site-packages\pip\_vendor\distlib\metadata.py", "Python", 840, 0, 0, 0, 0, 0, 0, 0, 0, 0, 0, 0, 74, 155, 1069
"c:\Users\makib\Documents\EntornosVirtuales\BaseDeDatosSalonDeBelleza\venv\Lib\site-packages\pip\_vendor\distlib\resources.py", "Python", 280, 0, 0, 0, 0, 0, 0, 0, 0, 0, 0, 0, 15, 64, 359
"c:\Users\makib\Documents\EntornosVirtuales\BaseDeDatosSalonDeBelleza\venv\Lib\site-packages\pip\_vendor\distlib\scripts.py", "Python", 359, 0, 0, 0, 0, 0, 0, 0, 0, 0, 0, 0, 48, 46, 453
"c:\Users\makib\Documents\EntornosVirtuales\BaseDeDatosSalonDeBelleza\venv\Lib\site-packages\pip\_vendor\distlib\util.py", "Python", 1564, 0, 0, 0, 0, 0, 0, 0, 0, 0, 0, 0, 167, 295, 2026
"c:\Users\makib\Documents\EntornosVirtuales\BaseDeDatosSalonDeBelleza\venv\Lib\site-packages\pip\_vendor\distlib\version.py", "Python", 533, 0, 0, 0, 0, 0, 0, 0, 0, 0, 0, 0, 86, 133, 752
"c:\Users\makib\Documents\EntornosVirtuales\BaseDeDatosSalonDeBelleza\venv\Lib\site-packages\pip\_vendor\distlib\wheel.py", "Python", 902, 0, 0, 0, 0, 0, 0, 0, 0, 0, 0, 0, 81, 117, 1100
"c:\Users\makib\Documents\EntornosVirtuales\BaseDeDatosSalonDeBelleza\venv\Lib\site-packages\pip\_vendor\distro\__init__.py", "Python", 52, 0, 0, 0, 0, 0, 0, 0, 0, 0, 0, 0, 0, 3, 55
"c:\Users\makib\Documents\EntornosVirtuales\BaseDeDatosSalonDeBelleza\venv\Lib\site-packages\pip\_vendor\distro\__main__.py", "Python", 3, 0, 0, 0, 0, 0, 0, 0, 0, 0, 0, 0, 0, 2, 5
"c:\Users\makib\Documents\EntornosVirtuales\BaseDeDatosSalonDeBelleza\venv\Lib\site-packages\pip\_vendor\distro\distro.py", "Python", 1035, 0, 0, 0, 0, 0, 0, 0, 0, 0, 0, 0, 90, 275, 1400
"c:\Users\makib\Documents\EntornosVirtuales\BaseDeDatosSalonDeBelleza\venv\Lib\site-packages\pip\_vendor\idna\__init__.py", "Python", 43, 0, 0, 0, 0, 0, 0, 0, 0, 0, 0, 0, 0, 2, 45
"c:\Users\makib\Documents\EntornosVirtuales\BaseDeDatosSalonDeBelleza\venv\Lib\site-packages\pip\_vendor\idna\codec.py", "Python", 84, 0, 0, 0, 0, 0, 0, 0, 0, 0, 0, 0, 4, 25, 113
"c:\Users\makib\Documents\EntornosVirtuales\BaseDeDatosSalonDeBelleza\venv\Lib\site-packages\pip\_vendor\idna\compat.py", "Python", 9, 0, 0, 0, 0, 0, 0, 0, 0, 0, 0, 0, 0, 5, 14
"c:\Users\makib\Documents\EntornosVirtuales\BaseDeDatosSalonDeBelleza\venv\Lib\site-packages\pip\_vendor\idna\core.py", "Python", 319, 0, 0, 0, 0, 0, 0, 0, 0, 0, 0, 0, 8, 74, 401
"c:\Users\makib\Documents\EntornosVirtuales\BaseDeDatosSalonDeBelleza\venv\Lib\site-packages\pip\_vendor\idna\idnadata.py", "Python", 2149, 0, 0, 0, 0, 0, 0, 0, 0, 0, 0, 0, 1, 2, 2152
"c:\Users\makib\Documents\EntornosVirtuales\BaseDeDatosSalonDeBelleza\venv\Lib\site-packages\pip\_vendor\idna\intranges.py", "Python", 42, 0, 0, 0, 0, 0, 0, 0, 0, 0, 0, 0, 3, 10, 55
"c:\Users\makib\Documents\EntornosVirtuales\BaseDeDatosSalonDeBelleza\venv\Lib\site-packages\pip\_vendor\idna\package_data.py", "Python", 1, 0, 0, 0, 0, 0, 0, 0, 0, 0, 0, 0, 0, 2, 3
"c:\Users\makib\Documents\EntornosVirtuales\BaseDeDatosSalonDeBelleza\venv\Lib\site-packages\pip\_vendor\idna\uts46data.py", "Python", 8511, 0, 0, 0, 0, 0, 0, 0, 0, 0, 0, 0, 2, 88, 8601
"c:\Users\makib\Documents\EntornosVirtuales\BaseDeDatosSalonDeBelleza\venv\Lib\site-packages\pip\_vendor\msgpack\__init__.py", "Python", 38, 0, 0, 0, 0, 0, 0, 0, 0, 0, 0, 0, 2, 18, 58
"c:\Users\makib\Documents\EntornosVirtuales\BaseDeDatosSalonDeBelleza\venv\Lib\site-packages\pip\_vendor\msgpack\exceptions.py", "Python", 28, 0, 0, 0, 0, 0, 0, 0, 0, 0, 0, 0, 2, 19, 49
"c:\Users\makib\Documents\EntornosVirtuales\BaseDeDatosSalonDeBelleza\venv\Lib\site-packages\pip\_vendor\msgpack\ext.py", "Python", 149, 0, 0, 0, 0, 0, 0, 0, 0, 0, 0, 0, 4, 41, 194
"c:\Users\makib\Documents\EntornosVirtuales\BaseDeDatosSalonDeBelleza\venv\Lib\site-packages\pip\_vendor\msgpack\fallback.py", "Python", 857, 0, 0, 0, 0, 0, 0, 0, 0, 0, 0, 0, 22, 132, 1011
"c:\Users\makib\Documents\EntornosVirtuales\BaseDeDatosSalonDeBelleza\venv\Lib\site-packages\pip\_vendor\packaging\__about__.py", "Python", 18, 0, 0, 0, 0, 0, 0, 0, 0, 0, 0, 0, 3, 6, 27
"c:\Users\makib\Documents\EntornosVirtuales\BaseDeDatosSalonDeBelleza\venv\Lib\site-packages\pip\_vendor\packaging\__init__.py", "Python", 20, 0, 0, 0, 0, 0, 0, 0, 0, 0, 0, 0, 3, 3, 26
"c:\Users\makib\Documents\EntornosVirtuales\BaseDeDatosSalonDeBelleza\venv\Lib\site-packages\pip\_vendor\packaging\_manylinux.py", "Python", 212, 0, 0, 0, 0, 0, 0, 0, 0, 0, 0, 0, 51, 39, 302
"c:\Users\makib\Documents\EntornosVirtuales\BaseDeDatosSalonDeBelleza\venv\Lib\site-packages\pip\_vendor\packaging\_musllinux.py", "Python", 107, 0, 0, 0, 0, 0, 0, 0, 0, 0, 0, 0, 4, 26, 137
"c:\Users\makib\Documents\EntornosVirtuales\BaseDeDatosSalonDeBelleza\venv\Lib\site-packages\pip\_vendor\packaging\_structures.py", "Python", 36, 0, 0, 0, 0, 0, 0, 0, 0, 0, 0, 0, 3, 23, 62
"c:\Users\makib\Documents\EntornosVirtuales\BaseDeDatosSalonDeBelleza\venv\Lib\site-packages\pip\_vendor\packaging\markers.py", "Python", 224, 0, 0, 0, 0, 0, 0, 0, 0, 0, 0, 0, 7, 74, 305
"c:\Users\makib\Documents\EntornosVirtuales\BaseDeDatosSalonDeBelleza\venv\Lib\site-packages\pip\_vendor\packaging\requirements.py", "Python", 105, 0, 0, 0, 0, 0, 0, 0, 0, 0, 0, 0, 9, 33, 147
"c:\Users\makib\Documents\EntornosVirtuales\BaseDeDatosSalonDeBelleza\venv\Lib\site-packages\pip\_vendor\packaging\specifiers.py", "Python", 490, 0, 0, 0, 0, 0, 0, 0, 0, 0, 0, 0, 156, 157, 803
"c:\Users\makib\Documents\EntornosVirtuales\BaseDeDatosSalonDeBelleza\venv\Lib\site-packages\pip\_vendor\packaging\tags.py", "Python", 373, 0, 0, 0, 0, 0, 0, 0, 0, 0, 0, 0, 26, 89, 488
"c:\Users\makib\Documents\EntornosVirtuales\BaseDeDatosSalonDeBelleza\venv\Lib\site-packages\pip\_vendor\packaging\utils.py", "Python", 91, 0, 0, 0, 0, 0, 0, 0, 0, 0, 0, 0, 16, 30, 137
"c:\Users\makib\Documents\EntornosVirtuales\BaseDeDatosSalonDeBelleza\venv\Lib\site-packages\pip\_vendor\packaging\version.py", "Python", 334, 0, 0, 0, 0, 0, 0, 0, 0, 0, 0, 0, 58, 113, 505
"c:\Users\makib\Documents\EntornosVirtuales\BaseDeDatosSalonDeBelleza\venv\Lib\site-packages\pip\_vendor\pkg_resources\__init__.py", "Python", 2548, 0, 0, 0, 0, 0, 0, 0, 0, 0, 0, 0, 154, 660, 3362
"c:\Users\makib\Documents\EntornosVirtuales\BaseDeDatosSalonDeBelleza\venv\Lib\site-packages\pip\_vendor\platformdirs\__init__.py", "Python", 495, 0, 0, 0, 0, 0, 0, 0, 0, 0, 0, 0, 0, 72, 567
"c:\Users\makib\Documents\EntornosVirtuales\BaseDeDatosSalonDeBelleza\venv\Lib\site-packages\pip\_vendor\platformdirs\__main__.py", "Python", 42, 0, 0, 0, 0, 0, 0, 0, 0, 0, 0, 0, 0, 12, 54
"c:\Users\makib\Documents\EntornosVirtuales\BaseDeDatosSalonDeBelleza\venv\Lib\site-packages\pip\_vendor\platformdirs\android.py", "Python", 160, 0, 0, 0, 0, 0, 0, 0, 0, 0, 0, 0, 7, 44, 211
"c:\Users\makib\Documents\EntornosVirtuales\BaseDeDatosSalonDeBelleza\venv\Lib\site-packages\pip\_vendor\platformdirs\api.py", "Python", 186, 0, 0, 0, 0, 0, 0, 0, 0, 0, 0, 0, 0, 38, 224
"c:\Users\makib\Documents\EntornosVirtuales\BaseDeDatosSalonDeBelleza\venv\Lib\site-packages\pip\_vendor\platformdirs\macos.py", "Python", 71, 0, 0, 0, 0, 0, 0, 0, 0, 0, 0, 0, 0, 21, 92
"c:\Users\makib\Documents\EntornosVirtuales\BaseDeDatosSalonDeBelleza\venv\Lib\site-packages\pip\_vendor\platformdirs\unix.py", "Python", 180, 0, 0, 0, 0, 0, 0, 0, 0, 0, 0, 0, 5, 39, 224
"c:\Users\makib\Documents\EntornosVirtuales\BaseDeDatosSalonDeBelleza\venv\Lib\site-packages\pip\_vendor\platformdirs\version.py", "Python", 2, 0, 0, 0, 0, 0, 0, 0, 0, 0, 0, 0, 2, 1, 5
"c:\Users\makib\Documents\EntornosVirtuales\BaseDeDatosSalonDeBelleza\venv\Lib\site-packages\pip\_vendor\platformdirs\windows.py", "Python", 206, 0, 0, 0, 0, 0, 0, 0, 0, 0, 0, 0, 4, 46, 256
"c:\Users\makib\Documents\EntornosVirtuales\BaseDeDatosSalonDeBelleza\venv\Lib\site-packages\pip\_vendor\pygments\__init__.py", "Python", 65, 0, 0, 0, 0, 0, 0, 0, 0, 0, 0, 0, 2, 16, 83
"c:\Users\makib\Documents\EntornosVirtuales\BaseDeDatosSalonDeBelleza\venv\Lib\site-packages\pip\_vendor\pygments\__main__.py", "Python", 13, 0, 0, 0, 0, 0, 0, 0, 0, 0, 0, 0, 0, 5, 18
"c:\Users\makib\Documents\EntornosVirtuales\BaseDeDatosSalonDeBelleza\venv\Lib\site-packages\pip\_vendor\pygments\cmdline.py", "Python", 554, 0, 0, 0, 0, 0, 0, 0, 0, 0, 0, 0, 39, 76, 669
"c:\Users\makib\Documents\EntornosVirtuales\BaseDeDatosSalonDeBelleza\venv\Lib\site-packages\pip\_vendor\pygments\console.py", "Python", 54, 0, 0, 0, 0, 0, 0, 0, 0, 0, 0, 0, 0, 17, 71
"c:\Users\makib\Documents\EntornosVirtuales\BaseDeDatosSalonDeBelleza\venv\Lib\site-packages\pip\_vendor\pygments\filter.py", "Python", 55, 0, 0, 0, 0, 0, 0, 0, 0, 0, 0, 0, 1, 16, 72
"c:\Users\makib\Documents\EntornosVirtuales\BaseDeDatosSalonDeBelleza\venv\Lib\site-packages\pip\_vendor\pygments\filters\__init__.py", "Python", 858, 0, 0, 0, 0, 0, 0, 0, 0, 0, 0, 0, 3, 80, 941
"c:\Users\makib\Documents\EntornosVirtuales\BaseDeDatosSalonDeBelleza\venv\Lib\site-packages\pip\_vendor\pygments\formatter.py", "Python", 88, 0, 0, 0, 0, 0, 0, 0, 0, 0, 0, 0, 10, 27, 125
"c:\Users\makib\Documents\EntornosVirtuales\BaseDeDatosSalonDeBelleza\venv\Lib\site-packages\pip\_vendor\pygments\formatters\__init__.py", "Python", 123, 0, 0, 0, 0, 0, 0, 0, 0, 0, 0, 0, 4, 32, 159
"c:\Users\makib\Documents\EntornosVirtuales\BaseDeDatosSalonDeBelleza\venv\Lib\site-packages\pip\_vendor\pygments\formatters\_mapping.py", "Python", 20, 0, 0, 0, 0, 0, 0, 0, 0, 0, 0, 0, 2, 2, 24
"c:\Users\makib\Documents\EntornosVirtuales\BaseDeDatosSalonDeBelleza\venv\Lib\site-packages\pip\_vendor\pygments\formatters\bbcode.py", "Python", 85, 0, 0, 0, 0, 0, 0, 0, 0, 0, 0, 0, 1, 23, 109
"c:\Users\makib\Documents\EntornosVirtuales\BaseDeDatosSalonDeBelleza\venv\Lib\site-packages\pip\_vendor\pygments\formatters\groff.py", "Python", 128, 0, 0, 0, 0, 0, 0, 0, 0, 0, 0, 0, 0, 43, 171
"c:\Users\makib\Documents\EntornosVirtuales\BaseDeDatosSalonDeBelleza\venv\Lib\site-packages\pip\_vendor\pygments\formatters\html.py", "Python", 789, 0, 0, 0, 0, 0, 0, 0, 0, 0, 0, 0, 23, 178, 990
"c:\Users\makib\Documents\EntornosVirtuales\BaseDeDatosSalonDeBelleza\venv\Lib\site-packages\pip\_vendor\pygments\formatters\img.py", "Python", 520, 0, 0, 0, 0, 0, 0, 0, 0, 0, 0, 0, 22, 104, 646
"c:\Users\makib\Documents\EntornosVirtuales\BaseDeDatosSalonDeBelleza\venv\Lib\site-packages\pip\_vendor\pygments\formatters\irc.py", "Python", 126, 0, 0, 0, 0, 0, 0, 0, 0, 0, 0, 0, 4, 25, 155
"c:\Users\makib\Documents\EntornosVirtuales\BaseDeDatosSalonDeBelleza\venv\Lib\site-packages\pip\_vendor\pygments\formatters\latex.py", "Python", 405, 0, 0, 0, 0, 0, 0, 0, 0, 0, 0, 0, 45, 72, 522
"c:\Users\makib\Documents\EntornosVirtuales\BaseDeDatosSalonDeBelleza\venv\Lib\site-packages\pip\_vendor\pygments\formatters\other.py", "Python", 129, 0, 0, 0, 0, 0, 0, 0, 0, 0, 0, 0, 3, 30, 162
"c:\Users\makib\Documents\EntornosVirtuales\BaseDeDatosSalonDeBelleza\venv\Lib\site-packages\pip\_vendor\pygments\formatters\pangomarkup.py", "Python", 62, 0, 0, 0, 0, 0, 0, 0, 0, 0, 0, 0, 0, 22, 84
"c:\Users\makib\Documents\EntornosVirtuales\BaseDeDatosSalonDeBelleza\venv\Lib\site-packages\pip\_vendor\pygments\formatters\rtf.py", "Python", 111, 0, 0, 0, 0, 0, 0, 0, 0, 0, 0, 0, 9, 27, 147
"c:\Users\makib\Documents\EntornosVirtuales\BaseDeDatosSalonDeBelleza\venv\Lib\site-packages\pip\_vendor\pygments\formatters\svg.py", "Python", 156, 0, 0, 0, 0, 0, 0, 0, 0, 0, 0, 0, 0, 33, 189
"c:\Users\makib\Documents\EntornosVirtuales\BaseDeDatosSalonDeBelleza\venv\Lib\site-packages\pip\_vendor\pygments\formatters\terminal.py", "Python", 97, 0, 0, 0, 0, 0, 0, 0, 0, 0, 0, 0, 5, 26, 128
"c:\Users\makib\Documents\EntornosVirtuales\BaseDeDatosSalonDeBelleza\venv\Lib\site-packages\pip\_vendor\pygments\formatters\terminal256.py", "Python", 255, 0, 0, 0, 0, 0, 0, 0, 0, 0, 0, 0, 21, 63, 339
"c:\Users\makib\Documents\EntornosVirtuales\BaseDeDatosSalonDeBelleza\venv\Lib\site-packages\pip\_vendor\pygments\lexer.py", "Python", 719, 0, 0, 0, 0, 0, 0, 0, 0, 0, 0, 0, 85, 140, 944
"c:\Users\makib\Documents\EntornosVirtuales\BaseDeDatosSalonDeBelleza\venv\Lib\site-packages\pip\_vendor\pygments\lexers\__init__.py", "Python", 275, 0, 0, 0, 0, 0, 0, 0, 0, 0, 0, 0, 22, 66, 363
"c:\Users\makib\Documents\EntornosVirtuales\BaseDeDatosSalonDeBelleza\venv\Lib\site-packages\pip\_vendor\pygments\lexers\_mapping.py", "Python", 556, 0, 0, 0, 0, 0, 0, 0, 0, 0, 0, 0, 2, 2, 560
"c:\Users\makib\Documents\EntornosVirtuales\BaseDeDatosSalonDeBelleza\venv\Lib\site-packages\pip\_vendor\pygments\lexers\python.py", "Python", 1056, 0, 0, 0, 0, 0, 0, 0, 0, 0, 0, 0, 67, 76, 1199
"c:\Users\makib\Documents\EntornosVirtuales\BaseDeDatosSalonDeBelleza\venv\Lib\site-packages\pip\_vendor\pygments\modeline.py", "Python", 32, 0, 0, 0, 0, 0, 0, 0, 0, 0, 0, 0, 0, 12, 44
"c:\Users\makib\Documents\EntornosVirtuales\BaseDeDatosSalonDeBelleza\venv\Lib\site-packages\pip\_vendor\pygments\plugin.py", "Python", 61, 0, 0, 0, 0, 0, 0, 0, 0, 0, 0, 0, 4, 24, 89
"c:\Users\makib\Documents\EntornosVirtuales\BaseDeDatosSalonDeBelleza\venv\Lib\site-packages\pip\_vendor\pygments\regexopt.py", "Python", 66, 0, 0, 0, 0, 0, 0, 0, 0, 0, 0, 0, 13, 13, 92
"c:\Users\makib\Documents\EntornosVirtuales\BaseDeDatosSalonDeBelleza\venv\Lib\site-packages\pip\_vendor\pygments\scanner.py", "Python", 89, 0, 0, 0, 0, 0, 0, 0, 0, 0, 0, 0, 0, 16, 105
"c:\Users\makib\Documents\EntornosVirtuales\BaseDeDatosSalonDeBelleza\venv\Lib\site-packages\pip\_vendor\pygments\sphinxext.py", "Python", 174, 0, 0, 0, 0, 0, 0, 0, 0, 0, 0, 0, 0, 44, 218
"c:\Users\makib\Documents\EntornosVirtuales\BaseDeDatosSalonDeBelleza\venv\Lib\site-packages\pip\_vendor\pygments\style.py", "Python", 153, 0, 0, 0, 0, 0, 0, 0, 0, 0, 0, 0, 17, 28, 198
"c:\Users\makib\Documents\EntornosVirtuales\BaseDeDatosSalonDeBelleza\venv\Lib\site-packages\pip\_vendor\pygments\styles\__init__.py", "Python", 90, 0, 0, 0, 0, 0, 0, 0, 0, 0, 0, 0, 3, 11, 104
"c:\Users\makib\Documents\EntornosVirtuales\BaseDeDatosSalonDeBelleza\venv\Lib\site-packages\pip\_vendor\pygments\token.py", "Python", 164, 0, 0, 0, 0, 0, 0, 0, 0, 0, 0, 0, 12, 38, 214
"c:\Users\makib\Documents\EntornosVirtuales\BaseDeDatosSalonDeBelleza\venv\Lib\site-packages\pip\_vendor\pygments\unistring.py", "Python", 94, 0, 0, 0, 0, 0, 0, 0, 0, 0, 0, 0, 6, 54, 154
"c:\Users\makib\Documents\EntornosVirtuales\BaseDeDatosSalonDeBelleza\venv\Lib\site-packages\pip\_vendor\pygments\util.py", "Python", 269, 0, 0, 0, 0, 0, 0, 0, 0, 0, 0, 0, 5, 57, 331
"c:\Users\makib\Documents\EntornosVirtuales\BaseDeDatosSalonDeBelleza\venv\Lib\site-packages\pip\_vendor\pyparsing\__init__.py", "Python", 268, 0, 0, 0, 0, 0, 0, 0, 0, 0, 0, 0, 26, 29, 323
"c:\Users\makib\Documents\EntornosVirtuales\BaseDeDatosSalonDeBelleza\venv\Lib\site-packages\pip\_vendor\pyparsing\actions.py", "Python", 151, 0, 0, 0, 0, 0, 0, 0, 0, 0, 0, 0, 8, 59, 218
"c:\Users\makib\Documents\EntornosVirtuales\BaseDeDatosSalonDeBelleza\venv\Lib\site-packages\pip\_vendor\pyparsing\common.py", "Python", 312, 0, 0, 0, 0, 0, 0, 0, 0, 0, 0, 0, 39, 82, 433
"c:\Users\makib\Documents\EntornosVirtuales\BaseDeDatosSalonDeBelleza\venv\Lib\site-packages\pip\_vendor\pyparsing\core.py", "Python", 4805, 0, 0, 0, 0, 0, 0, 0, 0, 0, 0, 0, 271, 1040, 6116
"c:\Users\makib\Documents\EntornosVirtuales\BaseDeDatosSalonDeBelleza\venv\Lib\site-packages\pip\_vendor\pyparsing\diagram\__init__.py", "Python", 517, 0, 0, 0, 0, 0, 0, 0, 0, 0, 0, 0, 59, 81, 657
"c:\Users\makib\Documents\EntornosVirtuales\BaseDeDatosSalonDeBelleza\venv\Lib\site-packages\pip\_vendor\pyparsing\exceptions.py", "Python", 232, 0, 0, 0, 0, 0, 0, 0, 0, 0, 0, 0, 7, 61, 300
"c:\Users\makib\Documents\EntornosVirtuales\BaseDeDatosSalonDeBelleza\venv\Lib\site-packages\pip\_vendor\pyparsing\helpers.py", "Python", 871, 0, 0, 0, 0, 0, 0, 0, 0, 0, 0, 0, 41, 189, 1101
"c:\Users\makib\Documents\EntornosVirtuales\BaseDeDatosSalonDeBelleza\venv\Lib\site-packages\pip\_vendor\pyparsing\results.py", "Python", 642, 0, 0, 0, 0, 0, 0, 0, 0, 0, 0, 0, 26, 129, 797
"c:\Users\makib\Documents\EntornosVirtuales\BaseDeDatosSalonDeBelleza\venv\Lib\site-packages\pip\_vendor\pyparsing\testing.py", "Python", 279, 0, 0, 0, 0, 0, 0, 0, 0, 0, 0, 0, 10, 43, 332
"c:\Users\makib\Documents\EntornosVirtuales\BaseDeDatosSalonDeBelleza\venv\Lib\site-packages\pip\_vendor\pyparsing\unicode.py", "Python", 307, 0, 0, 0, 0, 0, 0, 0, 0, 0, 0, 0, 5, 50, 362
"c:\Users\makib\Documents\EntornosVirtuales\BaseDeDatosSalonDeBelleza\venv\Lib\site-packages\pip\_vendor\pyparsing\util.py", "Python", 212, 0, 0, 0, 0, 0, 0, 0, 0, 0, 0, 0, 13, 60, 285
"c:\Users\makib\Documents\EntornosVirtuales\BaseDeDatosSalonDeBelleza\venv\Lib\site-packages\pip\_vendor\pyproject_hooks\__init__.py", "Python", 21, 0, 0, 0, 0, 0, 0, 0, 0, 0, 0, 0, 0, 3, 24
"c:\Users\makib\Documents\EntornosVirtuales\BaseDeDatosSalonDeBelleza\venv\Lib\site-packages\pip\_vendor\pyproject_hooks\_compat.py", "Python", 6, 0, 0, 0, 0, 0, 0, 0, 0, 0, 0, 0, 0, 3, 9
"c:\Users\makib\Documents\EntornosVirtuales\BaseDeDatosSalonDeBelleza\venv\Lib\site-packages\pip\_vendor\pyproject_hooks\_impl.py", "Python", 258, 0, 0, 0, 0, 0, 0, 0, 0, 0, 0, 0, 4, 69, 331
"c:\Users\makib\Documents\EntornosVirtuales\BaseDeDatosSalonDeBelleza\venv\Lib\site-packages\pip\_vendor\pyproject_hooks\_in_process\__init__.py", "Python", 14, 0, 0, 0, 0, 0, 0, 0, 0, 0, 0, 0, 1, 4, 19
"c:\Users\makib\Documents\EntornosVirtuales\BaseDeDatosSalonDeBelleza\venv\Lib\site-packages\pip\_vendor\pyproject_hooks\_in_process\_in_process.py", "Python", 274, 0, 0, 0, 0, 0, 0, 0, 0, 0, 0, 0, 6, 74, 354
"c:\Users\makib\Documents\EntornosVirtuales\BaseDeDatosSalonDeBelleza\venv\Lib\site-packages\pip\_vendor\requests\__init__.py", "Python", 128, 0, 0, 0, 0, 0, 0, 0, 0, 0, 0, 0, 21, 34, 183
"c:\Users\makib\Documents\EntornosVirtuales\BaseDeDatosSalonDeBelleza\venv\Lib\site-packages\pip\_vendor\requests\__version__.py", "Python", 10, 0, 0, 0, 0, 0, 0, 0, 0, 0, 0, 0, 3, 2, 15
"c:\Users\makib\Documents\EntornosVirtuales\BaseDeDatosSalonDeBelleza\venv\Lib\site-packages\pip\_vendor\requests\_internal_utils.py", "Python", 40, 0, 0, 0, 0, 0, 0, 0, 0, 0, 0, 0, 0, 11, 51
"c:\Users\makib\Documents\EntornosVirtuales\BaseDeDatosSalonDeBelleza\venv\Lib\site-packages\pip\_vendor\requests\adapters.py", "Python", 432, 0, 0, 0, 0, 0, 0, 0, 0, 0, 0, 0, 13, 94, 539
"c:\Users\makib\Documents\EntornosVirtuales\BaseDeDatosSalonDeBelleza\venv\Lib\site-packages\pip\_vendor\requests\api.py", "Python", 117, 0, 0, 0, 0, 0, 0, 0, 0, 0, 0, 0, 3, 38, 158
"c:\Users\makib\Documents\EntornosVirtuales\BaseDeDatosSalonDeBelleza\venv\Lib\site-packages\pip\_vendor\requests\auth.py", "Python", 223, 0, 0, 0, 0, 0, 0, 0, 0, 0, 0, 0, 27, 66, 316
"c:\Users\makib\Documents\EntornosVirtuales\BaseDeDatosSalonDeBelleza\venv\Lib\site-packages\pip\_vendor\requests\certs.py", "Python", 17, 0, 0, 0, 0, 0, 0, 0, 0, 0, 0, 0, 1, 7, 25
"c:\Users\makib\Documents\EntornosVirtuales\BaseDeDatosSalonDeBelleza\venv\Lib\site-packages\pip\_vendor\requests\compat.py", "Python", 44, 0, 0, 0, 0, 0, 0, 0, 0, 0, 0, 0, 12, 12, 68
"c:\Users\makib\Documents\EntornosVirtuales\BaseDeDatosSalonDeBelleza\venv\Lib\site-packages\pip\_vendor\requests\cookies.py", "Python", 439, 0, 0, 0, 0, 0, 0, 0, 0, 0, 0, 0, 12, 111, 562
"c:\Users\makib\Documents\EntornosVirtuales\BaseDeDatosSalonDeBelleza\venv\Lib\site-packages\pip\_vendor\requests\exceptions.py", "Python", 82, 0, 0, 0, 0, 0, 0, 0, 0, 0, 0, 0, 1, 59, 142
"c:\Users\makib\Documents\EntornosVirtuales\BaseDeDatosSalonDeBelleza\venv\Lib\site-packages\pip\_vendor\requests\help.py", "Python", 109, 0, 0, 0, 0, 0, 0, 0, 0, 0, 0, 0, 0, 23, 132
"c:\Users\makib\Documents\EntornosVirtuales\BaseDeDatosSalonDeBelleza\venv\Lib\site-packages\pip\_vendor\requests\hooks.py", "Python", 23, 0, 0, 0, 0, 0, 0, 0, 0, 0, 0, 0, 1, 10, 34
"c:\Users\makib\Documents\EntornosVirtuales\BaseDeDatosSalonDeBelleza\venv\Lib\site-packages\pip\_vendor\requests\models.py", "Python", 737, 0, 0, 0, 0, 0, 0, 0, 0, 0, 0, 0, 114, 184, 1035
"c:\Users\makib\Documents\EntornosVirtuales\BaseDeDatosSalonDeBelleza\venv\Lib\site-packages\pip\_vendor\requests\packages.py", "Python", 8, 0, 0, 0, 0, 0, 0, 0, 0, 0, 0, 0, 5, 4, 17
"c:\Users\makib\Documents\EntornosVirtuales\BaseDeDatosSalonDeBelleza\venv\Lib\site-packages\pip\_vendor\requests\sessions.py", "Python", 564, 0, 0, 0, 0, 0, 0, 0, 0, 0, 0, 0, 116, 154, 834
"c:\Users\makib\Documents\EntornosVirtuales\BaseDeDatosSalonDeBelleza\venv\Lib\site-packages\pip\_vendor\requests\status_codes.py", "Python", 112, 0, 0, 0, 0, 0, 0, 0, 0, 0, 0, 0, 4, 13, 129
"c:\Users\makib\Documents\EntornosVirtuales\BaseDeDatosSalonDeBelleza\venv\Lib\site-packages\pip\_vendor\requests\structures.py", "Python", 67, 0, 0, 0, 0, 0, 0, 0, 0, 0, 0, 0, 5, 28, 100
"c:\Users\makib\Documents\EntornosVirtuales\BaseDeDatosSalonDeBelleza\venv\Lib\site-packages\pip\_vendor\requests\utils.py", "Python", 775, 0, 0, 0, 0, 0, 0, 0, 0, 0, 0, 0, 86, 234, 1095
"c:\Users\makib\Documents\EntornosVirtuales\BaseDeDatosSalonDeBelleza\venv\Lib\site-packages\pip\_vendor\resolvelib\__init__.py", "Python", 23, 0, 0, 0, 0, 0, 0, 0, 0, 0, 0, 0, 0, 4, 27
"c:\Users\makib\Documents\EntornosVirtuales\BaseDeDatosSalonDeBelleza\venv\Lib\site-packages\pip\_vendor\resolvelib\compat\__init__.py", "Python", 0, 0, 0, 0, 0, 0, 0, 0, 0, 0, 0, 0, 0, 1, 1
"c:\Users\makib\Documents\EntornosVirtuales\BaseDeDatosSalonDeBelleza\venv\Lib\site-packages\pip\_vendor\resolvelib\compat\collections_abc.py", "Python", 5, 0, 0, 0, 0, 0, 0, 0, 0, 0, 0, 0, 0, 2, 7
"c:\Users\makib\Documents\EntornosVirtuales\BaseDeDatosSalonDeBelleza\venv\Lib\site-packages\pip\_vendor\resolvelib\providers.py", "Python", 105, 0, 0, 0, 0, 0, 0, 0, 0, 0, 0, 0, 0, 29, 134
"c:\Users\makib\Documents\EntornosVirtuales\BaseDeDatosSalonDeBelleza\venv\Lib\site-packages\pip\_vendor\resolvelib\reporters.py", "Python", 31, 0, 0, 0, 0, 0, 0, 0, 0, 0, 0, 0, 0, 13, 44
"c:\Users\makib\Documents\EntornosVirtuales\BaseDeDatosSalonDeBelleza\venv\Lib\site-packages\pip\_vendor\resolvelib\resolvers.py", "Python", 417, 0, 0, 0, 0, 0, 0, 0, 0, 0, 0, 0, 33, 98, 548
"c:\Users\makib\Documents\EntornosVirtuales\BaseDeDatosSalonDeBelleza\venv\Lib\site-packages\pip\_vendor\resolvelib\structs.py", "Python", 127, 0, 0, 0, 0, 0, 0, 0, 0, 0, 0, 0, 0, 44, 171
"c:\Users\makib\Documents\EntornosVirtuales\BaseDeDatosSalonDeBelleza\venv\Lib\site-packages\pip\_vendor\rich\__init__.py", "Python", 142, 0, 0, 0, 0, 0, 0, 0, 0, 0, 0, 0, 3, 33, 178
"c:\Users\makib\Documents\EntornosVirtuales\BaseDeDatosSalonDeBelleza\venv\Lib\site-packages\pip\_vendor\rich\__main__.py", "Python", 234, 0, 0, 0, 0, 0, 0, 0, 0, 0, 0, 0, 2, 39, 275
"c:\Users\makib\Documents\EntornosVirtuales\BaseDeDatosSalonDeBelleza\venv\Lib\site-packages\pip\_vendor\rich\_cell_widths.py", "Python", 449, 0, 0, 0, 0, 0, 0, 0, 0, 0, 0, 0, 1, 2, 452
"c:\Users\makib\Documents\EntornosVirtuales\BaseDeDatosSalonDeBelleza\venv\Lib\site-packages\pip\_vendor\rich\_emoji_codes.py", "Python", 3610, 0, 0, 0, 0, 0, 0, 0, 0, 0, 0, 0, 0, 1, 3611
"c:\Users\makib\Documents\EntornosVirtuales\BaseDeDatosSalonDeBelleza\venv\Lib\site-packages\pip\_vendor\rich\_emoji_replace.py", "Python", 25, 0, 0, 0, 0, 0, 0, 0, 0, 0, 0, 0, 0, 8, 33
"c:\Users\makib\Documents\EntornosVirtuales\BaseDeDatosSalonDeBelleza\venv\Lib\site-packages\pip\_vendor\rich\_export_format.py", "Python", 68, 0, 0, 0, 0, 0, 0, 0, 0, 0, 0, 0, 0, 9, 77
"c:\Users\makib\Documents\EntornosVirtuales\BaseDeDatosSalonDeBelleza\venv\Lib\site-packages\pip\_vendor\rich\_extension.py", "Python", 6, 0, 0, 0, 0, 0, 0, 0, 0, 0, 0, 0, 1, 4, 11
"c:\Users\makib\Documents\EntornosVirtuales\BaseDeDatosSalonDeBelleza\venv\Lib\site-packages\pip\_vendor\rich\_fileno.py", "Python", 16, 0, 0, 0, 0, 0, 0, 0, 0, 0, 0, 0, 3, 6, 25
"c:\Users\makib\Documents\EntornosVirtuales\BaseDeDatosSalonDeBelleza\venv\Lib\site-packages\pip\_vendor\rich\_inspect.py", "Python", 227, 0, 0, 0, 0, 0, 0, 0, 0, 0, 0, 0, 4, 40, 271
"c:\Users\makib\Documents\EntornosVirtuales\BaseDeDatosSalonDeBelleza\venv\Lib\site-packages\pip\_vendor\rich\_log_render.py", "Python", 81, 0, 0, 0, 0, 0, 0, 0, 0, 0, 0, 0, 0, 14, 95
"c:\Users\makib\Documents\EntornosVirtuales\BaseDeDatosSalonDeBelleza\venv\Lib\site-packages\pip\_vendor\rich\_loop.py", "Python", 36, 0, 0, 0, 0, 0, 0, 0, 0, 0, 0, 0, 0, 8, 44
"c:\Users\makib\Documents\EntornosVirtuales\BaseDeDatosSalonDeBelleza\venv\Lib\site-packages\pip\_vendor\rich\_null_file.py", "Python", 47, 0, 0, 0, 0, 0, 0, 0, 0, 0, 0, 0, 0, 23, 70
"c:\Users\makib\Documents\EntornosVirtuales\BaseDeDatosSalonDeBelleza\venv\Lib\site-packages\pip\_vendor\rich\_palettes.py", "Python", 301, 0, 0, 0, 0, 0, 0, 0, 0, 0, 0, 0, 3, 6, 310
"c:\Users\makib\Documents\EntornosVirtuales\BaseDeDatosSalonDeBelleza\venv\Lib\site-packages\pip\_vendor\rich\_pick.py", "Python", 13, 0, 0, 0, 0, 0, 0, 0, 0, 0, 0, 0, 0, 5, 18
"c:\Users\makib\Documents\EntornosVirtuales\BaseDeDatosSalonDeBelleza\venv\Lib\site-packages\pip\_vendor\rich\_ratio.py", "Python", 122, 0, 0, 0, 0, 0, 0, 0, 0, 0, 0, 0, 12, 27, 161
"c:\Users\makib\Documents\EntornosVirtuales\BaseDeDatosSalonDeBelleza\venv\Lib\site-packages\pip\_vendor\rich\_spinners.py", "Python", 481, 0, 0, 0, 0, 0, 0, 0, 0, 0, 0, 0, 0, 2, 483
"c:\Users\makib\Documents\EntornosVirtuales\BaseDeDatosSalonDeBelleza\venv\Lib\site-packages\pip\_vendor\rich\_stack.py", "Python", 11, 0, 0, 0, 0, 0, 0, 0, 0, 0, 0, 0, 0, 6, 17
"c:\Users\makib\Documents\EntornosVirtuales\BaseDeDatosSalonDeBelleza\venv\Lib\site-packages\pip\_vendor\rich\_timer.py", "Python", 14, 0, 0, 0, 0, 0, 0, 0, 0, 0, 0, 0, 0, 6, 20
"c:\Users\makib\Documents\EntornosVirtuales\BaseDeDatosSalonDeBelleza\venv\Lib\site-packages\pip\_vendor\rich\_win32_console.py", "Python", 527, 0, 0, 0, 0, 0, 0, 0, 0, 0, 0, 0, 4, 132, 663
"c:\Users\makib\Documents\EntornosVirtuales\BaseDeDatosSalonDeBelleza\venv\Lib\site-packages\pip\_vendor\rich\_windows.py", "Python", 55, 0, 0, 0, 0, 0, 0, 0, 0, 0, 0, 0, 1, 17, 73
"c:\Users\makib\Documents\EntornosVirtuales\BaseDeDatosSalonDeBelleza\venv\Lib\site-packages\pip\_vendor\rich\_windows_renderer.py", "Python", 52, 0, 0, 0, 0, 0, 0, 0, 0, 0, 0, 0, 0, 5, 57
"c:\Users\makib\Documents\EntornosVirtuales\BaseDeDatosSalonDeBelleza\venv\Lib\site-packages\pip\_vendor\rich\_wrap.py", "Python", 46, 0, 0, 0, 0, 0, 0, 0, 0, 0, 0, 0, 0, 11, 57
"c:\Users\makib\Documents\EntornosVirtuales\BaseDeDatosSalonDeBelleza\venv\Lib\site-packages\pip\_vendor\rich\abc.py", "Python", 22, 0, 0, 0, 0, 0, 0, 0, 0, 0, 0, 0, 0, 12, 34
"c:\Users\makib\Documents\EntornosVirtuales\BaseDeDatosSalonDeBelleza\venv\Lib\site-packages\pip\_vendor\rich\align.py", "Python", 270, 0, 0, 0, 0, 0, 0, 0, 0, 0, 0, 0, 4, 38, 312
"c:\Users\makib\Documents\EntornosVirtuales\BaseDeDatosSalonDeBelleza\venv\Lib\site-packages\pip\_vendor\rich\ansi.py", "Python", 201, 0, 0, 0, 0, 0, 0, 0, 0, 0, 0, 0, 6, 34, 241
"c:\Users\makib\Documents\EntornosVirtuales\BaseDeDatosSalonDeBelleza\venv\Lib\site-packages\pip\_vendor\rich\bar.py", "Python", 71, 0, 0, 0, 0, 0, 0, 0, 0, 0, 0, 0, 5, 19, 95
"c:\Users\makib\Documents\EntornosVirtuales\BaseDeDatosSalonDeBelleza\venv\Lib\site-packages\pip\_vendor\rich\box.py", "Python", 418, 0, 0, 0, 0, 0, 0, 0, 0, 0, 0, 0, 11, 89, 518
"c:\Users\makib\Documents\EntornosVirtuales\BaseDeDatosSalonDeBelleza\venv\Lib\site-packages\pip\_vendor\rich\cells.py", "Python", 117, 0, 0, 0, 0, 0, 0, 0, 0, 0, 0, 0, 4, 34, 155
"c:\Users\makib\Documents\EntornosVirtuales\BaseDeDatosSalonDeBelleza\venv\Lib\site-packages\pip\_vendor\rich\color.py", "Python", 544, 0, 0, 0, 0, 0, 0, 0, 0, 0, 0, 0, 3, 76, 623
"c:\Users\makib\Documents\EntornosVirtuales\BaseDeDatosSalonDeBelleza\venv\Lib\site-packages\pip\_vendor\rich\color_triplet.py", "Python", 30, 0, 0, 0, 0, 0, 0, 0, 0, 0, 0, 0, 0, 9, 39
"c:\Users\makib\Documents\EntornosVirtuales\BaseDeDatosSalonDeBelleza\venv\Lib\site-packages\pip\_vendor\rich\columns.py", "Python", 166, 0, 0, 0, 0, 0, 0, 0, 0, 0, 0, 0, 1, 21, 188
"c:\Users\makib\Documents\EntornosVirtuales\BaseDeDatosSalonDeBelleza\venv\Lib\site-packages\pip\_vendor\rich\console.py", "Python", 2244, 0, 0, 0, 0, 0, 0, 0, 0, 0, 0, 0, 19, 371, 2634
"c:\Users\makib\Documents\EntornosVirtuales\BaseDeDatosSalonDeBelleza\venv\Lib\site-packages\pip\_vendor\rich\constrain.py", "Python", 29, 0, 0, 0, 0, 0, 0, 0, 0, 0, 0, 0, 0, 9, 38
"c:\Users\makib\Documents\EntornosVirtuales\BaseDeDatosSalonDeBelleza\venv\Lib\site-packages\pip\_vendor\rich\containers.py", "Python", 139, 0, 0, 0, 0, 0, 0, 0, 0, 0, 0, 0, 0, 29, 168
"c:\Users\makib\Documents\EntornosVirtuales\BaseDeDatosSalonDeBelleza\venv\Lib\site-packages\pip\_vendor\rich\control.py", "Python", 180, 0, 0, 0, 0, 0, 0, 0, 0, 0, 0, 0, 1, 45, 226
"c:\Users\makib\Documents\EntornosVirtuales\BaseDeDatosSalonDeBelleza\venv\Lib\site-packages\pip\_vendor\rich\default_styles.py", "Python", 181, 0, 0, 0, 0, 0, 0, 0, 0, 0, 0, 0, 0, 10, 191
"c:\Users\makib\Documents\EntornosVirtuales\BaseDeDatosSalonDeBelleza\venv\Lib\site-packages\pip\_vendor\rich\diagnose.py", "Python", 30, 0, 0, 0, 0, 0, 0, 0, 0, 0, 0, 0, 0, 8, 38
"c:\Users\makib\Documents\EntornosVirtuales\BaseDeDatosSalonDeBelleza\venv\Lib\site-packages\pip\_vendor\rich\emoji.py", "Python", 70, 0, 0, 0, 0, 0, 0, 0, 0, 0, 0, 0, 0, 27, 97
"c:\Users\makib\Documents\EntornosVirtuales\BaseDeDatosSalonDeBelleza\venv\Lib\site-packages\pip\_vendor\rich\errors.py", "Python", 18, 0, 0, 0, 0, 0, 0, 0, 0, 0, 0, 0, 0, 17, 35
"c:\Users\makib\Documents\EntornosVirtuales\BaseDeDatosSalonDeBelleza\venv\Lib\site-packages\pip\_vendor\rich\file_proxy.py", "Python", 47, 0, 0, 0, 0, 0, 0, 0, 0, 0, 0, 0, 0, 11, 58
"c:\Users\makib\Documents\EntornosVirtuales\BaseDeDatosSalonDeBelleza\venv\Lib\site-packages\pip\_vendor\rich\filesize.py", "Python", 70, 0, 0, 0, 0, 0, 0, 0, 0, 0, 0, 0, 1, 19, 90
"c:\Users\makib\Documents\EntornosVirtuales\BaseDeDatosSalonDeBelleza\venv\Lib\site-packages\pip\_vendor\rich\highlighter.py", "Python", 151, 0, 0, 0, 0, 0, 0, 0, 0, 0, 0, 0, 37, 45, 233
"c:\Users\makib\Documents\EntornosVirtuales\BaseDeDatosSalonDeBelleza\venv\Lib\site-packages\pip\_vendor\rich\json.py", "Python", 123, 0, 0, 0, 0, 0, 0, 0, 0, 0, 0, 0, 0, 18, 141
"c:\Users\makib\Documents\EntornosVirtuales\BaseDeDatosSalonDeBelleza\venv\Lib\site-packages\pip\_vendor\rich\jupyter.py", "Python", 77, 0, 0, 0, 0, 0, 0, 0, 0, 0, 0, 0, 2, 23, 102
"c:\Users\makib\Documents\EntornosVirtuales\BaseDeDatosSalonDeBelleza\venv\Lib\site-packages\pip\_vendor\rich\layout.py", "Python", 358, 0, 0, 0, 0, 0, 0, 0, 0, 0, 0, 0, 0, 86, 444
"c:\Users\makib\Documents\EntornosVirtuales\BaseDeDatosSalonDeBelleza\venv\Lib\site-packages\pip\_vendor\rich\live.py", "Python", 321, 0, 0, 0, 0, 0, 0, 0, 0, 0, 0, 0, 6, 49, 376
"c:\Users\makib\Documents\EntornosVirtuales\BaseDeDatosSalonDeBelleza\venv\Lib\site-packages\pip\_vendor\rich\live_render.py", "Python", 95, 0, 0, 0, 0, 0, 0, 0, 0, 0, 0, 0, 0, 19, 114
"c:\Users\makib\Documents\EntornosVirtuales\BaseDeDatosSalonDeBelleza\venv\Lib\site-packages\pip\_vendor\rich\logging.py", "Python", 253, 0, 0, 0, 0, 0, 0, 0, 0, 0, 0, 0, 4, 33, 290
"c:\Users\makib\Documents\EntornosVirtuales\BaseDeDatosSalonDeBelleza\venv\Lib\site-packages\pip\_vendor\rich\markup.py", "Python", 197, 0, 0, 0, 0, 0, 0, 0, 0, 0, 0, 0, 3, 47, 247
"c:\Users\makib\Documents\EntornosVirtuales\BaseDeDatosSalonDeBelleza\venv\Lib\site-packages\pip\_vendor\rich\measure.py", "Python", 126, 0, 0, 0, 0, 0, 0, 0, 0, 0, 0, 0, 0, 26, 152
"c:\Users\makib\Documents\EntornosVirtuales\BaseDeDatosSalonDeBelleza\venv\Lib\site-packages\pip\_vendor\rich\padding.py", "Python", 121, 0, 0, 0, 0, 0, 0, 0, 0, 0, 0, 0, 0, 21, 142
"c:\Users\makib\Documents\EntornosVirtuales\BaseDeDatosSalonDeBelleza\venv\Lib\site-packages\pip\_vendor\rich\pager.py", "Python", 23, 0, 0, 0, 0, 0, 0, 0, 0, 0, 0, 0, 0, 12, 35
"c:\Users\makib\Documents\EntornosVirtuales\BaseDeDatosSalonDeBelleza\venv\Lib\site-packages\pip\_vendor\rich\palette.py", "Python", 82, 0, 0, 0, 0, 0, 0, 0, 0, 0, 0, 0, 1, 18, 101
"c:\Users\makib\Documents\EntornosVirtuales\BaseDeDatosSalonDeBelleza\venv\Lib\site-packages\pip\_vendor\rich\panel.py", "Python", 277, 0, 0, 0, 0, 0, 0, 0, 0, 0, 0, 0, 0, 32, 309
"c:\Users\makib\Documents\EntornosVirtuales\BaseDeDatosSalonDeBelleza\venv\Lib\site-packages\pip\_vendor\rich\pretty.py", "Python", 862, 0, 0, 0, 0, 0, 0, 0, 0, 0, 0, 0, 15, 118, 995
"c:\Users\makib\Documents\EntornosVirtuales\BaseDeDatosSalonDeBelleza\venv\Lib\site-packages\pip\_vendor\rich\progress.py", "Python", 1434, 0, 0, 0, 0, 0, 0, 0, 0, 0, 0, 0, 10, 259, 1703
"c:\Users\makib\Documents\EntornosVirtuales\BaseDeDatosSalonDeBelleza\venv\Lib\site-packages\pip\_vendor\rich\progress_bar.py", "Python", 193, 0, 0, 0, 0, 0, 0, 0, 0, 0, 0, 0, 1, 31, 225
"c:\Users\makib\Documents\EntornosVirtuales\BaseDeDatosSalonDeBelleza\venv\Lib\site-packages\pip\_vendor\rich\prompt.py", "Python", 295, 0, 0, 0, 0, 0, 0, 0, 0, 0, 0, 0, 0, 82, 377
"c:\Users\makib\Documents\EntornosVirtuales\BaseDeDatosSalonDeBelleza\venv\Lib\site-packages\pip\_vendor\rich\protocol.py", "Python", 31, 0, 0, 0, 0, 0, 0, 0, 0, 0, 0, 0, 1, 11, 43
"c:\Users\makib\Documents\EntornosVirtuales\BaseDeDatosSalonDeBelleza\venv\Lib\site-packages\pip\_vendor\rich\region.py", "Python", 7, 0, 0, 0, 0, 0, 0, 0, 0, 0, 0, 0, 0, 4, 11
"c:\Users\makib\Documents\EntornosVirtuales\BaseDeDatosSalonDeBelleza\venv\Lib\site-packages\pip\_vendor\rich\repr.py", "Python", 116, 0, 0, 0, 0, 0, 0, 0, 0, 0, 0, 0, 0, 34, 150
"c:\Users\makib\Documents\EntornosVirtuales\BaseDeDatosSalonDeBelleza\venv\Lib\site-packages\pip\_vendor\rich\rule.py", "Python", 109, 0, 0, 0, 0, 0, 0, 0, 0, 0, 0, 0, 0, 22, 131
"c:\Users\makib\Documents\EntornosVirtuales\BaseDeDatosSalonDeBelleza\venv\Lib\site-packages\pip\_vendor\rich\scope.py", "Python", 73, 0, 0, 0, 0, 0, 0, 0, 0, 0, 0, 0, 0, 14, 87
"c:\Users\makib\Documents\EntornosVirtuales\BaseDeDatosSalonDeBelleza\venv\Lib\site-packages\pip\_vendor\rich\screen.py", "Python", 44, 0, 0, 0, 0, 0, 0, 0, 0, 0, 0, 0, 0, 11, 55
"c:\Users\makib\Documents\EntornosVirtuales\BaseDeDatosSalonDeBelleza\venv\Lib\site-packages\pip\_vendor\rich\segment.py", "Python", 624, 0, 0, 0, 0, 0, 0, 0, 0, 0, 0, 0, 1, 115, 740
"c:\Users\makib\Documents\EntornosVirtuales\BaseDeDatosSalonDeBelleza\venv\Lib\site-packages\pip\_vendor\rich\spinner.py", "Python", 115, 0, 0, 0, 0, 0, 0, 0, 0, 0, 0, 0, 0, 23, 138
"c:\Users\makib\Documents\EntornosVirtuales\BaseDeDatosSalonDeBelleza\venv\Lib\site-packages\pip\_vendor\rich\status.py", "Python", 113, 0, 0, 0, 0, 0, 0, 0, 0, 0, 0, 0, 0, 20, 133
"c:\Users\makib\Documents\EntornosVirtuales\BaseDeDatosSalonDeBelleza\venv\Lib\site-packages\pip\_vendor\rich\style.py", "Python", 696, 0, 0, 0, 0, 0, 0, 0, 0, 0, 0, 0, 2, 99, 797
"c:\Users\makib\Documents\EntornosVirtuales\BaseDeDatosSalonDeBelleza\venv\Lib\site-packages\pip\_vendor\rich\styled.py", "Python", 31, 0, 0, 0, 0, 0, 0, 0, 0, 0, 0, 0, 0, 12, 43
"c:\Users\makib\Documents\EntornosVirtuales\BaseDeDatosSalonDeBelleza\venv\Lib\site-packages\pip\_vendor\rich\syntax.py", "Python", 831, 0, 0, 0, 0, 0, 0, 0, 0, 0, 0, 0, 13, 105, 949
"c:\Users\makib\Documents\EntornosVirtuales\BaseDeDatosSalonDeBelleza\venv\Lib\site-packages\pip\_vendor\rich\table.py", "Python", 878, 0, 0, 0, 0, 0, 0, 0, 0, 0, 0, 0, 4, 121, 1003
"c:\Users\makib\Documents\EntornosVirtuales\BaseDeDatosSalonDeBelleza\venv\Lib\site-packages\pip\_vendor\rich\terminal_theme.py", "Python", 143, 0, 0, 0, 0, 0, 0, 0, 0, 0, 0, 0, 0, 11, 154
"c:\Users\makib\Documents\EntornosVirtuales\BaseDeDatosSalonDeBelleza\venv\Lib\site-packages\pip\_vendor\rich\text.py", "Python", 1117, 0, 0, 0, 0, 0, 0, 0, 0, 0, 0, 0, 5, 186, 1308
"c:\Users\makib\Documents\EntornosVirtuales\BaseDeDatosSalonDeBelleza\venv\Lib\site-packages\pip\_vendor\rich\theme.py", "Python", 91, 0, 0, 0, 0, 0, 0, 0, 0, 0, 0, 0, 0, 25, 116
"c:\Users\makib\Documents\EntornosVirtuales\BaseDeDatosSalonDeBelleza\venv\Lib\site-packages\pip\_vendor\rich\themes.py", "Python", 3, 0, 0, 0, 0, 0, 0, 0, 0, 0, 0, 0, 0, 3, 6
"c:\Users\makib\Documents\EntornosVirtuales\BaseDeDatosSalonDeBelleza\venv\Lib\site-packages\pip\_vendor\rich\traceback.py", "Python", 656, 0, 0, 0, 0, 0, 0, 0, 0, 0, 0, 0, 16, 85, 757
"c:\Users\makib\Documents\EntornosVirtuales\BaseDeDatosSalonDeBelleza\venv\Lib\site-packages\pip\_vendor\rich\tree.py", "Python", 215, 0, 0, 0, 0, 0, 0, 0, 0, 0, 0, 0, 1, 36, 252
"c:\Users\makib\Documents\EntornosVirtuales\BaseDeDatosSalonDeBelleza\venv\Lib\site-packages\pip\_vendor\six.py", "Python", 755, 0, 0, 0, 0, 0, 0, 0, 0, 0, 0, 0, 53, 191, 999
"c:\Users\makib\Documents\EntornosVirtuales\BaseDeDatosSalonDeBelleza\venv\Lib\site-packages\pip\_vendor\tenacity\__init__.py", "Python", 461, 0, 0, 0, 0, 0, 0, 0, 0, 0, 0, 0, 41, 107, 609
"c:\Users\makib\Documents\EntornosVirtuales\BaseDeDatosSalonDeBelleza\venv\Lib\site-packages\pip\_vendor\tenacity\_asyncio.py", "Python", 61, 0, 0, 0, 0, 0, 0, 0, 0, 0, 0, 0, 18, 16, 95
"c:\Users\makib\Documents\EntornosVirtuales\BaseDeDatosSalonDeBelleza\venv\Lib\site-packages\pip\_vendor\tenacity\_utils.py", "Python", 43, 0, 0, 0, 0, 0, 0, 0, 0, 0, 0, 0, 19, 15, 77
"c:\Users\makib\Documents\EntornosVirtuales\BaseDeDatosSalonDeBelleza\venv\Lib\site-packages\pip\_vendor\tenacity\after.py", "Python", 25, 0, 0, 0, 0, 0, 0, 0, 0, 0, 0, 0, 16, 11, 52
"c:\Users\makib\Documents\EntornosVirtuales\BaseDeDatosSalonDeBelleza\venv\Lib\site-packages\pip\_vendor\tenacity\before.py", "Python", 20, 0, 0, 0, 0, 0, 0, 0, 0, 0, 0, 0, 16, 11, 47
"c:\Users\makib\Documents\EntornosVirtuales\BaseDeDatosSalonDeBelleza\venv\Lib\site-packages\pip\_vendor\tenacity\before_sleep.py", "Python", 39, 0, 0, 0, 0, 0, 0, 0, 0, 0, 0, 0, 16, 17, 72
"c:\Users\makib\Documents\EntornosVirtuales\BaseDeDatosSalonDeBelleza\venv\Lib\site-packages\pip\_vendor\tenacity\nap.py", "Python", 16, 0, 0, 0, 0, 0, 0, 0, 0, 0, 0, 0, 18, 10, 44
"c:\Users\makib\Documents\EntornosVirtuales\BaseDeDatosSalonDeBelleza\venv\Lib\site-packages\pip\_vendor\tenacity\retry.py", "Python", 178, 0, 0, 0, 0, 0, 0, 0, 0, 0, 0, 0, 18, 77, 273
"c:\Users\makib\Documents\EntornosVirtuales\BaseDeDatosSalonDeBelleza\venv\Lib\site-packages\pip\_vendor\tenacity\stop.py", "Python", 53, 0, 0, 0, 0, 0, 0, 0, 0, 0, 0, 0, 15, 36, 104
"c:\Users\makib\Documents\EntornosVirtuales\BaseDeDatosSalonDeBelleza\venv\Lib\site-packages\pip\_vendor\tenacity\tornadoweb.py", "Python", 37, 0, 0, 0, 0, 0, 0, 0, 0, 0, 0, 0, 13, 10, 60
"c:\Users\makib\Documents\EntornosVirtuales\BaseDeDatosSalonDeBelleza\venv\Lib\site-packages\pip\_vendor\tenacity\wait.py", "Python", 152, 0, 0, 0, 0, 0, 0, 0, 0, 0, 0, 0, 16, 61, 229
"c:\Users\makib\Documents\EntornosVirtuales\BaseDeDatosSalonDeBelleza\venv\Lib\site-packages\pip\_vendor\tomli\__init__.py", "Python", 4, 0, 0, 0, 0, 0, 0, 0, 0, 0, 0, 0, 4, 4, 12
"c:\Users\makib\Documents\EntornosVirtuales\BaseDeDatosSalonDeBelleza\venv\Lib\site-packages\pip\_vendor\tomli\_parser.py", "Python", 534, 0, 0, 0, 0, 0, 0, 0, 0, 0, 0, 0, 46, 112, 692
"c:\Users\makib\Documents\EntornosVirtuales\BaseDeDatosSalonDeBelleza\venv\Lib\site-packages\pip\_vendor\tomli\_re.py", "Python", 87, 0, 0, 0, 0, 0, 0, 0, 0, 0, 0, 0, 6, 15, 108
"c:\Users\makib\Documents\EntornosVirtuales\BaseDeDatosSalonDeBelleza\venv\Lib\site-packages\pip\_vendor\tomli\_types.py", "Python", 4, 0, 0, 0, 0, 0, 0, 0, 0, 0, 0, 0, 4, 3, 11
"c:\Users\makib\Documents\EntornosVirtuales\BaseDeDatosSalonDeBelleza\venv\Lib\site-packages\pip\_vendor\truststore\__init__.py", "Python", 8, 0, 0, 0, 0, 0, 0, 0, 0, 0, 0, 0, 0, 6, 14
"c:\Users\makib\Documents\EntornosVirtuales\BaseDeDatosSalonDeBelleza\venv\Lib\site-packages\pip\_vendor\truststore\_api.py", "Python", 231, 0, 0, 0, 0, 0, 0, 0, 0, 0, 0, 0, 15, 57, 303
"c:\Users\makib\Documents\EntornosVirtuales\BaseDeDatosSalonDeBelleza\venv\Lib\site-packages\pip\_vendor\truststore\_macos.py", "Python", 386, 0, 0, 0, 0, 0, 0, 0, 0, 0, 0, 0, 33, 83, 502
"c:\Users\makib\Documents\EntornosVirtuales\BaseDeDatosSalonDeBelleza\venv\Lib\site-packages\pip\_vendor\truststore\_openssl.py", "Python", 37, 0, 0, 0, 0, 0, 0, 0, 0, 0, 0, 0, 20, 10, 67
"c:\Users\makib\Documents\EntornosVirtuales\BaseDeDatosSalonDeBelleza\venv\Lib\site-packages\pip\_vendor\truststore\_ssl_constants.py", "Python", 17, 0, 0, 0, 0, 0, 0, 0, 0, 0, 0, 0, 7, 8, 32
"c:\Users\makib\Documents\EntornosVirtuales\BaseDeDatosSalonDeBelleza\venv\Lib\site-packages\pip\_vendor\truststore\_windows.py", "Python", 451, 0, 0, 0, 0, 0, 0, 0, 0, 0, 0, 0, 22, 82, 555
"c:\Users\makib\Documents\EntornosVirtuales\BaseDeDatosSalonDeBelleza\venv\Lib\site-packages\pip\_vendor\typing_extensions.py", "Python", 2304, 0, 0, 0, 0, 0, 0, 0, 0, 0, 0, 0, 194, 575, 3073
"c:\Users\makib\Documents\EntornosVirtuales\BaseDeDatosSalonDeBelleza\venv\Lib\site-packages\pip\_vendor\urllib3\__init__.py", "Python", 72, 0, 0, 0, 0, 0, 0, 0, 0, 0, 0, 0, 15, 16, 103
"c:\Users\makib\Documents\EntornosVirtuales\BaseDeDatosSalonDeBelleza\venv\Lib\site-packages\pip\_vendor\urllib3\_collections.py", "Python", 252, 0, 0, 0, 0, 0, 0, 0, 0, 0, 0, 0, 19, 67, 338
"c:\Users\makib\Documents\EntornosVirtuales\BaseDeDatosSalonDeBelleza\venv\Lib\site-packages\pip\_vendor\urllib3\_version.py", "Python", 1, 0, 0, 0, 0, 0, 0, 0, 0, 0, 0, 0, 1, 1, 3
"c:\Users\makib\Documents\EntornosVirtuales\BaseDeDatosSalonDeBelleza\venv\Lib\site-packages\pip\_vendor\urllib3\connection.py", "Python", 422, 0, 0, 0, 0, 0, 0, 0, 0, 0, 0, 0, 54, 97, 573
"c:\Users\makib\Documents\EntornosVirtuales\BaseDeDatosSalonDeBelleza\venv\Lib\site-packages\pip\_vendor\urllib3\connectionpool.py", "Python", 835, 0, 0, 0, 0, 0, 0, 0, 0, 0, 0, 0, 115, 183, 1133
"c:\Users\makib\Documents\EntornosVirtuales\BaseDeDatosSalonDeBelleza\venv\Lib\site-packages\pip\_vendor\urllib3\contrib\__init__.py", "Python", 0, 0, 0, 0, 0, 0, 0, 0, 0, 0, 0, 0, 0, 1, 1
"c:\Users\makib\Documents\EntornosVirtuales\BaseDeDatosSalonDeBelleza\venv\Lib\site-packages\pip\_vendor\urllib3\contrib\_appengine_environ.py", "Python", 24, 0, 0, 0, 0, 0, 0, 0, 0, 0, 0, 0, 0, 13, 37
"c:\Users\makib\Documents\EntornosVirtuales\BaseDeDatosSalonDeBelleza\venv\Lib\site-packages\pip\_vendor\urllib3\contrib\_securetransport\__init__.py", "Python", 0, 0, 0, 0, 0, 0, 0, 0, 0, 0, 0, 0, 0, 1, 1
"c:\Users\makib\Documents\EntornosVirtuales\BaseDeDatosSalonDeBelleza\venv\Lib\site-packages\pip\_vendor\urllib3\contrib\_securetransport\bindings.py", "Python", 414, 0, 0, 0, 0, 0, 0, 0, 0, 0, 0, 0, 9, 97, 520
"c:\Users\makib\Documents\EntornosVirtuales\BaseDeDatosSalonDeBelleza\venv\Lib\site-packages\pip\_vendor\urllib3\contrib\_securetransport\low_level.py", "Python", 285, 0, 0, 0, 0, 0, 0, 0, 0, 0, 0, 0, 51, 62, 398
"c:\Users\makib\Documents\EntornosVirtuales\BaseDeDatosSalonDeBelleza\venv\Lib\site-packages\pip\_vendor\urllib3\contrib\appengine.py", "Python", 244, 0, 0, 0, 0, 0, 0, 0, 0, 0, 0, 0, 14, 57, 315
"c:\Users\makib\Documents\EntornosVirtuales\BaseDeDatosSalonDeBelleza\venv\Lib\site-packages\pip\_vendor\urllib3\contrib\ntlmpool.py", "Python", 104, 0, 0, 0, 0, 0, 0, 0, 0, 0, 0, 0, 7, 20, 131
"c:\Users\makib\Documents\EntornosVirtuales\BaseDeDatosSalonDeBelleza\venv\Lib\site-packages\pip\_vendor\urllib3\contrib\pyopenssl.py", "Python", 389, 0, 0, 0, 0, 0, 0, 0, 0, 0, 0, 0, 25, 105, 519
"c:\Users\makib\Documents\EntornosVirtuales\BaseDeDatosSalonDeBelleza\venv\Lib\site-packages\pip\_vendor\urllib3\contrib\securetransport.py", "Python", 646, 0, 0, 0, 0, 0, 0, 0, 0, 0, 0, 0, 134, 142, 922
"c:\Users\makib\Documents\EntornosVirtuales\BaseDeDatosSalonDeBelleza\venv\Lib\site-packages\pip\_vendor\urllib3\contrib\socks.py", "Python", 167, 0, 0, 0, 0, 0, 0, 0, 0, 0, 0, 0, 7, 43, 217
"c:\Users\makib\Documents\EntornosVirtuales\BaseDeDatosSalonDeBelleza\venv\Lib\site-packages\pip\_vendor\urllib3\exceptions.py", "Python", 183, 0, 0, 0, 0, 0, 0, 0, 0, 0, 0, 0, 10, 131, 324
"c:\Users\makib\Documents\EntornosVirtuales\BaseDeDatosSalonDeBelleza\venv\Lib\site-packages\pip\_vendor\urllib3\fields.py", "Python", 212, 0, 0, 0, 0, 0, 0, 0, 0, 0, 0, 0, 5, 58, 275
"c:\Users\makib\Documents\EntornosVirtuales\BaseDeDatosSalonDeBelleza\venv\Lib\site-packages\pip\_vendor\urllib3\filepost.py", "Python", 70, 0, 0, 0, 0, 0, 0, 0, 0, 0, 0, 0, 0, 29, 99
"c:\Users\makib\Documents\EntornosVirtuales\BaseDeDatosSalonDeBelleza\venv\Lib\site-packages\pip\_vendor\urllib3\packages\__init__.py", "Python", 0, 0, 0, 0, 0, 0, 0, 0, 0, 0, 0, 0, 0, 1, 1
"c:\Users\makib\Documents\EntornosVirtuales\BaseDeDatosSalonDeBelleza\venv\Lib\site-packages\pip\_vendor\urllib3\packages\backports\__init__.py", "Python", 0, 0, 0, 0, 0, 0, 0, 0, 0, 0, 0, 0, 0, 1, 1
"c:\Users\makib\Documents\EntornosVirtuales\BaseDeDatosSalonDeBelleza\venv\Lib\site-packages\pip\_vendor\urllib3\packages\backports\makefile.py", "Python", 47, 0, 0, 0, 0, 0, 0, 0, 0, 0, 0, 0, 1, 4, 52
"c:\Users\makib\Documents\EntornosVirtuales\BaseDeDatosSalonDeBelleza\venv\Lib\site-packages\pip\_vendor\urllib3\packages\backports\weakref_finalize.py", "Python", 120, 0, 0, 0, 0, 0, 0, 0, 0, 0, 0, 0, 15, 21, 156
"c:\Users\makib\Documents\EntornosVirtuales\BaseDeDatosSalonDeBelleza\venv\Lib\site-packages\pip\_vendor\urllib3\packages\six.py", "Python", 805, 0, 0, 0, 0, 0, 0, 0, 0, 0, 0, 0, 53, 219, 1077
"c:\Users\makib\Documents\EntornosVirtuales\BaseDeDatosSalonDeBelleza\venv\Lib\site-packages\pip\_vendor\urllib3\poolmanager.py", "Python", 402, 0, 0, 0, 0, 0, 0, 0, 0, 0, 0, 0, 33, 103, 538
"c:\Users\makib\Documents\EntornosVirtuales\BaseDeDatosSalonDeBelleza\venv\Lib\site-packages\pip\_vendor\urllib3\request.py", "Python", 151, 0, 0, 0, 0, 0, 0, 0, 0, 0, 0, 0, 0, 41, 192
"c:\Users\makib\Documents\EntornosVirtuales\BaseDeDatosSalonDeBelleza\venv\Lib\site-packages\pip\_vendor\urllib3\response.py", "Python", 669, 0, 0, 0, 0, 0, 0, 0, 0, 0, 0, 0, 79, 132, 880
"c:\Users\makib\Documents\EntornosVirtuales\BaseDeDatosSalonDeBelleza\venv\Lib\site-packages\pip\_vendor\urllib3\util\__init__.py", "Python", 46, 0, 0, 0, 0, 0, 0, 0, 0, 0, 0, 0, 1, 3, 50
"c:\Users\makib\Documents\EntornosVirtuales\BaseDeDatosSalonDeBelleza\venv\Lib\site-packages\pip\_vendor\urllib3\util\connection.py", "Python", 100, 0, 0, 0, 0, 0, 0, 0, 0, 0, 0, 0, 18, 32, 150
"c:\Users\makib\Documents\EntornosVirtuales\BaseDeDatosSalonDeBelleza\venv\Lib\site-packages\pip\_vendor\urllib3\util\proxy.py", "Python", 43, 0, 0, 0, 0, 0, 0, 0, 0, 0, 0, 0, 4, 11, 58
"c:\Users\makib\Documents\EntornosVirtuales\BaseDeDatosSalonDeBelleza\venv\Lib\site-packages\pip\_vendor\urllib3\util\queue.py", "Python", 14, 0, 0, 0, 0, 0, 0, 0, 0, 0, 0, 0, 1, 8, 23
"c:\Users\makib\Documents\EntornosVirtuales\BaseDeDatosSalonDeBelleza\venv\Lib\site-packages\pip\_vendor\urllib3\util\request.py", "Python", 103, 0, 0, 0, 0, 0, 0, 0, 0, 0, 0, 0, 6, 29, 138
"c:\Users\makib\Documents\EntornosVirtuales\BaseDeDatosSalonDeBelleza\venv\Lib\site-packages\pip\_vendor\urllib3\util\response.py", "Python", 64, 0, 0, 0, 0, 0, 0, 0, 0, 0, 0, 0, 20, 24, 108
"c:\Users\makib\Documents\EntornosVirtuales\BaseDeDatosSalonDeBelleza\venv\Lib\site-packages\pip\_vendor\urllib3\util\retry.py", "Python", 469, 0, 0, 0, 0, 0, 0, 0, 0, 0, 0, 0, 29, 123, 621
"c:\Users\makib\Documents\EntornosVirtuales\BaseDeDatosSalonDeBelleza\venv\Lib\site-packages\pip\_vendor\urllib3\util\ssl_.py", "Python", 352, 0, 0, 0, 0, 0, 0, 0, 0, 0, 0, 0, 59, 85, 496
"c:\Users\makib\Documents\EntornosVirtuales\BaseDeDatosSalonDeBelleza\venv\Lib\site-packages\pip\_vendor\urllib3\util\ssl_match_hostname.py", "Python", 99, 0, 0, 0, 0, 0, 0, 0, 0, 0, 0, 0, 37, 24, 160
"c:\Users\makib\Documents\EntornosVirtuales\BaseDeDatosSalonDeBelleza\venv\Lib\site-packages\pip\_vendor\urllib3\util\ssltransport.py", "Python", 178, 0, 0, 0, 0, 0, 0, 0, 0, 0, 0, 0, 2, 42, 222
"c:\Users\makib\Documents\EntornosVirtuales\BaseDeDatosSalonDeBelleza\venv\Lib\site-packages\pip\_vendor\urllib3\util\timeout.py", "Python", 200, 0, 0, 0, 0, 0, 0, 0, 0, 0, 0, 0, 11, 61, 272
"c:\Users\makib\Documents\EntornosVirtuales\BaseDeDatosSalonDeBelleza\venv\Lib\site-packages\pip\_vendor\urllib3\util\url.py", "Python", 320, 0, 0, 0, 0, 0, 0, 0, 0, 0, 0, 0, 37, 79, 436
"c:\Users\makib\Documents\EntornosVirtuales\BaseDeDatosSalonDeBelleza\venv\Lib\site-packages\pip\_vendor\urllib3\util\wait.py", "Python", 89, 0, 0, 0, 0, 0, 0, 0, 0, 0, 0, 0, 38, 26, 153
"c:\Users\makib\Documents\EntornosVirtuales\BaseDeDatosSalonDeBelleza\venv\Lib\site-packages\pip\_vendor\webencodings\__init__.py", "Python", 249, 0, 0, 0, 0, 0, 0, 0, 0, 0, 0, 0, 14, 80, 343
"c:\Users\makib\Documents\EntornosVirtuales\BaseDeDatosSalonDeBelleza\venv\Lib\site-packages\pip\_vendor\webencodings\labels.py", "Python", 223, 0, 0, 0, 0, 0, 0, 0, 0, 0, 0, 0, 2, 7, 232
"c:\Users\makib\Documents\EntornosVirtuales\BaseDeDatosSalonDeBelleza\venv\Lib\site-packages\pip\_vendor\webencodings\mklabels.py", "Python", 40, 0, 0, 0, 0, 0, 0, 0, 0, 0, 0, 0, 2, 18, 60
"c:\Users\makib\Documents\EntornosVirtuales\BaseDeDatosSalonDeBelleza\venv\Lib\site-packages\pip\_vendor\webencodings\tests.py", "Python", 123, 0, 0, 0, 0, 0, 0, 0, 0, 0, 0, 0, 2, 29, 154
"c:\Users\makib\Documents\EntornosVirtuales\BaseDeDatosSalonDeBelleza\venv\Lib\site-packages\pip\_vendor\webencodings\x_user_defined.py", "Python", 292, 0, 0, 0, 0, 0, 0, 0, 0, 0, 0, 0, 7, 27, 326
"c:\Users\makib\Documents\EntornosVirtuales\BaseDeDatosSalonDeBelleza\venv\Lib\site-packages\pkg_resources\__init__.py", "Python", 2478, 0, 0, 0, 0, 0, 0, 0, 0, 0, 0, 0, 163, 656, 3297
"c:\Users\makib\Documents\EntornosVirtuales\BaseDeDatosSalonDeBelleza\venv\Lib\site-packages\pkg_resources\_vendor\__init__.py", "Python", 0, 0, 0, 0, 0, 0, 0, 0, 0, 0, 0, 0, 0, 1, 1
"c:\Users\makib\Documents\EntornosVirtuales\BaseDeDatosSalonDeBelleza\venv\Lib\site-packages\pkg_resources\_vendor\appdirs.py", "Python", 493, 0, 0, 0, 0, 0, 0, 0, 0, 0, 0, 0, 27, 89, 609
"c:\Users\makib\Documents\EntornosVirtuales\BaseDeDatosSalonDeBelleza\venv\Lib\site-packages\pkg_resources\_vendor\importlib_resources\__init__.py", "Python", 31, 0, 0, 0, 0, 0, 0, 0, 0, 0, 0, 0, 0, 6, 37
"c:\Users\makib\Documents\EntornosVirtuales\BaseDeDatosSalonDeBelleza\venv\Lib\site-packages\pkg_resources\_vendor\importlib_resources\_adapters.py", "Python", 126, 0, 0, 0, 0, 0, 0, 0, 0, 0, 0, 0, 0, 45, 171
"c:\Users\makib\Documents\EntornosVirtuales\BaseDeDatosSalonDeBelleza\venv\Lib\site-packages\pkg_resources\_vendor\importlib_resources\_common.py", "Python", 71, 0, 0, 0, 0, 0, 0, 0, 0, 0, 0, 0, 12, 22, 105
"c:\Users\makib\Documents\EntornosVirtuales\BaseDeDatosSalonDeBelleza\venv\Lib\site-packages\pkg_resources\_vendor\importlib_resources\_compat.py", "Python", 69, 0, 0, 0, 0, 0, 0, 0, 0, 0, 0, 0, 6, 24, 99
"c:\Users\makib\Documents\EntornosVirtuales\BaseDeDatosSalonDeBelleza\venv\Lib\site-packages\pkg_resources\_vendor\importlib_resources\_itertools.py", "Python", 28, 0, 0, 0, 0, 0, 0, 0, 0, 0, 0, 0, 3, 5, 36
"c:\Users\makib\Documents\EntornosVirtuales\BaseDeDatosSalonDeBelleza\venv\Lib\site-packages\pkg_resources\_vendor\importlib_resources\_legacy.py", "Python", 93, 0, 0, 0, 0, 0, 0, 0, 0, 0, 0, 0, 1, 28, 122
"c:\Users\makib\Documents\EntornosVirtuales\BaseDeDatosSalonDeBelleza\venv\Lib\site-packages\pkg_resources\_vendor\importlib_resources\abc.py", "Python", 102, 0, 0, 0, 0, 0, 0, 0, 0, 0, 0, 0, 6, 30, 138
"c:\Users\makib\Documents\EntornosVirtuales\BaseDeDatosSalonDeBelleza\venv\Lib\site-packages\pkg_resources\_vendor\importlib_resources\readers.py", "Python", 88, 0, 0, 0, 0, 0, 0, 0, 0, 0, 0, 0, 4, 31, 123
"c:\Users\makib\Documents\EntornosVirtuales\BaseDeDatosSalonDeBelleza\venv\Lib\site-packages\pkg_resources\_vendor\importlib_resources\simple.py", "Python", 83, 0, 0, 0, 0, 0, 0, 0, 0, 0, 0, 0, 6, 28, 117
"c:\Users\makib\Documents\EntornosVirtuales\BaseDeDatosSalonDeBelleza\venv\Lib\site-packages\pkg_resources\_vendor\jaraco\__init__.py", "Python", 0, 0, 0, 0, 0, 0, 0, 0, 0, 0, 0, 0, 0, 1, 1
"c:\Users\makib\Documents\EntornosVirtuales\BaseDeDatosSalonDeBelleza\venv\Lib\site-packages\pkg_resources\_vendor\jaraco\context.py", "Python", 163, 0, 0, 0, 0, 0, 0, 0, 0, 0, 0, 0, 6, 45, 214
"c:\Users\makib\Documents\EntornosVirtuales\BaseDeDatosSalonDeBelleza\venv\Lib\site-packages\pkg_resources\_vendor\jaraco\functools.py", "Python", 401, 0, 0, 0, 0, 0, 0, 0, 0, 0, 0, 0, 2, 123, 526
"c:\Users\makib\Documents\EntornosVirtuales\BaseDeDatosSalonDeBelleza\venv\Lib\site-packages\pkg_resources\_vendor\jaraco\text\__init__.py", "Python", 441, 0, 0, 0, 0, 0, 0, 0, 0, 0, 0, 0, 5, 154, 600
"c:\Users\makib\Documents\EntornosVirtuales\BaseDeDatosSalonDeBelleza\venv\Lib\site-packages\pkg_resources\_vendor\more_itertools\__init__.py", "Python", 3, 0, 0, 0, 0, 0, 0, 0, 0, 0, 0, 0, 0, 2, 5
"c:\Users\makib\Documents\EntornosVirtuales\BaseDeDatosSalonDeBelleza\venv\Lib\site-packages\pkg_resources\_vendor\more_itertools\more.py", "Python", 3241, 0, 0, 0, 0, 0, 0, 0, 0, 0, 0, 0, 129, 947, 4317
"c:\Users\makib\Documents\EntornosVirtuales\BaseDeDatosSalonDeBelleza\venv\Lib\site-packages\pkg_resources\_vendor\more_itertools\recipes.py", "Python", 510, 0, 0, 0, 0, 0, 0, 0, 0, 0, 0, 0, 4, 185, 699
"c:\Users\makib\Documents\EntornosVirtuales\BaseDeDatosSalonDeBelleza\venv\Lib\site-packages\pkg_resources\_vendor\packaging\__about__.py", "Python", 18, 0, 0, 0, 0, 0, 0, 0, 0, 0, 0, 0, 3, 6, 27
"c:\Users\makib\Documents\EntornosVirtuales\BaseDeDatosSalonDeBelleza\venv\Lib\site-packages\pkg_resources\_vendor\packaging\__init__.py", "Python", 20, 0, 0, 0, 0, 0, 0, 0, 0, 0, 0, 0, 3, 3, 26
"c:\Users\makib\Documents\EntornosVirtuales\BaseDeDatosSalonDeBelleza\venv\Lib\site-packages\pkg_resources\_vendor\packaging\_manylinux.py", "Python", 212, 0, 0, 0, 0, 0, 0, 0, 0, 0, 0, 0, 51, 39, 302
"c:\Users\makib\Documents\EntornosVirtuales\BaseDeDatosSalonDeBelleza\venv\Lib\site-packages\pkg_resources\_vendor\packaging\_musllinux.py", "Python", 107, 0, 0, 0, 0, 0, 0, 0, 0, 0, 0, 0, 4, 26, 137
"c:\Users\makib\Documents\EntornosVirtuales\BaseDeDatosSalonDeBelleza\venv\Lib\site-packages\pkg_resources\_vendor\packaging\_structures.py", "Python", 36, 0, 0, 0, 0, 0, 0, 0, 0, 0, 0, 0, 3, 23, 62
"c:\Users\makib\Documents\EntornosVirtuales\BaseDeDatosSalonDeBelleza\venv\Lib\site-packages\pkg_resources\_vendor\packaging\markers.py", "Python", 224, 0, 0, 0, 0, 0, 0, 0, 0, 0, 0, 0, 7, 74, 305
"c:\Users\makib\Documents\EntornosVirtuales\BaseDeDatosSalonDeBelleza\venv\Lib\site-packages\pkg_resources\_vendor\packaging\requirements.py", "Python", 105, 0, 0, 0, 0, 0, 0, 0, 0, 0, 0, 0, 9, 33, 147
"c:\Users\makib\Documents\EntornosVirtuales\BaseDeDatosSalonDeBelleza\venv\Lib\site-packages\pkg_resources\_vendor\packaging\specifiers.py", "Python", 490, 0, 0, 0, 0, 0, 0, 0, 0, 0, 0, 0, 156, 157, 803
"c:\Users\makib\Documents\EntornosVirtuales\BaseDeDatosSalonDeBelleza\venv\Lib\site-packages\pkg_resources\_vendor\packaging\tags.py", "Python", 373, 0, 0, 0, 0, 0, 0, 0, 0, 0, 0, 0, 26, 89, 488
"c:\Users\makib\Documents\EntornosVirtuales\BaseDeDatosSalonDeBelleza\venv\Lib\site-packages\pkg_resources\_vendor\packaging\utils.py", "Python", 91, 0, 0, 0, 0, 0, 0, 0, 0, 0, 0, 0, 16, 30, 137
"c:\Users\makib\Documents\EntornosVirtuales\BaseDeDatosSalonDeBelleza\venv\Lib\site-packages\pkg_resources\_vendor\packaging\version.py", "Python", 334, 0, 0, 0, 0, 0, 0, 0, 0, 0, 0, 0, 58, 113, 505
"c:\Users\makib\Documents\EntornosVirtuales\BaseDeDatosSalonDeBelleza\venv\Lib\site-packages\pkg_resources\_vendor\pyparsing\__init__.py", "Python", 277, 0, 0, 0, 0, 0, 0, 0, 0, 0, 0, 0, 26, 29, 332
"c:\Users\makib\Documents\EntornosVirtuales\BaseDeDatosSalonDeBelleza\venv\Lib\site-packages\pkg_resources\_vendor\pyparsing\actions.py", "Python", 148, 0, 0, 0, 0, 0, 0, 0, 0, 0, 0, 0, 6, 54, 208
"c:\Users\makib\Documents\EntornosVirtuales\BaseDeDatosSalonDeBelleza\venv\Lib\site-packages\pkg_resources\_vendor\pyparsing\common.py", "Python", 304, 0, 0, 0, 0, 0, 0, 0, 0, 0, 0, 0, 39, 82, 425
"c:\Users\makib\Documents\EntornosVirtuales\BaseDeDatosSalonDeBelleza\venv\Lib\site-packages\pkg_resources\_vendor\pyparsing\core.py", "Python", 4609, 0, 0, 0, 0, 0, 0, 0, 0, 0, 0, 0, 252, 954, 5815
"c:\Users\makib\Documents\EntornosVirtuales\BaseDeDatosSalonDeBelleza\venv\Lib\site-packages\pkg_resources\_vendor\pyparsing\diagram\__init__.py", "Python", 503, 0, 0, 0, 0, 0, 0, 0, 0, 0, 0, 0, 58, 82, 643
"c:\Users\makib\Documents\EntornosVirtuales\BaseDeDatosSalonDeBelleza\venv\Lib\site-packages\pkg_resources\_vendor\pyparsing\exceptions.py", "Python", 207, 0, 0, 0, 0, 0, 0, 0, 0, 0, 0, 0, 4, 57, 268
"c:\Users\makib\Documents\EntornosVirtuales\BaseDeDatosSalonDeBelleza\venv\Lib\site-packages\pkg_resources\_vendor\pyparsing\helpers.py", "Python", 872, 0, 0, 0, 0, 0, 0, 0, 0, 0, 0, 0, 38, 179, 1089
"c:\Users\makib\Documents\EntornosVirtuales\BaseDeDatosSalonDeBelleza\venv\Lib\site-packages\pkg_resources\_vendor\pyparsing\results.py", "Python", 609, 0, 0, 0, 0, 0, 0, 0, 0, 0, 0, 0, 24, 128, 761
"c:\Users\makib\Documents\EntornosVirtuales\BaseDeDatosSalonDeBelleza\venv\Lib\site-packages\pkg_resources\_vendor\pyparsing\testing.py", "Python", 279, 0, 0, 0, 0, 0, 0, 0, 0, 0, 0, 0, 10, 43, 332
"c:\Users\makib\Documents\EntornosVirtuales\BaseDeDatosSalonDeBelleza\venv\Lib\site-packages\pkg_resources\_vendor\pyparsing\unicode.py", "Python", 300, 0, 0, 0, 0, 0, 0, 0, 0, 0, 0, 0, 5, 48, 353
"c:\Users\makib\Documents\EntornosVirtuales\BaseDeDatosSalonDeBelleza\venv\Lib\site-packages\pkg_resources\_vendor\pyparsing\util.py", "Python", 184, 0, 0, 0, 0, 0, 0, 0, 0, 0, 0, 0, 2, 50, 236
"c:\Users\makib\Documents\EntornosVirtuales\BaseDeDatosSalonDeBelleza\venv\Lib\site-packages\pkg_resources\_vendor\zipp.py", "Python", 255, 0, 0, 0, 0, 0, 0, 0, 0, 0, 0, 0, 1, 74, 330
"c:\Users\makib\Documents\EntornosVirtuales\BaseDeDatosSalonDeBelleza\venv\Lib\site-packages\pkg_resources\extern\__init__.py", "Python", 64, 0, 0, 0, 0, 0, 0, 0, 0, 0, 0, 0, 0, 13, 77
"c:\Users\makib\Documents\EntornosVirtuales\BaseDeDatosSalonDeBelleza\venv\Lib\site-packages\pymysql\__init__.py", "Python", 148, 0, 0, 0, 0, 0, 0, 0, 0, 0, 0, 0, 5, 31, 184
"c:\Users\makib\Documents\EntornosVirtuales\BaseDeDatosSalonDeBelleza\venv\Lib\site-packages\pymysql\_auth.py", "Python", 171, 0, 0, 0, 0, 0, 0, 0, 0, 0, 0, 0, 27, 71, 269
"c:\Users\makib\Documents\EntornosVirtuales\BaseDeDatosSalonDeBelleza\venv\Lib\site-packages\pymysql\charset.py", "Python", 198, 0, 0, 0, 0, 0, 0, 0, 0, 0, 0, 0, 1, 18, 217
"c:\Users\makib\Documents\EntornosVirtuales\BaseDeDatosSalonDeBelleza\venv\Lib\site-packages\pymysql\connections.py", "Python", 1160, 0, 0, 0, 0, 0, 0, 0, 0, 0, 0, 0, 94, 178, 1432
"c:\Users\makib\Documents\EntornosVirtuales\BaseDeDatosSalonDeBelleza\venv\Lib\site-packages\pymysql\constants\CLIENT.py", "Python", 35, 0, 0, 0, 0, 0, 0, 0, 0, 0, 0, 0, 2, 2, 39
"c:\Users\makib\Documents\EntornosVirtuales\BaseDeDatosSalonDeBelleza\venv\Lib\site-packages\pymysql\constants\COMMAND.py", "Python", 32, 0, 0, 0, 0, 0, 0, 0, 0, 0, 0, 0, 0, 1, 33
"c:\Users\makib\Documents\EntornosVirtuales\BaseDeDatosSalonDeBelleza\venv\Lib\site-packages\pymysql\constants\CR.py", "Python", 75, 0, 0, 0, 0, 0, 0, 0, 0, 0, 0, 0, 2, 3, 80
"c:\Users\makib\Documents\EntornosVirtuales\BaseDeDatosSalonDeBelleza\venv\Lib\site-packages\pymysql\constants\ER.py", "Python", 474, 0, 0, 0, 0, 0, 0, 0, 0, 0, 0, 0, 2, 2, 478
"c:\Users\makib\Documents\EntornosVirtuales\BaseDeDatosSalonDeBelleza\venv\Lib\site-packages\pymysql\constants\FIELD_TYPE.py", "Python", 30, 0, 0, 0, 0, 0, 0, 0, 0, 0, 0, 0, 0, 2, 32
"c:\Users\makib\Documents\EntornosVirtuales\BaseDeDatosSalonDeBelleza\venv\Lib\site-packages\pymysql\constants\FLAG.py", "Python", 15, 0, 0, 0, 0, 0, 0, 0, 0, 0, 0, 0, 0, 1, 16
"c:\Users\makib\Documents\EntornosVirtuales\BaseDeDatosSalonDeBelleza\venv\Lib\site-packages\pymysql\constants\SERVER_STATUS.py", "Python", 10, 0, 0, 0, 0, 0, 0, 0, 0, 0, 0, 0, 0, 1, 11
"c:\Users\makib\Documents\EntornosVirtuales\BaseDeDatosSalonDeBelleza\venv\Lib\site-packages\pymysql\constants\__init__.py", "Python", 0, 0, 0, 0, 0, 0, 0, 0, 0, 0, 0, 0, 0, 1, 1
"c:\Users\makib\Documents\EntornosVirtuales\BaseDeDatosSalonDeBelleza\venv\Lib\site-packages\pymysql\converters.py", "Python", 262, 0, 0, 0, 0, 0, 0, 0, 0, 0, 0, 0, 10, 92, 364
"c:\Users\makib\Documents\EntornosVirtuales\BaseDeDatosSalonDeBelleza\venv\Lib\site-packages\pymysql\cursors.py", "Python", 422, 0, 0, 0, 0, 0, 0, 0, 0, 0, 0, 0, 17, 93, 532
"c:\Users\makib\Documents\EntornosVirtuales\BaseDeDatosSalonDeBelleza\venv\Lib\site-packages\pymysql\err.py", "Python", 113, 0, 0, 0, 0, 0, 0, 0, 0, 0, 0, 0, 4, 34, 151
"c:\Users\makib\Documents\EntornosVirtuales\BaseDeDatosSalonDeBelleza\venv\Lib\site-packages\pymysql\optionfile.py", "Python", 16, 0, 0, 0, 0, 0, 0, 0, 0, 0, 0, 0, 0, 6, 22
"c:\Users\makib\Documents\EntornosVirtuales\BaseDeDatosSalonDeBelleza\venv\Lib\site-packages\pymysql\protocol.py", "Python", 278, 0, 0, 0, 0, 0, 0, 0, 0, 0, 0, 0, 10, 69, 357
"c:\Users\makib\Documents\EntornosVirtuales\BaseDeDatosSalonDeBelleza\venv\Lib\site-packages\pymysql\times.py", "Python", 12, 0, 0, 0, 0, 0, 0, 0, 0, 0, 0, 0, 0, 9, 21
"c:\Users\makib\Documents\EntornosVirtuales\BaseDeDatosSalonDeBelleza\venv\Lib\site-packages\setuptools\__init__.py", "Python", 186, 0, 0, 0, 0, 0, 0, 0, 0, 0, 0, 0, 6, 56, 248
"c:\Users\makib\Documents\EntornosVirtuales\BaseDeDatosSalonDeBelleza\venv\Lib\site-packages\setuptools\_deprecation_warning.py", "Python", 6, 0, 0, 0, 0, 0, 0, 0, 0, 0, 0, 0, 0, 2, 8
"c:\Users\makib\Documents\EntornosVirtuales\BaseDeDatosSalonDeBelleza\venv\Lib\site-packages\setuptools\_distutils\__init__.py", "Python", 13, 0, 0, 0, 0, 0, 0, 0, 0, 0, 0, 0, 4, 8, 25
"c:\Users\makib\Documents\EntornosVirtuales\BaseDeDatosSalonDeBelleza\venv\Lib\site-packages\setuptools\_distutils\_collections.py", "Python", 47, 0, 0, 0, 0, 0, 0, 0, 0, 0, 0, 0, 1, 9, 57
"c:\Users\makib\Documents\EntornosVirtuales\BaseDeDatosSalonDeBelleza\venv\Lib\site-packages\setuptools\_distutils\_functools.py", "Python", 14, 0, 0, 0, 0, 0, 0, 0, 0, 0, 0, 0, 1, 6, 21
"c:\Users\makib\Documents\EntornosVirtuales\BaseDeDatosSalonDeBelleza\venv\Lib\site-packages\setuptools\_distutils\_macos_compat.py", "Python", 8, 0, 0, 0, 0, 0, 0, 0, 0, 0, 0, 0, 0, 5, 13
"c:\Users\makib\Documents\EntornosVirtuales\BaseDeDatosSalonDeBelleza\venv\Lib\site-packages\setuptools\_distutils\_msvccompiler.py", "Python", 430, 0, 0, 0, 0, 0, 0, 0, 0, 0, 0, 0, 54, 89, 573
"c:\Users\makib\Documents\EntornosVirtuales\BaseDeDatosSalonDeBelleza\venv\Lib\site-packages\setuptools\_distutils\archive_util.py", "Python", 219, 0, 0, 0, 0, 0, 0, 0, 0, 0, 0, 0, 8, 54, 281
"c:\Users\makib\Documents\EntornosVirtuales\BaseDeDatosSalonDeBelleza\venv\Lib\site-packages\setuptools\_distutils\bcppcompiler.py", "Python", 267, 0, 0, 0, 0, 0, 0, 0, 0, 0, 0, 0, 78, 64, 409
"c:\Users\makib\Documents\EntornosVirtuales\BaseDeDatosSalonDeBelleza\venv\Lib\site-packages\setuptools\_distutils\ccompiler.py", "Python", 900, 0, 0, 0, 0, 0, 0, 0, 0, 0, 0, 0, 160, 161, 1221
"c:\Users\makib\Documents\EntornosVirtuales\BaseDeDatosSalonDeBelleza\venv\Lib\site-packages\setuptools\_distutils\cmd.py", "Python", 309, 0, 0, 0, 0, 0, 0, 0, 0, 0, 0, 0, 71, 57, 437
"c:\Users\makib\Documents\EntornosVirtuales\BaseDeDatosSalonDeBelleza\venv\Lib\site-packages\setuptools\_distutils\command\__init__.py", "Python", 23, 0, 0, 0, 0, 0, 0, 0, 0, 0, 0, 0, 0, 3, 26
"c:\Users\makib\Documents\EntornosVirtuales\BaseDeDatosSalonDeBelleza\venv\Lib\site-packages\setuptools\_distutils\command\_framework_compat.py", "Python", 45, 0, 0, 0, 0, 0, 0, 0, 0, 0, 0, 0, 0, 11, 56
"c:\Users\makib\Documents\EntornosVirtuales\BaseDeDatosSalonDeBelleza\venv\Lib\site-packages\setuptools\_distutils\command\bdist.py", "Python", 115, 0, 0, 0, 0, 0, 0, 0, 0, 0, 0, 0, 15, 28, 158
"c:\Users\makib\Documents\EntornosVirtuales\BaseDeDatosSalonDeBelleza\venv\Lib\site-packages\setuptools\_distutils\command\bdist_dumb.py", "Python", 122, 0, 0, 0, 0, 0, 0, 0, 0, 0, 0, 0, 3, 20, 145
"c:\Users\makib\Documents\EntornosVirtuales\BaseDeDatosSalonDeBelleza\venv\Lib\site-packages\setuptools\_distutils\command\bdist_rpm.py", "Python", 481, 0, 0, 0, 0, 0, 0, 0, 0, 0, 0, 0, 59, 76, 616
"c:\Users\makib\Documents\EntornosVirtuales\BaseDeDatosSalonDeBelleza\venv\Lib\site-packages\setuptools\_distutils\command\build.py", "Python", 104, 0, 0, 0, 0, 0, 0, 0, 0, 0, 0, 0, 22, 28, 154
"c:\Users\makib\Documents\EntornosVirtuales\BaseDeDatosSalonDeBelleza\venv\Lib\site-packages\setuptools\_distutils\command\build_clib.py", "Python", 140, 0, 0, 0, 0, 0, 0, 0, 0, 0, 0, 0, 27, 42, 209
"c:\Users\makib\Documents\EntornosVirtuales\BaseDeDatosSalonDeBelleza\venv\Lib\site-packages\setuptools\_distutils\command\build_ext.py", "Python", 528, 0, 0, 0, 0, 0, 0, 0, 0, 0, 0, 0, 153, 107, 788
"c:\Users\makib\Documents\EntornosVirtuales\BaseDeDatosSalonDeBelleza\venv\Lib\site-packages\setuptools\_distutils\command\build_py.py", "Python", 275, 0, 0, 0, 0, 0, 0, 0, 0, 0, 0, 0, 77, 56, 408
"c:\Users\makib\Documents\EntornosVirtuales\BaseDeDatosSalonDeBelleza\venv\Lib\site-packages\setuptools\_distutils\command\build_scripts.py", "Python", 134, 0, 0, 0, 0, 0, 0, 0, 0, 0, 0, 0, 11, 29, 174
"c:\Users\makib\Documents\EntornosVirtuales\BaseDeDatosSalonDeBelleza\venv\Lib\site-packages\setuptools\_distutils\command\check.py", "Python", 124, 0, 0, 0, 0, 0, 0, 0, 0, 0, 0, 0, 4, 24, 152
"c:\Users\makib\Documents\EntornosVirtuales\BaseDeDatosSalonDeBelleza\venv\Lib\site-packages\setuptools\_distutils\command\clean.py", "Python", 58, 0, 0, 0, 0, 0, 0, 0, 0, 0, 0, 0, 6, 13, 77
"c:\Users\makib\Documents\EntornosVirtuales\BaseDeDatosSalonDeBelleza\venv\Lib\site-packages\setuptools\_distutils\command\config.py", "Python", 303, 0, 0, 0, 0, 0, 0, 0, 0, 0, 0, 0, 21, 54, 378
"c:\Users\makib\Documents\EntornosVirtuales\BaseDeDatosSalonDeBelleza\venv\Lib\site-packages\setuptools\_distutils\command\install.py", "Python", 565, 0, 0, 0, 0, 0, 0, 0, 0, 0, 0, 0, 126, 124, 815
"c:\Users\makib\Documents\EntornosVirtuales\BaseDeDatosSalonDeBelleza\venv\Lib\site-packages\setuptools\_distutils\command\install_data.py", "Python", 63, 0, 0, 0, 0, 0, 0, 0, 0, 0, 0, 0, 7, 15, 85
"c:\Users\makib\Documents\EntornosVirtuales\BaseDeDatosSalonDeBelleza\venv\Lib\site-packages\setuptools\_distutils\command\install_egg_info.py", "Python", 66, 0, 0, 0, 0, 0, 0, 0, 0, 0, 0, 0, 3, 23, 92
"c:\Users\makib\Documents\EntornosVirtuales\BaseDeDatosSalonDeBelleza\venv\Lib\site-packages\setuptools\_distutils\command\install_headers.py", "Python", 31, 0, 0, 0, 0, 0, 0, 0, 0, 0, 0, 0, 1, 14, 46
"c:\Users\makib\Documents\EntornosVirtuales\BaseDeDatosSalonDeBelleza\venv\Lib\site-packages\setuptools\_distutils\command\install_lib.py", "Python", 162, 0, 0, 0, 0, 0, 0, 0, 0, 0, 0, 0, 36, 41, 239
"c:\Users\makib\Documents\EntornosVirtuales\BaseDeDatosSalonDeBelleza\venv\Lib\site-packages\setuptools\_distutils\command\install_scripts.py", "Python", 45, 0, 0, 0, 0, 0, 0, 0, 0, 0, 0, 0, 3, 14, 62
"c:\Users\makib\Documents\EntornosVirtuales\BaseDeDatosSalonDeBelleza\venv\Lib\site-packages\setuptools\_distutils\command\py37compat.py", "Python", 23, 0, 0, 0, 0, 0, 0, 0, 0, 0, 0, 0, 0, 9, 32
"c:\Users\makib\Documents\EntornosVirtuales\BaseDeDatosSalonDeBelleza\venv\Lib\site-packages\setuptools\_distutils\command\register.py", "Python", 265, 0, 0, 0, 0, 0, 0, 0, 0, 0, 0, 0, 20, 35, 320
"c:\Users\makib\Documents\EntornosVirtuales\BaseDeDatosSalonDeBelleza\venv\Lib\site-packages\setuptools\_distutils\command\sdist.py", "Python", 409, 0, 0, 0, 0, 0, 0, 0, 0, 0, 0, 0, 47, 76, 532
"c:\Users\makib\Documents\EntornosVirtuales\BaseDeDatosSalonDeBelleza\venv\Lib\site-packages\setuptools\_distutils\command\upload.py", "Python", 156, 0, 0, 0, 0, 0, 0, 0, 0, 0, 0, 0, 22, 28, 206
"c:\Users\makib\Documents\EntornosVirtuales\BaseDeDatosSalonDeBelleza\venv\Lib\site-packages\setuptools\_distutils\config.py", "Python", 109, 0, 0, 0, 0, 0, 0, 0, 0, 0, 0, 0, 9, 22, 140
"c:\Users\makib\Documents\EntornosVirtuales\BaseDeDatosSalonDeBelleza\venv\Lib\site-packages\setuptools\_distutils\core.py", "Python", 216, 0, 0, 0, 0, 0, 0, 0, 0, 0, 0, 0, 26, 50, 292
"c:\Users\makib\Documents\EntornosVirtuales\BaseDeDatosSalonDeBelleza\venv\Lib\site-packages\setuptools\_distutils\cygwinccompiler.py", "Python", 239, 0, 0, 0, 0, 0, 0, 0, 0, 0, 0, 0, 60, 66, 365
"c:\Users\makib\Documents\EntornosVirtuales\BaseDeDatosSalonDeBelleza\venv\Lib\site-packages\setuptools\_distutils\debug.py", "Python", 2, 0, 0, 0, 0, 0, 0, 0, 0, 0, 0, 0, 2, 2, 6
"c:\Users\makib\Documents\EntornosVirtuales\BaseDeDatosSalonDeBelleza\venv\Lib\site-packages\setuptools\_distutils\dep_util.py", "Python", 65, 0, 0, 0, 0, 0, 0, 0, 0, 0, 0, 0, 9, 23, 97
"c:\Users\makib\Documents\EntornosVirtuales\BaseDeDatosSalonDeBelleza\venv\Lib\site-packages\setuptools\_distutils\dir_util.py", "Python", 184, 0, 0, 0, 0, 0, 0, 0, 0, 0, 0, 0, 15, 45, 244
"c:\Users\makib\Documents\EntornosVirtuales\BaseDeDatosSalonDeBelleza\venv\Lib\site-packages\setuptools\_distutils\dist.py", "Python", 921, 0, 0, 0, 0, 0, 0, 0, 0, 0, 0, 0, 165, 201, 1287
"c:\Users\makib\Documents\EntornosVirtuales\BaseDeDatosSalonDeBelleza\venv\Lib\site-packages\setuptools\_distutils\errors.py", "Python", 75, 0, 0, 0, 0, 0, 0, 0, 0, 0, 0, 0, 1, 52, 128
"c:\Users\makib\Documents\EntornosVirtuales\BaseDeDatosSalonDeBelleza\venv\Lib\site-packages\setuptools\_distutils\extension.py", "Python", 196, 0, 0, 0, 0, 0, 0, 0, 0, 0, 0, 0, 27, 26, 249
"c:\Users\makib\Documents\EntornosVirtuales\BaseDeDatosSalonDeBelleza\venv\Lib\site-packages\setuptools\_distutils\fancy_getopt.py", "Python", 319, 0, 0, 0, 0, 0, 0, 0, 0, 0, 0, 0, 78, 74, 471
"c:\Users\makib\Documents\EntornosVirtuales\BaseDeDatosSalonDeBelleza\venv\Lib\site-packages\setuptools\_distutils\file_util.py", "Python", 191, 0, 0, 0, 0, 0, 0, 0, 0, 0, 0, 0, 19, 40, 250
"c:\Users\makib\Documents\EntornosVirtuales\BaseDeDatosSalonDeBelleza\venv\Lib\site-packages\setuptools\_distutils\filelist.py", "Python", 284, 0, 0, 0, 0, 0, 0, 0, 0, 0, 0, 0, 27, 61, 372
"c:\Users\makib\Documents\EntornosVirtuales\BaseDeDatosSalonDeBelleza\venv\Lib\site-packages\setuptools\_distutils\log.py", "Python", 57, 0, 0, 0, 0, 0, 0, 0, 0, 0, 0, 0, 4, 20, 81
"c:\Users\makib\Documents\EntornosVirtuales\BaseDeDatosSalonDeBelleza\venv\Lib\site-packages\setuptools\_distutils\msvc9compiler.py", "Python", 619, 0, 0, 0, 0, 0, 0, 0, 0, 0, 0, 0, 107, 107, 833
"c:\Users\makib\Documents\EntornosVirtuales\BaseDeDatosSalonDeBelleza\venv\Lib\site-packages\setuptools\_distutils\msvccompiler.py", "Python", 539, 0, 0, 0, 0, 0, 0, 0, 0, 0, 0, 0, 62, 95, 696
"c:\Users\makib\Documents\EntornosVirtuales\BaseDeDatosSalonDeBelleza\venv\Lib\site-packages\setuptools\_distutils\py38compat.py", "Python", 7, 0, 0, 0, 0, 0, 0, 0, 0, 0, 0, 0, 0, 2, 9
"c:\Users\makib\Documents\EntornosVirtuales\BaseDeDatosSalonDeBelleza\venv\Lib\site-packages\setuptools\_distutils\py39compat.py", "Python", 14, 0, 0, 0, 0, 0, 0, 0, 0, 0, 0, 0, 3, 6, 23
"c:\Users\makib\Documents\EntornosVirtuales\BaseDeDatosSalonDeBelleza\venv\Lib\site-packages\setuptools\_distutils\spawn.py", "Python", 80, 0, 0, 0, 0, 0, 0, 0, 0, 0, 0, 0, 7, 23, 110
"c:\Users\makib\Documents\EntornosVirtuales\BaseDeDatosSalonDeBelleza\venv\Lib\site-packages\setuptools\_distutils\sysconfig.py", "Python", 412, 0, 0, 0, 0, 0, 0, 0, 0, 0, 0, 0, 49, 98, 559
"c:\Users\makib\Documents\EntornosVirtuales\BaseDeDatosSalonDeBelleza\venv\Lib\site-packages\setuptools\_distutils\text_file.py", "Python", 204, 0, 0, 0, 0, 0, 0, 0, 0, 0, 0, 0, 43, 41, 288
"c:\Users\makib\Documents\EntornosVirtuales\BaseDeDatosSalonDeBelleza\venv\Lib\site-packages\setuptools\_distutils\unixccompiler.py", "Python", 287, 0, 0, 0, 0, 0, 0, 0, 0, 0, 0, 0, 59, 56, 402
"c:\Users\makib\Documents\EntornosVirtuales\BaseDeDatosSalonDeBelleza\venv\Lib\site-packages\setuptools\_distutils\util.py", "Python", 366, 0, 0, 0, 0, 0, 0, 0, 0, 0, 0, 0, 55, 93, 514
"c:\Users\makib\Documents\EntornosVirtuales\BaseDeDatosSalonDeBelleza\venv\Lib\site-packages\setuptools\_distutils\version.py", "Python", 205, 0, 0, 0, 0, 0, 0, 0, 0, 0, 0, 0, 98, 56, 359
"c:\Users\makib\Documents\EntornosVirtuales\BaseDeDatosSalonDeBelleza\venv\Lib\site-packages\setuptools\_distutils\versionpredicate.py", "Python", 135, 0, 0, 0, 0, 0, 0, 0, 0, 0, 0, 0, 5, 36, 176
"c:\Users\makib\Documents\EntornosVirtuales\BaseDeDatosSalonDeBelleza\venv\Lib\site-packages\setuptools\_entry_points.py", "Python", 65, 0, 0, 0, 0, 0, 0, 0, 0, 0, 0, 0, 1, 21, 87
"c:\Users\makib\Documents\EntornosVirtuales\BaseDeDatosSalonDeBelleza\venv\Lib\site-packages\setuptools\_imp.py", "Python", 66, 0, 0, 0, 0, 0, 0, 0, 0, 0, 0, 0, 0, 17, 83
"c:\Users\makib\Documents\EntornosVirtuales\BaseDeDatosSalonDeBelleza\venv\Lib\site-packages\setuptools\_importlib.py", "Python", 38, 0, 0, 0, 0, 0, 0, 0, 0, 0, 0, 0, 0, 10, 48
"c:\Users\makib\Documents\EntornosVirtuales\BaseDeDatosSalonDeBelleza\venv\Lib\site-packages\setuptools\_itertools.py", "Python", 19, 0, 0, 0, 0, 0, 0, 0, 0, 0, 0, 0, 1, 4, 24
"c:\Users\makib\Documents\EntornosVirtuales\BaseDeDatosSalonDeBelleza\venv\Lib\site-packages\setuptools\_path.py", "Python", 24, 0, 0, 0, 0, 0, 0, 0, 0, 0, 0, 0, 0, 6, 30
"c:\Users\makib\Documents\EntornosVirtuales\BaseDeDatosSalonDeBelleza\venv\Lib\site-packages\setuptools\_reqs.py", "Python", 13, 0, 0, 0, 0, 0, 0, 0, 0, 0, 0, 0, 0, 7, 20
"c:\Users\makib\Documents\EntornosVirtuales\BaseDeDatosSalonDeBelleza\venv\Lib\site-packages\setuptools\_vendor\__init__.py", "Python", 0, 0, 0, 0, 0, 0, 0, 0, 0, 0, 0, 0, 0, 1, 1
"c:\Users\makib\Documents\EntornosVirtuales\BaseDeDatosSalonDeBelleza\venv\Lib\site-packages\setuptools\_vendor\importlib_metadata\__init__.py", "Python", 835, 0, 0, 0, 0, 0, 0, 0, 0, 0, 0, 0, 6, 207, 1048
"c:\Users\makib\Documents\EntornosVirtuales\BaseDeDatosSalonDeBelleza\venv\Lib\site-packages\setuptools\_vendor\importlib_metadata\_adapters.py", "Python", 56, 0, 0, 0, 0, 0, 0, 0, 0, 0, 0, 0, 1, 12, 69
"c:\Users\makib\Documents\EntornosVirtuales\BaseDeDatosSalonDeBelleza\venv\Lib\site-packages\setuptools\_vendor\importlib_metadata\_collections.py", "Python", 22, 0, 0, 0, 0, 0, 0, 0, 0, 0, 0, 0, 1, 8, 31
"c:\Users\makib\Documents\EntornosVirtuales\BaseDeDatosSalonDeBelleza\venv\Lib\site-packages\setuptools\_vendor\importlib_metadata\_compat.py", "Python", 46, 0, 0, 0, 0, 0, 0, 0, 0, 0, 0, 0, 6, 20, 72
"c:\Users\makib\Documents\EntornosVirtuales\BaseDeDatosSalonDeBelleza\venv\Lib\site-packages\setuptools\_vendor\importlib_metadata\_functools.py", "Python", 76, 0, 0, 0, 0, 0, 0, 0, 0, 0, 0, 0, 4, 25, 105
"c:\Users\makib\Documents\EntornosVirtuales\BaseDeDatosSalonDeBelleza\venv\Lib\site-packages\setuptools\_vendor\importlib_metadata\_itertools.py", "Python", 53, 0, 0, 0, 0, 0, 0, 0, 0, 0, 0, 0, 3, 18, 74
"c:\Users\makib\Documents\EntornosVirtuales\BaseDeDatosSalonDeBelleza\venv\Lib\site-packages\setuptools\_vendor\importlib_metadata\_meta.py", "Python", 33, 0, 0, 0, 0, 0, 0, 0, 0, 0, 0, 0, 0, 16, 49
"c:\Users\makib\Documents\EntornosVirtuales\BaseDeDatosSalonDeBelleza\venv\Lib\site-packages\setuptools\_vendor\importlib_metadata\_text.py", "Python", 66, 0, 0, 0, 0, 0, 0, 0, 0, 0, 0, 0, 2, 32, 100
"c:\Users\makib\Documents\EntornosVirtuales\BaseDeDatosSalonDeBelleza\venv\Lib\site-packages\setuptools\_vendor\importlib_resources\__init__.py", "Python", 31, 0, 0, 0, 0, 0, 0, 0, 0, 0, 0, 0, 0, 6, 37
"c:\Users\makib\Documents\EntornosVirtuales\BaseDeDatosSalonDeBelleza\venv\Lib\site-packages\setuptools\_vendor\importlib_resources\_adapters.py", "Python", 126, 0, 0, 0, 0, 0, 0, 0, 0, 0, 0, 0, 0, 45, 171
"c:\Users\makib\Documents\EntornosVirtuales\BaseDeDatosSalonDeBelleza\venv\Lib\site-packages\setuptools\_vendor\importlib_resources\_common.py", "Python", 71, 0, 0, 0, 0, 0, 0, 0, 0, 0, 0, 0, 12, 22, 105
"c:\Users\makib\Documents\EntornosVirtuales\BaseDeDatosSalonDeBelleza\venv\Lib\site-packages\setuptools\_vendor\importlib_resources\_compat.py", "Python", 69, 0, 0, 0, 0, 0, 0, 0, 0, 0, 0, 0, 6, 24, 99
"c:\Users\makib\Documents\EntornosVirtuales\BaseDeDatosSalonDeBelleza\venv\Lib\site-packages\setuptools\_vendor\importlib_resources\_itertools.py", "Python", 28, 0, 0, 0, 0, 0, 0, 0, 0, 0, 0, 0, 3, 5, 36
"c:\Users\makib\Documents\EntornosVirtuales\BaseDeDatosSalonDeBelleza\venv\Lib\site-packages\setuptools\_vendor\importlib_resources\_legacy.py", "Python", 93, 0, 0, 0, 0, 0, 0, 0, 0, 0, 0, 0, 1, 28, 122
"c:\Users\makib\Documents\EntornosVirtuales\BaseDeDatosSalonDeBelleza\venv\Lib\site-packages\setuptools\_vendor\importlib_resources\abc.py", "Python", 102, 0, 0, 0, 0, 0, 0, 0, 0, 0, 0, 0, 6, 30, 138
"c:\Users\makib\Documents\EntornosVirtuales\BaseDeDatosSalonDeBelleza\venv\Lib\site-packages\setuptools\_vendor\importlib_resources\readers.py", "Python", 88, 0, 0, 0, 0, 0, 0, 0, 0, 0, 0, 0, 4, 31, 123
"c:\Users\makib\Documents\EntornosVirtuales\BaseDeDatosSalonDeBelleza\venv\Lib\site-packages\setuptools\_vendor\importlib_resources\simple.py", "Python", 83, 0, 0, 0, 0, 0, 0, 0, 0, 0, 0, 0, 6, 28, 117
"c:\Users\makib\Documents\EntornosVirtuales\BaseDeDatosSalonDeBelleza\venv\Lib\site-packages\setuptools\_vendor\jaraco\__init__.py", "Python", 0, 0, 0, 0, 0, 0, 0, 0, 0, 0, 0, 0, 0, 1, 1
"c:\Users\makib\Documents\EntornosVirtuales\BaseDeDatosSalonDeBelleza\venv\Lib\site-packages\setuptools\_vendor\jaraco\context.py", "Python", 163, 0, 0, 0, 0, 0, 0, 0, 0, 0, 0, 0, 6, 45, 214
"c:\Users\makib\Documents\EntornosVirtuales\BaseDeDatosSalonDeBelleza\venv\Lib\site-packages\setuptools\_vendor\jaraco\functools.py", "Python", 401, 0, 0, 0, 0, 0, 0, 0, 0, 0, 0, 0, 2, 123, 526
"c:\Users\makib\Documents\EntornosVirtuales\BaseDeDatosSalonDeBelleza\venv\Lib\site-packages\setuptools\_vendor\jaraco\text\__init__.py", "Python", 441, 0, 0, 0, 0, 0, 0, 0, 0, 0, 0, 0, 5, 154, 600
"c:\Users\makib\Documents\EntornosVirtuales\BaseDeDatosSalonDeBelleza\venv\Lib\site-packages\setuptools\_vendor\more_itertools\__init__.py", "Python", 3, 0, 0, 0, 0, 0, 0, 0, 0, 0, 0, 0, 0, 2, 5
"c:\Users\makib\Documents\EntornosVirtuales\BaseDeDatosSalonDeBelleza\venv\Lib\site-packages\setuptools\_vendor\more_itertools\more.py", "Python", 2870, 0, 0, 0, 0, 0, 0, 0, 0, 0, 0, 0, 117, 838, 3825
"c:\Users\makib\Documents\EntornosVirtuales\BaseDeDatosSalonDeBelleza\venv\Lib\site-packages\setuptools\_vendor\more_itertools\recipes.py", "Python", 451, 0, 0, 0, 0, 0, 0, 0, 0, 0, 0, 0, 4, 166, 621
"c:\Users\makib\Documents\EntornosVirtuales\BaseDeDatosSalonDeBelleza\venv\Lib\site-packages\setuptools\_vendor\ordered_set.py", "Python", 405, 0, 0, 0, 0, 0, 0, 0, 0, 0, 0, 0, 15, 69, 489
"c:\Users\makib\Documents\EntornosVirtuales\BaseDeDatosSalonDeBelleza\venv\Lib\site-packages\setuptools\_vendor\packaging\__about__.py", "Python", 18, 0, 0, 0, 0, 0, 0, 0, 0, 0, 0, 0, 3, 6, 27
"c:\Users\makib\Documents\EntornosVirtuales\BaseDeDatosSalonDeBelleza\venv\Lib\site-packages\setuptools\_vendor\packaging\__init__.py", "Python", 20, 0, 0, 0, 0, 0, 0, 0, 0, 0, 0, 0, 3, 3, 26
"c:\Users\makib\Documents\EntornosVirtuales\BaseDeDatosSalonDeBelleza\venv\Lib\site-packages\setuptools\_vendor\packaging\_manylinux.py", "Python", 212, 0, 0, 0, 0, 0, 0, 0, 0, 0, 0, 0, 51, 39, 302
"c:\Users\makib\Documents\EntornosVirtuales\BaseDeDatosSalonDeBelleza\venv\Lib\site-packages\setuptools\_vendor\packaging\_musllinux.py", "Python", 107, 0, 0, 0, 0, 0, 0, 0, 0, 0, 0, 0, 4, 26, 137
"c:\Users\makib\Documents\EntornosVirtuales\BaseDeDatosSalonDeBelleza\venv\Lib\site-packages\setuptools\_vendor\packaging\_structures.py", "Python", 36, 0, 0, 0, 0, 0, 0, 0, 0, 0, 0, 0, 3, 23, 62
"c:\Users\makib\Documents\EntornosVirtuales\BaseDeDatosSalonDeBelleza\venv\Lib\site-packages\setuptools\_vendor\packaging\markers.py", "Python", 224, 0, 0, 0, 0, 0, 0, 0, 0, 0, 0, 0, 7, 74, 305
"c:\Users\makib\Documents\EntornosVirtuales\BaseDeDatosSalonDeBelleza\venv\Lib\site-packages\setuptools\_vendor\packaging\requirements.py", "Python", 105, 0, 0, 0, 0, 0, 0, 0, 0, 0, 0, 0, 9, 33, 147
"c:\Users\makib\Documents\EntornosVirtuales\BaseDeDatosSalonDeBelleza\venv\Lib\site-packages\setuptools\_vendor\packaging\specifiers.py", "Python", 490, 0, 0, 0, 0, 0, 0, 0, 0, 0, 0, 0, 156, 157, 803
"c:\Users\makib\Documents\EntornosVirtuales\BaseDeDatosSalonDeBelleza\venv\Lib\site-packages\setuptools\_vendor\packaging\tags.py", "Python", 373, 0, 0, 0, 0, 0, 0, 0, 0, 0, 0, 0, 26, 89, 488
"c:\Users\makib\Documents\EntornosVirtuales\BaseDeDatosSalonDeBelleza\venv\Lib\site-packages\setuptools\_vendor\packaging\utils.py", "Python", 91, 0, 0, 0, 0, 0, 0, 0, 0, 0, 0, 0, 16, 30, 137
"c:\Users\makib\Documents\EntornosVirtuales\BaseDeDatosSalonDeBelleza\venv\Lib\site-packages\setuptools\_vendor\packaging\version.py", "Python", 334, 0, 0, 0, 0, 0, 0, 0, 0, 0, 0, 0, 58, 113, 505
"c:\Users\makib\Documents\EntornosVirtuales\BaseDeDatosSalonDeBelleza\venv\Lib\site-packages\setuptools\_vendor\pyparsing\__init__.py", "Python", 277, 0, 0, 0, 0, 0, 0, 0, 0, 0, 0, 0, 26, 29, 332
"c:\Users\makib\Documents\EntornosVirtuales\BaseDeDatosSalonDeBelleza\venv\Lib\site-packages\setuptools\_vendor\pyparsing\actions.py", "Python", 148, 0, 0, 0, 0, 0, 0, 0, 0, 0, 0, 0, 6, 54, 208
"c:\Users\makib\Documents\EntornosVirtuales\BaseDeDatosSalonDeBelleza\venv\Lib\site-packages\setuptools\_vendor\pyparsing\common.py", "Python", 304, 0, 0, 0, 0, 0, 0, 0, 0, 0, 0, 0, 39, 82, 425
"c:\Users\makib\Documents\EntornosVirtuales\BaseDeDatosSalonDeBelleza\venv\Lib\site-packages\setuptools\_vendor\pyparsing\core.py", "Python", 4609, 0, 0, 0, 0, 0, 0, 0, 0, 0, 0, 0, 252, 954, 5815
"c:\Users\makib\Documents\EntornosVirtuales\BaseDeDatosSalonDeBelleza\venv\Lib\site-packages\setuptools\_vendor\pyparsing\diagram\__init__.py", "Python", 503, 0, 0, 0, 0, 0, 0, 0, 0, 0, 0, 0, 58, 82, 643
"c:\Users\makib\Documents\EntornosVirtuales\BaseDeDatosSalonDeBelleza\venv\Lib\site-packages\setuptools\_vendor\pyparsing\exceptions.py", "Python", 207, 0, 0, 0, 0, 0, 0, 0, 0, 0, 0, 0, 4, 57, 268
"c:\Users\makib\Documents\EntornosVirtuales\BaseDeDatosSalonDeBelleza\venv\Lib\site-packages\setuptools\_vendor\pyparsing\helpers.py", "Python", 872, 0, 0, 0, 0, 0, 0, 0, 0, 0, 0, 0, 38, 179, 1089
"c:\Users\makib\Documents\EntornosVirtuales\BaseDeDatosSalonDeBelleza\venv\Lib\site-packages\setuptools\_vendor\pyparsing\results.py", "Python", 609, 0, 0, 0, 0, 0, 0, 0, 0, 0, 0, 0, 24, 128, 761
"c:\Users\makib\Documents\EntornosVirtuales\BaseDeDatosSalonDeBelleza\venv\Lib\site-packages\setuptools\_vendor\pyparsing\testing.py", "Python", 279, 0, 0, 0, 0, 0, 0, 0, 0, 0, 0, 0, 10, 43, 332
"c:\Users\makib\Documents\EntornosVirtuales\BaseDeDatosSalonDeBelleza\venv\Lib\site-packages\setuptools\_vendor\pyparsing\unicode.py", "Python", 300, 0, 0, 0, 0, 0, 0, 0, 0, 0, 0, 0, 5, 48, 353
"c:\Users\makib\Documents\EntornosVirtuales\BaseDeDatosSalonDeBelleza\venv\Lib\site-packages\setuptools\_vendor\pyparsing\util.py", "Python", 184, 0, 0, 0, 0, 0, 0, 0, 0, 0, 0, 0, 2, 50, 236
"c:\Users\makib\Documents\EntornosVirtuales\BaseDeDatosSalonDeBelleza\venv\Lib\site-packages\setuptools\_vendor\tomli\__init__.py", "Python", 4, 0, 0, 0, 0, 0, 0, 0, 0, 0, 0, 0, 4, 4, 12
"c:\Users\makib\Documents\EntornosVirtuales\BaseDeDatosSalonDeBelleza\venv\Lib\site-packages\setuptools\_vendor\tomli\_parser.py", "Python", 534, 0, 0, 0, 0, 0, 0, 0, 0, 0, 0, 0, 46, 112, 692
"c:\Users\makib\Documents\EntornosVirtuales\BaseDeDatosSalonDeBelleza\venv\Lib\site-packages\setuptools\_vendor\tomli\_re.py", "Python", 87, 0, 0, 0, 0, 0, 0, 0, 0, 0, 0, 0, 6, 15, 108
"c:\Users\makib\Documents\EntornosVirtuales\BaseDeDatosSalonDeBelleza\venv\Lib\site-packages\setuptools\_vendor\tomli\_types.py", "Python", 4, 0, 0, 0, 0, 0, 0, 0, 0, 0, 0, 0, 4, 3, 11
"c:\Users\makib\Documents\EntornosVirtuales\BaseDeDatosSalonDeBelleza\venv\Lib\site-packages\setuptools\_vendor\typing_extensions.py", "Python", 1729, 0, 0, 0, 0, 0, 0, 0, 0, 0, 0, 0, 144, 424, 2297
"c:\Users\makib\Documents\EntornosVirtuales\BaseDeDatosSalonDeBelleza\venv\Lib\site-packages\setuptools\_vendor\zipp.py", "Python", 255, 0, 0, 0, 0, 0, 0, 0, 0, 0, 0, 0, 1, 74, 330
"c:\Users\makib\Documents\EntornosVirtuales\BaseDeDatosSalonDeBelleza\venv\Lib\site-packages\setuptools\archive_util.py", "Python", 162, 0, 0, 0, 0, 0, 0, 0, 0, 0, 0, 0, 8, 44, 214
"c:\Users\makib\Documents\EntornosVirtuales\BaseDeDatosSalonDeBelleza\venv\Lib\site-packages\setuptools\build_meta.py", "Python", 397, 0, 0, 0, 0, 0, 0, 0, 0, 0, 0, 0, 25, 90, 512
"c:\Users\makib\Documents\EntornosVirtuales\BaseDeDatosSalonDeBelleza\venv\Lib\site-packages\setuptools\command\__init__.py", "Python", 9, 0, 0, 0, 0, 0, 0, 0, 0, 0, 0, 0, 1, 3, 13
"c:\Users\makib\Documents\EntornosVirtuales\BaseDeDatosSalonDeBelleza\venv\Lib\site-packages\setuptools\command\alias.py", "Python", 62, 0, 0, 0, 0, 0, 0, 0, 0, 0, 0, 0, 0, 17, 79
"c:\Users\makib\Documents\EntornosVirtuales\BaseDeDatosSalonDeBelleza\venv\Lib\site-packages\setuptools\command\bdist_egg.py", "Python", 363, 0, 0, 0, 0, 0, 0, 0, 0, 0, 0, 0, 17, 78, 458
"c:\Users\makib\Documents\EntornosVirtuales\BaseDeDatosSalonDeBelleza\venv\Lib\site-packages\setuptools\command\bdist_rpm.py", "Python", 31, 0, 0, 0, 0, 0, 0, 0, 0, 0, 0, 0, 1, 9, 41
"c:\Users\makib\Documents\EntornosVirtuales\BaseDeDatosSalonDeBelleza\venv\Lib\site-packages\setuptools\command\build.py", "Python", 118, 0, 0, 0, 0, 0, 0, 0, 0, 0, 0, 0, 1, 28, 147
"c:\Users\makib\Documents\EntornosVirtuales\BaseDeDatosSalonDeBelleza\venv\Lib\site-packages\setuptools\command\build_clib.py", "Python", 77, 0, 0, 0, 0, 0, 0, 0, 0, 0, 0, 0, 13, 12, 102
"c:\Users\makib\Documents\EntornosVirtuales\BaseDeDatosSalonDeBelleza\venv\Lib\site-packages\setuptools\command\build_ext.py", "Python", 293, 0, 0, 0, 0, 0, 0, 0, 0, 0, 0, 0, 38, 53, 384
"c:\Users\makib\Documents\EntornosVirtuales\BaseDeDatosSalonDeBelleza\venv\Lib\site-packages\setuptools\command\build_py.py", "Python", 294, 0, 0, 0, 0, 0, 0, 0, 0, 0, 0, 0, 16, 59, 369
"c:\Users\makib\Documents\EntornosVirtuales\BaseDeDatosSalonDeBelleza\venv\Lib\site-packages\setuptools\command\develop.py", "Python", 149, 0, 0, 0, 0, 0, 0, 0, 0, 0, 0, 0, 11, 34, 194
"c:\Users\makib\Documents\EntornosVirtuales\BaseDeDatosSalonDeBelleza\venv\Lib\site-packages\setuptools\command\dist_info.py", "Python", 111, 0, 0, 0, 0, 0, 0, 0, 0, 0, 0, 0, 4, 28, 143
"c:\Users\makib\Documents\EntornosVirtuales\BaseDeDatosSalonDeBelleza\venv\Lib\site-packages\setuptools\command\easy_install.py", "Python", 1818, 0, 0, 0, 0, 0, 0, 0, 0, 0, 0, 0, 148, 347, 2313
"c:\Users\makib\Documents\EntornosVirtuales\BaseDeDatosSalonDeBelleza\venv\Lib\site-packages\setuptools\command\editable_wheel.py", "Python", 669, 0, 0, 0, 0, 0, 0, 0, 0, 0, 0, 0, 15, 161, 845
"c:\Users\makib\Documents\EntornosVirtuales\BaseDeDatosSalonDeBelleza\venv\Lib\site-packages\setuptools\command\egg_info.py", "Python", 579, 0, 0, 0, 0, 0, 0, 0, 0, 0, 0, 0, 58, 127, 764
"c:\Users\makib\Documents\EntornosVirtuales\BaseDeDatosSalonDeBelleza\venv\Lib\site-packages\setuptools\command\install.py", "Python", 102, 0, 0, 0, 0, 0, 0, 0, 0, 0, 0, 0, 11, 27, 140
"c:\Users\makib\Documents\EntornosVirtuales\BaseDeDatosSalonDeBelleza\venv\Lib\site-packages\setuptools\command\install_egg_info.py", "Python", 48, 0, 0, 0, 0, 0, 0, 0, 0, 0, 0, 0, 4, 12, 64
"c:\Users\makib\Documents\EntornosVirtuales\BaseDeDatosSalonDeBelleza\venv\Lib\site-packages\setuptools\command\install_lib.py", "Python", 93, 0, 0, 0, 0, 0, 0, 0, 0, 0, 0, 0, 6, 24, 123
"c:\Users\makib\Documents\EntornosVirtuales\BaseDeDatosSalonDeBelleza\venv\Lib\site-packages\setuptools\command\install_scripts.py", "Python", 56, 0, 0, 0, 0, 0, 0, 0, 0, 0, 0, 0, 4, 11, 71
"c:\Users\makib\Documents\EntornosVirtuales\BaseDeDatosSalonDeBelleza\venv\Lib\site-packages\setuptools\command\launcher manifest.xml", "XML", 0, 0, 0, 0, 0, 0, 0, 14, 0, 0, 0, 0, 1, 1, 16
"c:\Users\makib\Documents\EntornosVirtuales\BaseDeDatosSalonDeBelleza\venv\Lib\site-packages\setuptools\command\py36compat.py", "Python", 105, 0, 0, 0, 0, 0, 0, 0, 0, 0, 0, 0, 11, 19, 135
"c:\Users\makib\Documents\EntornosVirtuales\BaseDeDatosSalonDeBelleza\venv\Lib\site-packages\setuptools\command\register.py", "Python", 12, 0, 0, 0, 0, 0, 0, 0, 0, 0, 0, 0, 0, 7, 19
"c:\Users\makib\Documents\EntornosVirtuales\BaseDeDatosSalonDeBelleza\venv\Lib\site-packages\setuptools\command\rotate.py", "Python", 54, 0, 0, 0, 0, 0, 0, 0, 0, 0, 0, 0, 0, 11, 65
"c:\Users\makib\Documents\EntornosVirtuales\BaseDeDatosSalonDeBelleza\venv\Lib\site-packages\setuptools\command\saveopts.py", "Python", 14, 0, 0, 0, 0, 0, 0, 0, 0, 0, 0, 0, 0, 9, 23
"c:\Users\makib\Documents\EntornosVirtuales\BaseDeDatosSalonDeBelleza\venv\Lib\site-packages\setuptools\command\sdist.py", "Python", 165, 0, 0, 0, 0, 0, 0, 0, 0, 0, 0, 0, 9, 37, 211
"c:\Users\makib\Documents\EntornosVirtuales\BaseDeDatosSalonDeBelleza\venv\Lib\site-packages\setuptools\command\setopt.py", "Python", 126, 0, 0, 0, 0, 0, 0, 0, 0, 0, 0, 0, 0, 24, 150
"c:\Users\makib\Documents\EntornosVirtuales\BaseDeDatosSalonDeBelleza\venv\Lib\site-packages\setuptools\command\test.py", "Python", 209, 0, 0, 0, 0, 0, 0, 0, 0, 0, 0, 0, 2, 41, 252
"c:\Users\makib\Documents\EntornosVirtuales\BaseDeDatosSalonDeBelleza\venv\Lib\site-packages\setuptools\command\upload.py", "Python", 12, 0, 0, 0, 0, 0, 0, 0, 0, 0, 0, 0, 0, 6, 18
"c:\Users\makib\Documents\EntornosVirtuales\BaseDeDatosSalonDeBelleza\venv\Lib\site-packages\setuptools\command\upload_docs.py", "Python", 178, 0, 0, 0, 0, 0, 0, 0, 0, 0, 0, 0, 9, 27, 214
"c:\Users\makib\Documents\EntornosVirtuales\BaseDeDatosSalonDeBelleza\venv\Lib\site-packages\setuptools\config\__init__.py", "Python", 26, 0, 0, 0, 0, 0, 0, 0, 0, 0, 0, 0, 0, 10, 36
"c:\Users\makib\Documents\EntornosVirtuales\BaseDeDatosSalonDeBelleza\venv\Lib\site-packages\setuptools\config\_apply_pyprojecttoml.py", "Python", 280, 0, 0, 0, 0, 0, 0, 0, 0, 0, 0, 0, 7, 91, 378
"c:\Users\makib\Documents\EntornosVirtuales\BaseDeDatosSalonDeBelleza\venv\Lib\site-packages\setuptools\config\_validate_pyproject\__init__.py", "Python", 28, 0, 0, 0, 0, 0, 0, 0, 0, 0, 0, 0, 0, 7, 35
"c:\Users\makib\Documents\EntornosVirtuales\BaseDeDatosSalonDeBelleza\venv\Lib\site-packages\setuptools\config\_validate_pyproject\error_reporting.py", "Python", 258, 0, 0, 0, 0, 0, 0, 0, 0, 0, 0, 0, 6, 55, 319
"c:\Users\makib\Documents\EntornosVirtuales\BaseDeDatosSalonDeBelleza\venv\Lib\site-packages\setuptools\config\_validate_pyproject\extra_validations.py", "Python", 24, 0, 0, 0, 0, 0, 0, 0, 0, 0, 0, 0, 0, 13, 37
"c:\Users\makib\Documents\EntornosVirtuales\BaseDeDatosSalonDeBelleza\venv\Lib\site-packages\setuptools\config\_validate_pyproject\fastjsonschema_exceptions.py", "Python", 38, 0, 0, 0, 0, 0, 0, 0, 0, 0, 0, 0, 0, 14, 52
"c:\Users\makib\Documents\EntornosVirtuales\BaseDeDatosSalonDeBelleza\venv\Lib\site-packages\setuptools\config\_validate_pyproject\fastjsonschema_validations.py", "Python", 1009, 0, 0, 0, 0, 0, 0, 0, 0, 0, 0, 0, 8, 18, 1035
"c:\Users\makib\Documents\EntornosVirtuales\BaseDeDatosSalonDeBelleza\venv\Lib\site-packages\setuptools\config\_validate_pyproject\formats.py", "Python", 179, 0, 0, 0, 0, 0, 0, 0, 0, 0, 0, 0, 20, 61, 260
"c:\Users\makib\Documents\EntornosVirtuales\BaseDeDatosSalonDeBelleza\venv\Lib\site-packages\setuptools\config\expand.py", "Python", 361, 0, 0, 0, 0, 0, 0, 0, 0, 0, 0, 0, 6, 96, 463
"c:\Users\makib\Documents\EntornosVirtuales\BaseDeDatosSalonDeBelleza\venv\Lib\site-packages\setuptools\config\pyprojecttoml.py", "Python", 374, 0, 0, 0, 0, 0, 0, 0, 0, 0, 0, 0, 31, 89, 494
"c:\Users\makib\Documents\EntornosVirtuales\BaseDeDatosSalonDeBelleza\venv\Lib\site-packages\setuptools\config\setupcfg.py", "Python", 585, 0, 0, 0, 0, 0, 0, 0, 0, 0, 0, 0, 11, 167, 763
"c:\Users\makib\Documents\EntornosVirtuales\BaseDeDatosSalonDeBelleza\venv\Lib\site-packages\setuptools\dep_util.py", "Python", 17, 0, 0, 0, 0, 0, 0, 0, 0, 0, 0, 0, 4, 5, 26
"c:\Users\makib\Documents\EntornosVirtuales\BaseDeDatosSalonDeBelleza\venv\Lib\site-packages\setuptools\depends.py", "Python", 129, 0, 0, 0, 0, 0, 0, 0, 0, 0, 0, 0, 3, 45, 177
"c:\Users\makib\Documents\EntornosVirtuales\BaseDeDatosSalonDeBelleza\venv\Lib\site-packages\setuptools\discovery.py", "Python", 455, 0, 0, 0, 0, 0, 0, 0, 0, 0, 0, 0, 27, 119, 601
"c:\Users\makib\Documents\EntornosVirtuales\BaseDeDatosSalonDeBelleza\venv\Lib\site-packages\setuptools\dist.py", "Python", 957, 0, 0, 0, 0, 0, 0, 0, 0, 0, 0, 0, 50, 216, 1223
"c:\Users\makib\Documents\EntornosVirtuales\BaseDeDatosSalonDeBelleza\venv\Lib\site-packages\setuptools\errors.py", "Python", 42, 0, 0, 0, 0, 0, 0, 0, 0, 0, 0, 0, 2, 15, 59
"c:\Users\makib\Documents\EntornosVirtuales\BaseDeDatosSalonDeBelleza\venv\Lib\site-packages\setuptools\extension.py", "Python", 111, 0, 0, 0, 0, 0, 0, 0, 0, 0, 0, 0, 5, 33, 149
"c:\Users\makib\Documents\EntornosVirtuales\BaseDeDatosSalonDeBelleza\venv\Lib\site-packages\setuptools\extern\__init__.py", "Python", 64, 0, 0, 0, 0, 0, 0, 0, 0, 0, 0, 0, 0, 13, 77
"c:\Users\makib\Documents\EntornosVirtuales\BaseDeDatosSalonDeBelleza\venv\Lib\site-packages\setuptools\glob.py", "Python", 118, 0, 0, 0, 0, 0, 0, 0, 0, 0, 0, 0, 14, 36, 168
"c:\Users\makib\Documents\EntornosVirtuales\BaseDeDatosSalonDeBelleza\venv\Lib\site-packages\setuptools\installer.py", "Python", 87, 0, 0, 0, 0, 0, 0, 0, 0, 0, 0, 0, 9, 9, 105
"c:\Users\makib\Documents\EntornosVirtuales\BaseDeDatosSalonDeBelleza\venv\Lib\site-packages\setuptools\launch.py", "Python", 27, 0, 0, 0, 0, 0, 0, 0, 0, 0, 0, 0, 2, 8, 37
"c:\Users\makib\Documents\EntornosVirtuales\BaseDeDatosSalonDeBelleza\venv\Lib\site-packages\setuptools\logging.py", "Python", 26, 0, 0, 0, 0, 0, 0, 0, 0, 0, 0, 0, 4, 7, 37
"c:\Users\makib\Documents\EntornosVirtuales\BaseDeDatosSalonDeBelleza\venv\Lib\site-packages\setuptools\monkey.py", "Python", 116, 0, 0, 0, 0, 0, 0, 0, 0, 0, 0, 0, 12, 38, 166
"c:\Users\makib\Documents\EntornosVirtuales\BaseDeDatosSalonDeBelleza\venv\Lib\site-packages\setuptools\msvc.py", "Python", 1375, 0, 0, 0, 0, 0, 0, 0, 0, 0, 0, 0, 54, 275, 1704
"c:\Users\makib\Documents\EntornosVirtuales\BaseDeDatosSalonDeBelleza\venv\Lib\site-packages\setuptools\namespaces.py", "Python", 86, 0, 0, 0, 0, 0, 0, 0, 0, 0, 0, 0, 1, 21, 108
"c:\Users\makib\Documents\EntornosVirtuales\BaseDeDatosSalonDeBelleza\venv\Lib\site-packages\setuptools\package_index.py", "Python", 885, 0, 0, 0, 0, 0, 0, 0, 0, 0, 0, 0, 61, 181, 1127
"c:\Users\makib\Documents\EntornosVirtuales\BaseDeDatosSalonDeBelleza\venv\Lib\site-packages\setuptools\py34compat.py", "Python", 10, 0, 0, 0, 0, 0, 0, 0, 0, 0, 0, 0, 0, 4, 14
"c:\Users\makib\Documents\EntornosVirtuales\BaseDeDatosSalonDeBelleza\venv\Lib\site-packages\setuptools\sandbox.py", "Python", 417, 0, 0, 0, 0, 0, 0, 0, 0, 0, 0, 0, 8, 106, 531
"c:\Users\makib\Documents\EntornosVirtuales\BaseDeDatosSalonDeBelleza\venv\Lib\site-packages\setuptools\unicode_utils.py", "Python", 32, 0, 0, 0, 0, 0, 0, 0, 0, 0, 0, 0, 1, 10, 43
"c:\Users\makib\Documents\EntornosVirtuales\BaseDeDatosSalonDeBelleza\venv\Lib\site-packages\setuptools\version.py", "Python", 5, 0, 0, 0, 0, 0, 0, 0, 0, 0, 0, 0, 0, 2, 7
"c:\Users\makib\Documents\EntornosVirtuales\BaseDeDatosSalonDeBelleza\venv\Lib\site-packages\setuptools\wheel.py", "Python", 185, 0, 0, 0, 0, 0, 0, 0, 0, 0, 0, 0, 12, 26, 223
"c:\Users\makib\Documents\EntornosVirtuales\BaseDeDatosSalonDeBelleza\venv\Lib\site-packages\setuptools\windows_support.py", "Python", 21, 0, 0, 0, 0, 0, 0, 0, 0, 0, 0, 0, 0, 9, 30
"c:\Users\makib\Documents\EntornosVirtuales\BaseDeDatosSalonDeBelleza\venv\Lib\site-packages\win32ctypes\__init__.py", "Python", 1, 0, 0, 0, 0, 0, 0, 0, 0, 0, 0, 0, 7, 1, 9
"c:\Users\makib\Documents\EntornosVirtuales\BaseDeDatosSalonDeBelleza\venv\Lib\site-packages\win32ctypes\core\__init__.py", "Python", 39, 0, 0, 0, 0, 0, 0, 0, 0, 0, 0, 0, 8, 14, 61
"c:\Users\makib\Documents\EntornosVirtuales\BaseDeDatosSalonDeBelleza\venv\Lib\site-packages\win32ctypes\core\_winerrors.py", "Python", 1, 0, 0, 0, 0, 0, 0, 0, 0, 0, 0, 0, 7, 2, 10
"c:\Users\makib\Documents\EntornosVirtuales\BaseDeDatosSalonDeBelleza\venv\Lib\site-packages\win32ctypes\core\cffi\__init__.py", "Python", 3, 0, 0, 0, 0, 0, 0, 0, 0, 0, 0, 0, 7, 2, 12
"c:\Users\makib\Documents\EntornosVirtuales\BaseDeDatosSalonDeBelleza\venv\Lib\site-packages\win32ctypes\core\cffi\_authentication.py", "Python", 123, 0, 0, 0, 0, 0, 0, 0, 0, 0, 0, 0, 10, 40, 173
"c:\Users\makib\Documents\EntornosVirtuales\BaseDeDatosSalonDeBelleza\venv\Lib\site-packages\win32ctypes\core\cffi\_common.py", "Python", 12, 0, 0, 0, 0, 0, 0, 0, 0, 0, 0, 0, 7, 11, 30
"c:\Users\makib\Documents\EntornosVirtuales\BaseDeDatosSalonDeBelleza\venv\Lib\site-packages\win32ctypes\core\cffi\_dll.py", "Python", 15, 0, 0, 0, 0, 0, 0, 0, 0, 0, 0, 0, 7, 9, 31
"c:\Users\makib\Documents\EntornosVirtuales\BaseDeDatosSalonDeBelleza\venv\Lib\site-packages\win32ctypes\core\cffi\_nl_support.py", "Python", 6, 0, 0, 0, 0, 0, 0, 0, 0, 0, 0, 0, 7, 6, 19
"c:\Users\makib\Documents\EntornosVirtuales\BaseDeDatosSalonDeBelleza\venv\Lib\site-packages\win32ctypes\core\cffi\_resource.py", "Python", 93, 0, 0, 0, 0, 0, 0, 0, 0, 0, 0, 0, 7, 33, 133
"c:\Users\makib\Documents\EntornosVirtuales\BaseDeDatosSalonDeBelleza\venv\Lib\site-packages\win32ctypes\core\cffi\_system_information.py", "Python", 16, 0, 0, 0, 0, 0, 0, 0, 0, 0, 0, 0, 8, 9, 33
"c:\Users\makib\Documents\EntornosVirtuales\BaseDeDatosSalonDeBelleza\venv\Lib\site-packages\win32ctypes\core\cffi\_time.py", "Python", 6, 0, 0, 0, 0, 0, 0, 0, 0, 0, 0, 0, 7, 6, 19
"c:\Users\makib\Documents\EntornosVirtuales\BaseDeDatosSalonDeBelleza\venv\Lib\site-packages\win32ctypes\core\cffi\_util.py", "Python", 69, 0, 0, 0, 0, 0, 0, 0, 0, 0, 0, 0, 7, 30, 106
"c:\Users\makib\Documents\EntornosVirtuales\BaseDeDatosSalonDeBelleza\venv\Lib\site-packages\win32ctypes\core\compat.py", "Python", 6, 0, 0, 0, 0, 0, 0, 0, 0, 0, 0, 0, 0, 5, 11
"c:\Users\makib\Documents\EntornosVirtuales\BaseDeDatosSalonDeBelleza\venv\Lib\site-packages\win32ctypes\core\ctypes\__init__.py", "Python", 3, 0, 0, 0, 0, 0, 0, 0, 0, 0, 0, 0, 7, 2, 12
"c:\Users\makib\Documents\EntornosVirtuales\BaseDeDatosSalonDeBelleza\venv\Lib\site-packages\win32ctypes\core\ctypes\_authentication.py", "Python", 90, 0, 0, 0, 0, 0, 0, 0, 0, 0, 0, 0, 10, 23, 123
"c:\Users\makib\Documents\EntornosVirtuales\BaseDeDatosSalonDeBelleza\venv\Lib\site-packages\win32ctypes\core\ctypes\_common.py", "Python", 31, 0, 0, 0, 0, 0, 0, 0, 0, 0, 0, 0, 7, 16, 54
"c:\Users\makib\Documents\EntornosVirtuales\BaseDeDatosSalonDeBelleza\venv\Lib\site-packages\win32ctypes\core\ctypes\_dll.py", "Python", 11, 0, 0, 0, 0, 0, 0, 0, 0, 0, 0, 0, 7, 4, 22
"c:\Users\makib\Documents\EntornosVirtuales\BaseDeDatosSalonDeBelleza\venv\Lib\site-packages\win32ctypes\core\ctypes\_nl_support.py", "Python", 3, 0, 0, 0, 0, 0, 0, 0, 0, 0, 0, 0, 7, 3, 13
"c:\Users\makib\Documents\EntornosVirtuales\BaseDeDatosSalonDeBelleza\venv\Lib\site-packages\win32ctypes\core\ctypes\_resource.py", "Python", 111, 0, 0, 0, 0, 0, 0, 0, 0, 0, 0, 0, 7, 31, 149
"c:\Users\makib\Documents\EntornosVirtuales\BaseDeDatosSalonDeBelleza\venv\Lib\site-packages\win32ctypes\core\ctypes\_system_information.py", "Python", 21, 0, 0, 0, 0, 0, 0, 0, 0, 0, 0, 0, 7, 9, 37
"c:\Users\makib\Documents\EntornosVirtuales\BaseDeDatosSalonDeBelleza\venv\Lib\site-packages\win32ctypes\core\ctypes\_time.py", "Python", 5, 0, 0, 0, 0, 0, 0, 0, 0, 0, 0, 0, 7, 4, 16
"c:\Users\makib\Documents\EntornosVirtuales\BaseDeDatosSalonDeBelleza\venv\Lib\site-packages\win32ctypes\core\ctypes\_util.py", "Python", 50, 0, 0, 0, 0, 0, 0, 0, 0, 0, 0, 0, 7, 22, 79
"c:\Users\makib\Documents\EntornosVirtuales\BaseDeDatosSalonDeBelleza\venv\Lib\site-packages\win32ctypes\pywin32\__init__.py", "Python", 4, 0, 0, 0, 0, 0, 0, 0, 0, 0, 0, 0, 7, 2, 13
"c:\Users\makib\Documents\EntornosVirtuales\BaseDeDatosSalonDeBelleza\venv\Lib\site-packages\win32ctypes\pywin32\pywintypes.py", "Python", 51, 0, 0, 0, 0, 0, 0, 0, 0, 0, 0, 0, 7, 10, 68
"c:\Users\makib\Documents\EntornosVirtuales\BaseDeDatosSalonDeBelleza\venv\Lib\site-packages\win32ctypes\pywin32\win32api.py", "Python", 211, 0, 0, 0, 0, 0, 0, 0, 0, 0, 0, 0, 9, 75, 295
"c:\Users\makib\Documents\EntornosVirtuales\BaseDeDatosSalonDeBelleza\venv\Lib\site-packages\win32ctypes\pywin32\win32cred.py", "Python", 118, 0, 0, 0, 0, 0, 0, 0, 0, 0, 0, 0, 7, 21, 146
"c:\Users\makib\Documents\EntornosVirtuales\BaseDeDatosSalonDeBelleza\venv\Lib\site-packages\win32ctypes\pywintypes.py", "Python", 5, 0, 0, 0, 0, 0, 0, 0, 0, 0, 0, 0, 7, 2, 14
"c:\Users\makib\Documents\EntornosVirtuales\BaseDeDatosSalonDeBelleza\venv\Lib\site-packages\win32ctypes\tests\__init__.py", "Python", 13, 0, 0, 0, 0, 0, 0, 0, 0, 0, 0, 0, 7, 2, 22
"c:\Users\makib\Documents\EntornosVirtuales\BaseDeDatosSalonDeBelleza\venv\Lib\site-packages\win32ctypes\tests\test_backends.py", "Python", 21, 0, 0, 0, 0, 0, 0, 0, 0, 0, 0, 0, 9, 7, 37
"c:\Users\makib\Documents\EntornosVirtuales\BaseDeDatosSalonDeBelleza\venv\Lib\site-packages\win32ctypes\tests\test_win32api.py", "Python", 211, 0, 0, 0, 0, 0, 0, 0, 0, 0, 0, 0, 36, 58, 305
"c:\Users\makib\Documents\EntornosVirtuales\BaseDeDatosSalonDeBelleza\venv\Lib\site-packages\win32ctypes\tests\test_win32cred.py", "Python", 147, 0, 0, 0, 0, 0, 0, 0, 0, 0, 0, 0, 41, 43, 231
"c:\Users\makib\Documents\EntornosVirtuales\BaseDeDatosSalonDeBelleza\venv\Lib\site-packages\win32ctypes\version.py", "Python", 1, 0, 0, 0, 0, 0, 0, 0, 0, 0, 0, 0, 0, 1, 2
"c:\Users\makib\Documents\EntornosVirtuales\BaseDeDatosSalonDeBelleza\venv\Lib\site-packages\win32ctypes\win32api.py", "Python", 5, 0, 0, 0, 0, 0, 0, 0, 0, 0, 0, 0, 7, 2, 14
"c:\Users\makib\Documents\EntornosVirtuales\BaseDeDatosSalonDeBelleza\venv\Lib\site-packages\win32ctypes\win32cred.py", "Python", 5, 0, 0, 0, 0, 0, 0, 0, 0, 0, 0, 0, 7, 2, 14
"c:\Users\makib\Documents\EntornosVirtuales\BaseDeDatosSalonDeBelleza\venv\Scripts\Activate.ps1", "PowerShell", 0, 0, 0, 0, 0, 0, 108, 0, 0, 0, 0, 0, 360, 35, 503
"c:\Users\makib\Documents\EntornosVirtuales\BaseDeDatosSalonDeBelleza\venv\Scripts\activate.bat", "Batch", 0, 0, 0, 0, 24, 0, 0, 0, 0, 0, 0, 0, 1, 10, 35
"c:\Users\makib\Documents\EntornosVirtuales\BaseDeDatosSalonDeBelleza\venv\Scripts\deactivate.bat", "Batch", 0, 0, 0, 0, 16, 0, 0, 0, 0, 0, 0, 0, 0, 7, 23
"c:\Users\makib\Documents\EntornosVirtuales\BaseDeDatosSalonDeBelleza\venv\pyvenv.cfg", "Properties", 0, 0, 0, 5, 0, 0, 0, 0, 0, 0, 0, 0, 0, 1, 6
"c:\Users\makib\Documents\EntornosVirtuales\BaseDeDatosSalonDeBelleza\views\agendar_cita.py", "Python", 429, 0, 0, 0, 0, 0, 0, 0, 0, 0, 0, 0, 16, 93, 538
"c:\Users\makib\Documents\EntornosVirtuales\BaseDeDatosSalonDeBelleza\views\agregar_producto.py", "Python", 160, 0, 0, 0, 0, 0, 0, 0, 0, 0, 0, 0, 5, 28, 193
"c:\Users\makib\Documents\EntornosVirtuales\BaseDeDatosSalonDeBelleza\views\agregar_promocion.py", "Python", 154, 0, 0, 0, 0, 0, 0, 0, 0, 0, 0, 0, 6, 22, 182
"c:\Users\makib\Documents\EntornosVirtuales\BaseDeDatosSalonDeBelleza\views\agregar_servicio.py", "Python", 144, 0, 0, 0, 0, 0, 0, 0, 0, 0, 0, 0, 5, 20, 169
"c:\Users\makib\Documents\EntornosVirtuales\BaseDeDatosSalonDeBelleza\views\disponibilidad.py", "Python", 137, 0, 0, 0, 0, 0, 0, 0, 0, 0, 0, 0, 5, 25, 167
"c:\Users\makib\Documents\EntornosVirtuales\BaseDeDatosSalonDeBelleza\views\generar_pago.py", "Python", 189, 0, 0, 0, 0, 0, 0, 0, 0, 0, 0, 0, 13, 45, 247
"c:\Users\makib\Documents\EntornosVirtuales\BaseDeDatosSalonDeBelleza\views\home.py", "Python", 152, 0, 0, 0, 0, 0, 0, 0, 0, 0, 0, 0, 5, 29, 186
"c:\Users\makib\Documents\EntornosVirtuales\BaseDeDatosSalonDeBelleza\views\inventario.py", "Python", 211, 0, 0, 0, 0, 0, 0, 0, 0, 0, 0, 0, 5, 30, 246
"c:\Users\makib\Documents\EntornosVirtuales\BaseDeDatosSalonDeBelleza\views\login.py", "Python", 206, 0, 0, 0, 0, 0, 0, 0, 0, 0, 0, 0, 7, 41, 254
"c:\Users\makib\Documents\EntornosVirtuales\BaseDeDatosSalonDeBelleza\views\modificar_producto.py", "Python", 154, 0, 0, 0, 0, 0, 0, 0, 0, 0, 0, 0, 5, 28, 187
"c:\Users\makib\Documents\EntornosVirtuales\BaseDeDatosSalonDeBelleza\views\modificar_promocion.py", "Python", 146, 0, 0, 0, 0, 0, 0, 0, 0, 0, 0, 0, 4, 22, 172
"c:\Users\makib\Documents\EntornosVirtuales\BaseDeDatosSalonDeBelleza\views\modificar_servicio.py", "Python", 135, 0, 0, 0, 0, 0, 0, 0, 0, 0, 0, 0, 5, 25, 165
"c:\Users\makib\Documents\EntornosVirtuales\BaseDeDatosSalonDeBelleza\views\promociones.py", "Python", 231, 0, 0, 0, 0, 0, 0, 0, 0, 0, 0, 0, 6, 28, 265
"c:\Users\makib\Documents\EntornosVirtuales\BaseDeDatosSalonDeBelleza\views\registro.py", "Python", 212, 0, 0, 0, 0, 0, 0, 0, 0, 0, 0, 0, 12, 36, 260
"c:\Users\makib\Documents\EntornosVirtuales\BaseDeDatosSalonDeBelleza\views\registro_pago.py", "Python", 127, 0, 0, 0, 0, 0, 0, 0, 0, 0, 0, 0, 4, 18, 149
"c:\Users\makib\Documents\EntornosVirtuales\BaseDeDatosSalonDeBelleza\views\resumen_citas.py", "Python", 173, 0, 0, 0, 0, 0, 0, 0, 0, 0, 0, 0, 11, 31, 215
"c:\Users\makib\Documents\EntornosVirtuales\BaseDeDatosSalonDeBelleza\views\ventana_servicios.py", "Python", 249, 0, 0, 0, 0, 0, 0, 0, 0, 0, 0, 0, 6, 44, 299
"Total", "-", 335095, 7298, 93, 5, 40, 2, 108, 14, 136, 30, 7396, 4, 40674, 64164, 455059