"filename", "language", "Python", "reStructuredText", "HTML", "Markdown", "JSON", "comment", "blank", "total"
"c:\Users\makib\Documents\EntornosVirtuales\BaseDeDatosSalonDeBelleza\.VSCodeCounter\2025-05-06_03-09-56\details.md", "Markdown", 0, 0, 0, 940, 0, 0, 6, 946
"c:\Users\makib\Documents\EntornosVirtuales\BaseDeDatosSalonDeBelleza\.VSCodeCounter\2025-05-06_03-09-56\diff-details.md", "Markdown", 0, 0, 0, 104, 0, 0, 6, 110
"c:\Users\makib\Documents\EntornosVirtuales\BaseDeDatosSalonDeBelleza\.VSCodeCounter\2025-05-06_03-09-56\diff.md", "Markdown", 0, 0, 0, 36, 0, 0, 7, 43
"c:\Users\makib\Documents\EntornosVirtuales\BaseDeDatosSalonDeBelleza\.VSCodeCounter\2025-05-06_03-09-56\results.json", "JSON", 0, 0, 0, 0, 1, 0, 0, 1
"c:\Users\makib\Documents\EntornosVirtuales\BaseDeDatosSalonDeBelleza\.VSCodeCounter\2025-05-06_03-09-56\results.md", "Markdown", 0, 0, 0, 180, 0, 0, 7, 187
"c:\Users\makib\Documents\EntornosVirtuales\BaseDeDatosSalonDeBelleza\build\main\xref-main.html", "HTML", 0, 0, 7298, 0, 0, 0, 1540, 8838
"c:\Users\makib\Documents\EntornosVirtuales\BaseDeDatosSalonDeBelleza\main.py", "Python", 0, 0, 0, 0, 0, -1, 0, -1
"c:\Users\makib\Documents\EntornosVirtuales\BaseDeDatosSalonDeBelleza\models\cita.py", "Python", 87, 0, 0, 0, 0, 3, 17, 107
"c:\Users\makib\Documents\EntornosVirtuales\BaseDeDatosSalonDeBelleza\models\cliente.py", "Python", 7, 0, 0, 0, 0, 2, 1, 10
"c:\Users\makib\Documents\EntornosVirtuales\BaseDeDatosSalonDeBelleza\models\empleado.py", "Python", 23, 0, 0, 0, 0, 0, 1, 24
"c:\Users\makib\Documents\EntornosVirtuales\BaseDeDatosSalonDeBelleza\models\pago.py", "Python", 1, 0, 0, 0, 0, 0, 0, 1
"c:\Users\makib\Documents\EntornosVirtuales\BaseDeDatosSalonDeBelleza\models\session.py", "Python", 2, 0, 0, 0, 0, 0, 1, 3
"c:\Users\makib\Documents\EntornosVirtuales\BaseDeDatosSalonDeBelleza\models\usuario.py", "Python", 64, 0, 0, 0, 0, 2, 16, 82
"c:\Users\makib\Documents\EntornosVirtuales\BaseDeDatosSalonDeBelleza\venv\Lib\site-packages\PyInstaller\__init__.py", "Python", 14, 0, 0, 0, 0, 21, 10, 45
"c:\Users\makib\Documents\EntornosVirtuales\BaseDeDatosSalonDeBelleza\venv\Lib\site-packages\PyInstaller\__main__.py", "Python", 217, 0, 0, 0, 0, 47, 58, 322
"c:\Users\makib\Documents\EntornosVirtuales\BaseDeDatosSalonDeBelleza\venv\Lib\site-packages\PyInstaller\_recursion_too_deep_message.py", "Python", 25, 0, 0, 0, 0, 10, 11, 46
"c:\Users\makib\Documents\EntornosVirtuales\BaseDeDatosSalonDeBelleza\venv\Lib\site-packages\PyInstaller\_shared_with_waf.py", "Python", 50, 0, 0, 0, 0, 25, 12, 87
"c:\Users\makib\Documents\EntornosVirtuales\BaseDeDatosSalonDeBelleza\venv\Lib\site-packages\PyInstaller\archive\__init__.py", "Python", 1, 0, 0, 0, 0, 0, 1, 2
"c:\Users\makib\Documents\EntornosVirtuales\BaseDeDatosSalonDeBelleza\venv\Lib\site-packages\PyInstaller\archive\pyz_crypto.py", "Python", 4, 0, 0, 0, 0, 10, 3, 17
"c:\Users\makib\Documents\EntornosVirtuales\BaseDeDatosSalonDeBelleza\venv\Lib\site-packages\PyInstaller\archive\readers.py", "Python", 141, 0, 0, 0, 0, 54, 44, 239
"c:\Users\makib\Documents\EntornosVirtuales\BaseDeDatosSalonDeBelleza\venv\Lib\site-packages\PyInstaller\archive\writers.py", "Python", 268, 0, 0, 0, 0, 95, 61, 424
"c:\Users\makib\Documents\EntornosVirtuales\BaseDeDatosSalonDeBelleza\venv\Lib\site-packages\PyInstaller\building\__init__.py", "Python", 0, 0, 0, 0, 0, 1, 1, 2
"c:\Users\makib\Documents\EntornosVirtuales\BaseDeDatosSalonDeBelleza\venv\Lib\site-packages\PyInstaller\building\api.py", "Python", 928, 0, 0, 0, 0, 253, 144, 1325
"c:\Users\makib\Documents\EntornosVirtuales\BaseDeDatosSalonDeBelleza\venv\Lib\site-packages\PyInstaller\building\build_main.py", "Python", 838, 0, 0, 0, 0, 246, 187, 1271
"c:\Users\makib\Documents\EntornosVirtuales\BaseDeDatosSalonDeBelleza\venv\Lib\site-packages\PyInstaller\building\datastruct.py", "Python", 322, 0, 0, 0, 0, 60, 78, 460
"c:\Users\makib\Documents\EntornosVirtuales\BaseDeDatosSalonDeBelleza\venv\Lib\site-packages\PyInstaller\building\icon.py", "Python", 56, 0, 0, 0, 0, 20, 15, 91
"c:\Users\makib\Documents\EntornosVirtuales\BaseDeDatosSalonDeBelleza\venv\Lib\site-packages\PyInstaller\building\makespec.py", "Python", 745, 0, 0, 0, 0, 89, 76, 910
"c:\Users\makib\Documents\EntornosVirtuales\BaseDeDatosSalonDeBelleza\venv\Lib\site-packages\PyInstaller\building\osx.py", "Python", 335, 0, 0, 0, 0, 316, 86, 737
"c:\Users\makib\Documents\EntornosVirtuales\BaseDeDatosSalonDeBelleza\venv\Lib\site-packages\PyInstaller\building\splash.py", "Python", 327, 0, 0, 0, 0, 71, 60, 458
"c:\Users\makib\Documents\EntornosVirtuales\BaseDeDatosSalonDeBelleza\venv\Lib\site-packages\PyInstaller\building\splash_templates.py", "Python", 136, 0, 0, 0, 0, 60, 34, 230
"c:\Users\makib\Documents\EntornosVirtuales\BaseDeDatosSalonDeBelleza\venv\Lib\site-packages\PyInstaller\building\templates.py", "Python", 109, 0, 0, 0, 0, 10, 8, 127
"c:\Users\makib\Documents\EntornosVirtuales\BaseDeDatosSalonDeBelleza\venv\Lib\site-packages\PyInstaller\building\utils.py", "Python", 554, 0, 0, 0, 0, 159, 122, 835
"c:\Users\makib\Documents\EntornosVirtuales\BaseDeDatosSalonDeBelleza\venv\Lib\site-packages\PyInstaller\compat.py", "Python", 499, 0, 0, 0, 0, 157, 114, 770
"c:\Users\makib\Documents\EntornosVirtuales\BaseDeDatosSalonDeBelleza\venv\Lib\site-packages\PyInstaller\config.py", "Python", 30, 0, 0, 0, 0, 12, 15, 57
"c:\Users\makib\Documents\EntornosVirtuales\BaseDeDatosSalonDeBelleza\venv\Lib\site-packages\PyInstaller\configure.py", "Python", 72, 0, 0, 0, 0, 19, 17, 108
"c:\Users\makib\Documents\EntornosVirtuales\BaseDeDatosSalonDeBelleza\venv\Lib\site-packages\PyInstaller\depend\__init__.py", "Python", 0, 0, 0, 0, 0, 1, 1, 2
"c:\Users\makib\Documents\EntornosVirtuales\BaseDeDatosSalonDeBelleza\venv\Lib\site-packages\PyInstaller\depend\analysis.py", "Python", 685, 0, 0, 0, 0, 185, 133, 1003
"c:\Users\makib\Documents\EntornosVirtuales\BaseDeDatosSalonDeBelleza\venv\Lib\site-packages\PyInstaller\depend\bindepend.py", "Python", 569, 0, 0, 0, 0, 245, 164, 978
"c:\Users\makib\Documents\EntornosVirtuales\BaseDeDatosSalonDeBelleza\venv\Lib\site-packages\PyInstaller\depend\bytecode.py", "Python", 213, 0, 0, 0, 0, 70, 64, 347
"c:\Users\makib\Documents\EntornosVirtuales\BaseDeDatosSalonDeBelleza\venv\Lib\site-packages\PyInstaller\depend\dylib.py", "Python", 224, 0, 0, 0, 0, 100, 47, 371
"c:\Users\makib\Documents\EntornosVirtuales\BaseDeDatosSalonDeBelleza\venv\Lib\site-packages\PyInstaller\depend\imphook.py", "Python", 373, 0, 0, 0, 0, 110, 100, 583
"c:\Users\makib\Documents\EntornosVirtuales\BaseDeDatosSalonDeBelleza\venv\Lib\site-packages\PyInstaller\depend\imphookapi.py", "Python", 365, 0, 0, 0, 0, 33, 89, 487
"c:\Users\makib\Documents\EntornosVirtuales\BaseDeDatosSalonDeBelleza\venv\Lib\site-packages\PyInstaller\depend\utils.py", "Python", 225, 0, 0, 0, 0, 70, 50, 345
"c:\Users\makib\Documents\EntornosVirtuales\BaseDeDatosSalonDeBelleza\venv\Lib\site-packages\PyInstaller\exceptions.py", "Python", 52, 0, 0, 0, 0, 10, 23, 85
"c:\Users\makib\Documents\EntornosVirtuales\BaseDeDatosSalonDeBelleza\venv\Lib\site-packages\PyInstaller\fake-modules\_pyi_rth_utils\__init__.py", "Python", 17, 0, 0, 0, 0, 15, 5, 37
"c:\Users\makib\Documents\EntornosVirtuales\BaseDeDatosSalonDeBelleza\venv\Lib\site-packages\PyInstaller\fake-modules\_pyi_rth_utils\_win32.py", "Python", 218, 0, 0, 0, 0, 49, 67, 334
"c:\Users\makib\Documents\EntornosVirtuales\BaseDeDatosSalonDeBelleza\venv\Lib\site-packages\PyInstaller\fake-modules\_pyi_rth_utils\qt.py", "Python", 67, 0, 0, 0, 0, 34, 18, 119
"c:\Users\makib\Documents\EntornosVirtuales\BaseDeDatosSalonDeBelleza\venv\Lib\site-packages\PyInstaller\fake-modules\_pyi_rth_utils\tempfile.py", "Python", 32, 0, 0, 0, 0, 15, 10, 57
"c:\Users\makib\Documents\EntornosVirtuales\BaseDeDatosSalonDeBelleza\venv\Lib\site-packages\PyInstaller\fake-modules\pyi_splash.py", "Python", 132, 0, 0, 0, 0, 33, 47, 212
"c:\Users\makib\Documents\EntornosVirtuales\BaseDeDatosSalonDeBelleza\venv\Lib\site-packages\PyInstaller\hooks\__init__.py", "Python", 0, 0, 0, 0, 0, 1, 1, 2
"c:\Users\makib\Documents\EntornosVirtuales\BaseDeDatosSalonDeBelleza\venv\Lib\site-packages\PyInstaller\hooks\hook-PIL.Image.py", "Python", 2, 0, 0, 0, 0, 12, 4, 18
"c:\Users\makib\Documents\EntornosVirtuales\BaseDeDatosSalonDeBelleza\venv\Lib\site-packages\PyInstaller\hooks\hook-PIL.ImageFilter.py", "Python", 1, 0, 0, 0, 0, 11, 2, 14
"c:\Users\makib\Documents\EntornosVirtuales\BaseDeDatosSalonDeBelleza\venv\Lib\site-packages\PyInstaller\hooks\hook-PIL.SpiderImagePlugin.py", "Python", 1, 0, 0, 0, 0, 12, 2, 15
"c:\Users\makib\Documents\EntornosVirtuales\BaseDeDatosSalonDeBelleza\venv\Lib\site-packages\PyInstaller\hooks\hook-PIL.py", "Python", 2, 0, 0, 0, 0, 16, 4, 22
"c:\Users\makib\Documents\EntornosVirtuales\BaseDeDatosSalonDeBelleza\venv\Lib\site-packages\PyInstaller\hooks\hook-PyQt5.QAxContainer.py", "Python", 2, 0, 0, 0, 0, 10, 3, 15
"c:\Users\makib\Documents\EntornosVirtuales\BaseDeDatosSalonDeBelleza\venv\Lib\site-packages\PyInstaller\hooks\hook-PyQt5.Qsci.py", "Python", 2, 0, 0, 0, 0, 10, 3, 15
"c:\Users\makib\Documents\EntornosVirtuales\BaseDeDatosSalonDeBelleza\venv\Lib\site-packages\PyInstaller\hooks\hook-PyQt5.Qt.py", "Python", 11, 0, 0, 0, 0, 15, 4, 30
"c:\Users\makib\Documents\EntornosVirtuales\BaseDeDatosSalonDeBelleza\venv\Lib\site-packages\PyInstaller\hooks\hook-PyQt5.Qt3DAnimation.py", "Python", 2, 0, 0, 0, 0, 10, 3, 15
"c:\Users\makib\Documents\EntornosVirtuales\BaseDeDatosSalonDeBelleza\venv\Lib\site-packages\PyInstaller\hooks\hook-PyQt5.Qt3DCore.py", "Python", 2, 0, 0, 0, 0, 10, 3, 15
"c:\Users\makib\Documents\EntornosVirtuales\BaseDeDatosSalonDeBelleza\venv\Lib\site-packages\PyInstaller\hooks\hook-PyQt5.Qt3DExtras.py", "Python", 2, 0, 0, 0, 0, 10, 3, 15
"c:\Users\makib\Documents\EntornosVirtuales\BaseDeDatosSalonDeBelleza\venv\Lib\site-packages\PyInstaller\hooks\hook-PyQt5.Qt3DInput.py", "Python", 2, 0, 0, 0, 0, 10, 3, 15
"c:\Users\makib\Documents\EntornosVirtuales\BaseDeDatosSalonDeBelleza\venv\Lib\site-packages\PyInstaller\hooks\hook-PyQt5.Qt3DLogic.py", "Python", 2, 0, 0, 0, 0, 10, 3, 15
"c:\Users\makib\Documents\EntornosVirtuales\BaseDeDatosSalonDeBelleza\venv\Lib\site-packages\PyInstaller\hooks\hook-PyQt5.Qt3DRender.py", "Python", 2, 0, 0, 0, 0, 10, 3, 15
"c:\Users\makib\Documents\EntornosVirtuales\BaseDeDatosSalonDeBelleza\venv\Lib\site-packages\PyInstaller\hooks\hook-PyQt5.QtBluetooth.py", "Python", 2, 0, 0, 0, 0, 10, 3, 15
"c:\Users\makib\Documents\EntornosVirtuales\BaseDeDatosSalonDeBelleza\venv\Lib\site-packages\PyInstaller\hooks\hook-PyQt5.QtChart.py", "Python", 2, 0, 0, 0, 0, 10, 3, 15
"c:\Users\makib\Documents\EntornosVirtuales\BaseDeDatosSalonDeBelleza\venv\Lib\site-packages\PyInstaller\hooks\hook-PyQt5.QtCore.py", "Python", 2, 0, 0, 0, 0, 10, 3, 15
"c:\Users\makib\Documents\EntornosVirtuales\BaseDeDatosSalonDeBelleza\venv\Lib\site-packages\PyInstaller\hooks\hook-PyQt5.QtDBus.py", "Python", 2, 0, 0, 0, 0, 10, 3, 15
"c:\Users\makib\Documents\EntornosVirtuales\BaseDeDatosSalonDeBelleza\venv\Lib\site-packages\PyInstaller\hooks\hook-PyQt5.QtDataVisualization.py", "Python", 2, 0, 0, 0, 0, 10, 3, 15
"c:\Users\makib\Documents\EntornosVirtuales\BaseDeDatosSalonDeBelleza\venv\Lib\site-packages\PyInstaller\hooks\hook-PyQt5.QtDesigner.py", "Python", 2, 0, 0, 0, 0, 10, 3, 15
"c:\Users\makib\Documents\EntornosVirtuales\BaseDeDatosSalonDeBelleza\venv\Lib\site-packages\PyInstaller\hooks\hook-PyQt5.QtGui.py", "Python", 2, 0, 0, 0, 0, 10, 3, 15
"c:\Users\makib\Documents\EntornosVirtuales\BaseDeDatosSalonDeBelleza\venv\Lib\site-packages\PyInstaller\hooks\hook-PyQt5.QtHelp.py", "Python", 2, 0, 0, 0, 0, 10, 3, 15
"c:\Users\makib\Documents\EntornosVirtuales\BaseDeDatosSalonDeBelleza\venv\Lib\site-packages\PyInstaller\hooks\hook-PyQt5.QtLocation.py", "Python", 2, 0, 0, 0, 0, 10, 3, 15
"c:\Users\makib\Documents\EntornosVirtuales\BaseDeDatosSalonDeBelleza\venv\Lib\site-packages\PyInstaller\hooks\hook-PyQt5.QtMacExtras.py", "Python", 2, 0, 0, 0, 0, 10, 3, 15
"c:\Users\makib\Documents\EntornosVirtuales\BaseDeDatosSalonDeBelleza\venv\Lib\site-packages\PyInstaller\hooks\hook-PyQt5.QtMultimedia.py", "Python", 2, 0, 0, 0, 0, 10, 3, 15
"c:\Users\makib\Documents\EntornosVirtuales\BaseDeDatosSalonDeBelleza\venv\Lib\site-packages\PyInstaller\hooks\hook-PyQt5.QtMultimediaWidgets.py", "Python", 2, 0, 0, 0, 0, 10, 3, 15
"c:\Users\makib\Documents\EntornosVirtuales\BaseDeDatosSalonDeBelleza\venv\Lib\site-packages\PyInstaller\hooks\hook-PyQt5.QtNetwork.py", "Python", 3, 0, 0, 0, 0, 10, 3, 16
"c:\Users\makib\Documents\EntornosVirtuales\BaseDeDatosSalonDeBelleza\venv\Lib\site-packages\PyInstaller\hooks\hook-PyQt5.QtNetworkAuth.py", "Python", 2, 0, 0, 0, 0, 10, 3, 15
"c:\Users\makib\Documents\EntornosVirtuales\BaseDeDatosSalonDeBelleza\venv\Lib\site-packages\PyInstaller\hooks\hook-PyQt5.QtNfc.py", "Python", 2, 0, 0, 0, 0, 10, 3, 15
"c:\Users\makib\Documents\EntornosVirtuales\BaseDeDatosSalonDeBelleza\venv\Lib\site-packages\PyInstaller\hooks\hook-PyQt5.QtOpenGL.py", "Python", 2, 0, 0, 0, 0, 10, 3, 15
"c:\Users\makib\Documents\EntornosVirtuales\BaseDeDatosSalonDeBelleza\venv\Lib\site-packages\PyInstaller\hooks\hook-PyQt5.QtPositioning.py", "Python", 2, 0, 0, 0, 0, 10, 3, 15
"c:\Users\makib\Documents\EntornosVirtuales\BaseDeDatosSalonDeBelleza\venv\Lib\site-packages\PyInstaller\hooks\hook-PyQt5.QtPrintSupport.py", "Python", 2, 0, 0, 0, 0, 10, 3, 15
"c:\Users\makib\Documents\EntornosVirtuales\BaseDeDatosSalonDeBelleza\venv\Lib\site-packages\PyInstaller\hooks\hook-PyQt5.QtPurchasing.py", "Python", 2, 0, 0, 0, 0, 10, 3, 15
"c:\Users\makib\Documents\EntornosVirtuales\BaseDeDatosSalonDeBelleza\venv\Lib\site-packages\PyInstaller\hooks\hook-PyQt5.QtQml.py", "Python", 5, 0, 0, 0, 0, 10, 3, 18
"c:\Users\makib\Documents\EntornosVirtuales\BaseDeDatosSalonDeBelleza\venv\Lib\site-packages\PyInstaller\hooks\hook-PyQt5.QtQuick.py", "Python", 2, 0, 0, 0, 0, 10, 3, 15
"c:\Users\makib\Documents\EntornosVirtuales\BaseDeDatosSalonDeBelleza\venv\Lib\site-packages\PyInstaller\hooks\hook-PyQt5.QtQuick3D.py", "Python", 2, 0, 0, 0, 0, 10, 3, 15
"c:\Users\makib\Documents\EntornosVirtuales\BaseDeDatosSalonDeBelleza\venv\Lib\site-packages\PyInstaller\hooks\hook-PyQt5.QtQuickWidgets.py", "Python", 2, 0, 0, 0, 0, 10, 3, 15
"c:\Users\makib\Documents\EntornosVirtuales\BaseDeDatosSalonDeBelleza\venv\Lib\site-packages\PyInstaller\hooks\hook-PyQt5.QtRemoteObjects.py", "Python", 2, 0, 0, 0, 0, 10, 3, 15
"c:\Users\makib\Documents\EntornosVirtuales\BaseDeDatosSalonDeBelleza\venv\Lib\site-packages\PyInstaller\hooks\hook-PyQt5.QtScript.py", "Python", 2, 0, 0, 0, 0, 10, 3, 15
"c:\Users\makib\Documents\EntornosVirtuales\BaseDeDatosSalonDeBelleza\venv\Lib\site-packages\PyInstaller\hooks\hook-PyQt5.QtSensors.py", "Python", 2, 0, 0, 0, 0, 10, 3, 15
"c:\Users\makib\Documents\EntornosVirtuales\BaseDeDatosSalonDeBelleza\venv\Lib\site-packages\PyInstaller\hooks\hook-PyQt5.QtSerialPort.py", "Python", 2, 0, 0, 0, 0, 10, 3, 15
"c:\Users\makib\Documents\EntornosVirtuales\BaseDeDatosSalonDeBelleza\venv\Lib\site-packages\PyInstaller\hooks\hook-PyQt5.QtSql.py", "Python", 2, 0, 0, 0, 0, 10, 3, 15
"c:\Users\makib\Documents\EntornosVirtuales\BaseDeDatosSalonDeBelleza\venv\Lib\site-packages\PyInstaller\hooks\hook-PyQt5.QtSvg.py", "Python", 2, 0, 0, 0, 0, 10, 3, 15
"c:\Users\makib\Documents\EntornosVirtuales\BaseDeDatosSalonDeBelleza\venv\Lib\site-packages\PyInstaller\hooks\hook-PyQt5.QtTest.py", "Python", 2, 0, 0, 0, 0, 10, 3, 15
"c:\Users\makib\Documents\EntornosVirtuales\BaseDeDatosSalonDeBelleza\venv\Lib\site-packages\PyInstaller\hooks\hook-PyQt5.QtTextToSpeech.py", "Python", 2, 0, 0, 0, 0, 10, 3, 15
"c:\Users\makib\Documents\EntornosVirtuales\BaseDeDatosSalonDeBelleza\venv\Lib\site-packages\PyInstaller\hooks\hook-PyQt5.QtWebChannel.py", "Python", 2, 0, 0, 0, 0, 10, 3, 15
"c:\Users\makib\Documents\EntornosVirtuales\BaseDeDatosSalonDeBelleza\venv\Lib\site-packages\PyInstaller\hooks\hook-PyQt5.QtWebEngine.py", "Python", 2, 0, 0, 0, 0, 10, 3, 15
"c:\Users\makib\Documents\EntornosVirtuales\BaseDeDatosSalonDeBelleza\venv\Lib\site-packages\PyInstaller\hooks\hook-PyQt5.QtWebEngineCore.py", "Python", 7, 0, 0, 0, 0, 12, 4, 23
"c:\Users\makib\Documents\EntornosVirtuales\BaseDeDatosSalonDeBelleza\venv\Lib\site-packages\PyInstaller\hooks\hook-PyQt5.QtWebEngineWidgets.py", "Python", 2, 0, 0, 0, 0, 10, 3, 15
"c:\Users\makib\Documents\EntornosVirtuales\BaseDeDatosSalonDeBelleza\venv\Lib\site-packages\PyInstaller\hooks\hook-PyQt5.QtWebKit.py", "Python", 2, 0, 0, 0, 0, 10, 3, 15
"c:\Users\makib\Documents\EntornosVirtuales\BaseDeDatosSalonDeBelleza\venv\Lib\site-packages\PyInstaller\hooks\hook-PyQt5.QtWebKitWidgets.py", "Python", 2, 0, 0, 0, 0, 10, 3, 15
"c:\Users\makib\Documents\EntornosVirtuales\BaseDeDatosSalonDeBelleza\venv\Lib\site-packages\PyInstaller\hooks\hook-PyQt5.QtWebSockets.py", "Python", 2, 0, 0, 0, 0, 10, 3, 15
"c:\Users\makib\Documents\EntornosVirtuales\BaseDeDatosSalonDeBelleza\venv\Lib\site-packages\PyInstaller\hooks\hook-PyQt5.QtWidgets.py", "Python", 2, 0, 0, 0, 0, 10, 3, 15
"c:\Users\makib\Documents\EntornosVirtuales\BaseDeDatosSalonDeBelleza\venv\Lib\site-packages\PyInstaller\hooks\hook-PyQt5.QtWinExtras.py", "Python", 2, 0, 0, 0, 0, 10, 3, 15
"c:\Users\makib\Documents\EntornosVirtuales\BaseDeDatosSalonDeBelleza\venv\Lib\site-packages\PyInstaller\hooks\hook-PyQt5.QtX11Extras.py", "Python", 2, 0, 0, 0, 0, 10, 3, 15
"c:\Users\makib\Documents\EntornosVirtuales\BaseDeDatosSalonDeBelleza\venv\Lib\site-packages\PyInstaller\hooks\hook-PyQt5.QtXml.py", "Python", 2, 0, 0, 0, 0, 10, 3, 15
"c:\Users\makib\Documents\EntornosVirtuales\BaseDeDatosSalonDeBelleza\venv\Lib\site-packages\PyInstaller\hooks\hook-PyQt5.QtXmlPatterns.py", "Python", 2, 0, 0, 0, 0, 10, 3, 15
"c:\Users\makib\Documents\EntornosVirtuales\BaseDeDatosSalonDeBelleza\venv\Lib\site-packages\PyInstaller\hooks\hook-PyQt5.py", "Python", 9, 0, 0, 0, 0, 16, 5, 30
"c:\Users\makib\Documents\EntornosVirtuales\BaseDeDatosSalonDeBelleza\venv\Lib\site-packages\PyInstaller\hooks\hook-PyQt5.uic.py", "Python", 2, 0, 0, 0, 0, 13, 3, 18
"c:\Users\makib\Documents\EntornosVirtuales\BaseDeDatosSalonDeBelleza\venv\Lib\site-packages\PyInstaller\hooks\hook-PyQt6.QAxContainer.py", "Python", 2, 0, 0, 0, 0, 10, 3, 15
"c:\Users\makib\Documents\EntornosVirtuales\BaseDeDatosSalonDeBelleza\venv\Lib\site-packages\PyInstaller\hooks\hook-PyQt6.Qsci.py", "Python", 2, 0, 0, 0, 0, 10, 3, 15
"c:\Users\makib\Documents\EntornosVirtuales\BaseDeDatosSalonDeBelleza\venv\Lib\site-packages\PyInstaller\hooks\hook-PyQt6.Qt3DAnimation.py", "Python", 2, 0, 0, 0, 0, 10, 3, 15
"c:\Users\makib\Documents\EntornosVirtuales\BaseDeDatosSalonDeBelleza\venv\Lib\site-packages\PyInstaller\hooks\hook-PyQt6.Qt3DCore.py", "Python", 2, 0, 0, 0, 0, 10, 3, 15
"c:\Users\makib\Documents\EntornosVirtuales\BaseDeDatosSalonDeBelleza\venv\Lib\site-packages\PyInstaller\hooks\hook-PyQt6.Qt3DExtras.py", "Python", 2, 0, 0, 0, 0, 10, 3, 15
"c:\Users\makib\Documents\EntornosVirtuales\BaseDeDatosSalonDeBelleza\venv\Lib\site-packages\PyInstaller\hooks\hook-PyQt6.Qt3DInput.py", "Python", 2, 0, 0, 0, 0, 10, 3, 15
"c:\Users\makib\Documents\EntornosVirtuales\BaseDeDatosSalonDeBelleza\venv\Lib\site-packages\PyInstaller\hooks\hook-PyQt6.Qt3DLogic.py", "Python", 2, 0, 0, 0, 0, 10, 3, 15
"c:\Users\makib\Documents\EntornosVirtuales\BaseDeDatosSalonDeBelleza\venv\Lib\site-packages\PyInstaller\hooks\hook-PyQt6.Qt3DRender.py", "Python", 3, 0, 0, 0, 0, 10, 4, 17
"c:\Users\makib\Documents\EntornosVirtuales\BaseDeDatosSalonDeBelleza\venv\Lib\site-packages\PyInstaller\hooks\hook-PyQt6.QtBluetooth.py", "Python", 2, 0, 0, 0, 0, 10, 3, 15
"c:\Users\makib\Documents\EntornosVirtuales\BaseDeDatosSalonDeBelleza\venv\Lib\site-packages\PyInstaller\hooks\hook-PyQt6.QtCharts.py", "Python", 2, 0, 0, 0, 0, 10, 3, 15
"c:\Users\makib\Documents\EntornosVirtuales\BaseDeDatosSalonDeBelleza\venv\Lib\site-packages\PyInstaller\hooks\hook-PyQt6.QtCore.py", "Python", 2, 0, 0, 0, 0, 10, 3, 15
"c:\Users\makib\Documents\EntornosVirtuales\BaseDeDatosSalonDeBelleza\venv\Lib\site-packages\PyInstaller\hooks\hook-PyQt6.QtDBus.py", "Python", 2, 0, 0, 0, 0, 10, 3, 15
"c:\Users\makib\Documents\EntornosVirtuales\BaseDeDatosSalonDeBelleza\venv\Lib\site-packages\PyInstaller\hooks\hook-PyQt6.QtDataVisualization.py", "Python", 2, 0, 0, 0, 0, 10, 3, 15
"c:\Users\makib\Documents\EntornosVirtuales\BaseDeDatosSalonDeBelleza\venv\Lib\site-packages\PyInstaller\hooks\hook-PyQt6.QtDesigner.py", "Python", 2, 0, 0, 0, 0, 10, 3, 15
"c:\Users\makib\Documents\EntornosVirtuales\BaseDeDatosSalonDeBelleza\venv\Lib\site-packages\PyInstaller\hooks\hook-PyQt6.QtGraphs.py", "Python", 3, 0, 0, 0, 0, 11, 4, 18
"c:\Users\makib\Documents\EntornosVirtuales\BaseDeDatosSalonDeBelleza\venv\Lib\site-packages\PyInstaller\hooks\hook-PyQt6.QtGraphsWidgets.py", "Python", 3, 0, 0, 0, 0, 11, 4, 18
"c:\Users\makib\Documents\EntornosVirtuales\BaseDeDatosSalonDeBelleza\venv\Lib\site-packages\PyInstaller\hooks\hook-PyQt6.QtGui.py", "Python", 2, 0, 0, 0, 0, 10, 3, 15
"c:\Users\makib\Documents\EntornosVirtuales\BaseDeDatosSalonDeBelleza\venv\Lib\site-packages\PyInstaller\hooks\hook-PyQt6.QtHelp.py", "Python", 2, 0, 0, 0, 0, 10, 3, 15
"c:\Users\makib\Documents\EntornosVirtuales\BaseDeDatosSalonDeBelleza\venv\Lib\site-packages\PyInstaller\hooks\hook-PyQt6.QtMultimedia.py", "Python", 2, 0, 0, 0, 0, 10, 3, 15
"c:\Users\makib\Documents\EntornosVirtuales\BaseDeDatosSalonDeBelleza\venv\Lib\site-packages\PyInstaller\hooks\hook-PyQt6.QtMultimediaWidgets.py", "Python", 2, 0, 0, 0, 0, 10, 3, 15
"c:\Users\makib\Documents\EntornosVirtuales\BaseDeDatosSalonDeBelleza\venv\Lib\site-packages\PyInstaller\hooks\hook-PyQt6.QtNetwork.py", "Python", 3, 0, 0, 0, 0, 10, 3, 16
"c:\Users\makib\Documents\EntornosVirtuales\BaseDeDatosSalonDeBelleza\venv\Lib\site-packages\PyInstaller\hooks\hook-PyQt6.QtNetworkAuth.py", "Python", 2, 0, 0, 0, 0, 10, 3, 15
"c:\Users\makib\Documents\EntornosVirtuales\BaseDeDatosSalonDeBelleza\venv\Lib\site-packages\PyInstaller\hooks\hook-PyQt6.QtNfc.py", "Python", 2, 0, 0, 0, 0, 10, 3, 15
"c:\Users\makib\Documents\EntornosVirtuales\BaseDeDatosSalonDeBelleza\venv\Lib\site-packages\PyInstaller\hooks\hook-PyQt6.QtOpenGL.py", "Python", 2, 0, 0, 0, 0, 10, 3, 15
"c:\Users\makib\Documents\EntornosVirtuales\BaseDeDatosSalonDeBelleza\venv\Lib\site-packages\PyInstaller\hooks\hook-PyQt6.QtOpenGLWidgets.py", "Python", 2, 0, 0, 0, 0, 10, 3, 15
"c:\Users\makib\Documents\EntornosVirtuales\BaseDeDatosSalonDeBelleza\venv\Lib\site-packages\PyInstaller\hooks\hook-PyQt6.QtPdf.py", "Python", 2, 0, 0, 0, 0, 10, 3, 15
"c:\Users\makib\Documents\EntornosVirtuales\BaseDeDatosSalonDeBelleza\venv\Lib\site-packages\PyInstaller\hooks\hook-PyQt6.QtPdfWidgets.py", "Python", 2, 0, 0, 0, 0, 10, 3, 15
"c:\Users\makib\Documents\EntornosVirtuales\BaseDeDatosSalonDeBelleza\venv\Lib\site-packages\PyInstaller\hooks\hook-PyQt6.QtPositioning.py", "Python", 2, 0, 0, 0, 0, 10, 3, 15
"c:\Users\makib\Documents\EntornosVirtuales\BaseDeDatosSalonDeBelleza\venv\Lib\site-packages\PyInstaller\hooks\hook-PyQt6.QtPrintSupport.py", "Python", 2, 0, 0, 0, 0, 10, 3, 15
"c:\Users\makib\Documents\EntornosVirtuales\BaseDeDatosSalonDeBelleza\venv\Lib\site-packages\PyInstaller\hooks\hook-PyQt6.QtQml.py", "Python", 5, 0, 0, 0, 0, 10, 3, 18
"c:\Users\makib\Documents\EntornosVirtuales\BaseDeDatosSalonDeBelleza\venv\Lib\site-packages\PyInstaller\hooks\hook-PyQt6.QtQuick.py", "Python", 2, 0, 0, 0, 0, 10, 3, 15
"c:\Users\makib\Documents\EntornosVirtuales\BaseDeDatosSalonDeBelleza\venv\Lib\site-packages\PyInstaller\hooks\hook-PyQt6.QtQuick3D.py", "Python", 2, 0, 0, 0, 0, 10, 3, 15
"c:\Users\makib\Documents\EntornosVirtuales\BaseDeDatosSalonDeBelleza\venv\Lib\site-packages\PyInstaller\hooks\hook-PyQt6.QtQuickWidgets.py", "Python", 2, 0, 0, 0, 0, 10, 3, 15
"c:\Users\makib\Documents\EntornosVirtuales\BaseDeDatosSalonDeBelleza\venv\Lib\site-packages\PyInstaller\hooks\hook-PyQt6.QtRemoteObjects.py", "Python", 2, 0, 0, 0, 0, 10, 3, 15
"c:\Users\makib\Documents\EntornosVirtuales\BaseDeDatosSalonDeBelleza\venv\Lib\site-packages\PyInstaller\hooks\hook-PyQt6.QtSensors.py", "Python", 2, 0, 0, 0, 0, 10, 3, 15
"c:\Users\makib\Documents\EntornosVirtuales\BaseDeDatosSalonDeBelleza\venv\Lib\site-packages\PyInstaller\hooks\hook-PyQt6.QtSerialPort.py", "Python", 2, 0, 0, 0, 0, 10, 3, 15
"c:\Users\makib\Documents\EntornosVirtuales\BaseDeDatosSalonDeBelleza\venv\Lib\site-packages\PyInstaller\hooks\hook-PyQt6.QtSpatialAudio.py", "Python", 2, 0, 0, 0, 0, 10, 3, 15
"c:\Users\makib\Documents\EntornosVirtuales\BaseDeDatosSalonDeBelleza\venv\Lib\site-packages\PyInstaller\hooks\hook-PyQt6.QtSql.py", "Python", 2, 0, 0, 0, 0, 10, 3, 15
"c:\Users\makib\Documents\EntornosVirtuales\BaseDeDatosSalonDeBelleza\venv\Lib\site-packages\PyInstaller\hooks\hook-PyQt6.QtStateMachine.py", "Python", 3, 0, 0, 0, 0, 11, 4, 18
"c:\Users\makib\Documents\EntornosVirtuales\BaseDeDatosSalonDeBelleza\venv\Lib\site-packages\PyInstaller\hooks\hook-PyQt6.QtSvg.py", "Python", 2, 0, 0, 0, 0, 10, 3, 15
"c:\Users\makib\Documents\EntornosVirtuales\BaseDeDatosSalonDeBelleza\venv\Lib\site-packages\PyInstaller\hooks\hook-PyQt6.QtSvgWidgets.py", "Python", 2, 0, 0, 0, 0, 10, 3, 15
"c:\Users\makib\Documents\EntornosVirtuales\BaseDeDatosSalonDeBelleza\venv\Lib\site-packages\PyInstaller\hooks\hook-PyQt6.QtTest.py", "Python", 2, 0, 0, 0, 0, 10, 3, 15
"c:\Users\makib\Documents\EntornosVirtuales\BaseDeDatosSalonDeBelleza\venv\Lib\site-packages\PyInstaller\hooks\hook-PyQt6.QtTextToSpeech.py", "Python", 2, 0, 0, 0, 0, 10, 3, 15
"c:\Users\makib\Documents\EntornosVirtuales\BaseDeDatosSalonDeBelleza\venv\Lib\site-packages\PyInstaller\hooks\hook-PyQt6.QtWebChannel.py", "Python", 2, 0, 0, 0, 0, 10, 3, 15
"c:\Users\makib\Documents\EntornosVirtuales\BaseDeDatosSalonDeBelleza\venv\Lib\site-packages\PyInstaller\hooks\hook-PyQt6.QtWebEngineCore.py", "Python", 9, 0, 0, 0, 0, 14, 5, 28
"c:\Users\makib\Documents\EntornosVirtuales\BaseDeDatosSalonDeBelleza\venv\Lib\site-packages\PyInstaller\hooks\hook-PyQt6.QtWebEngineQuick.py", "Python", 2, 0, 0, 0, 0, 10, 3, 15
"c:\Users\makib\Documents\EntornosVirtuales\BaseDeDatosSalonDeBelleza\venv\Lib\site-packages\PyInstaller\hooks\hook-PyQt6.QtWebEngineWidgets.py", "Python", 2, 0, 0, 0, 0, 10, 3, 15
"c:\Users\makib\Documents\EntornosVirtuales\BaseDeDatosSalonDeBelleza\venv\Lib\site-packages\PyInstaller\hooks\hook-PyQt6.QtWebSockets.py", "Python", 2, 0, 0, 0, 0, 10, 3, 15
"c:\Users\makib\Documents\EntornosVirtuales\BaseDeDatosSalonDeBelleza\venv\Lib\site-packages\PyInstaller\hooks\hook-PyQt6.QtWidgets.py", "Python", 2, 0, 0, 0, 0, 10, 3, 15
"c:\Users\makib\Documents\EntornosVirtuales\BaseDeDatosSalonDeBelleza\venv\Lib\site-packages\PyInstaller\hooks\hook-PyQt6.QtXml.py", "Python", 2, 0, 0, 0, 0, 10, 3, 15
"c:\Users\makib\Documents\EntornosVirtuales\BaseDeDatosSalonDeBelleza\venv\Lib\site-packages\PyInstaller\hooks\hook-PyQt6.py", "Python", 8, 0, 0, 0, 0, 14, 5, 27
"c:\Users\makib\Documents\EntornosVirtuales\BaseDeDatosSalonDeBelleza\venv\Lib\site-packages\PyInstaller\hooks\hook-PyQt6.uic.py", "Python", 2, 0, 0, 0, 0, 13, 3, 18
"c:\Users\makib\Documents\EntornosVirtuales\BaseDeDatosSalonDeBelleza\venv\Lib\site-packages\PyInstaller\hooks\hook-PySide2.Qt3DAnimation.py", "Python", 2, 0, 0, 0, 0, 10, 3, 15
"c:\Users\makib\Documents\EntornosVirtuales\BaseDeDatosSalonDeBelleza\venv\Lib\site-packages\PyInstaller\hooks\hook-PySide2.Qt3DCore.py", "Python", 2, 0, 0, 0, 0, 10, 3, 15
"c:\Users\makib\Documents\EntornosVirtuales\BaseDeDatosSalonDeBelleza\venv\Lib\site-packages\PyInstaller\hooks\hook-PySide2.Qt3DExtras.py", "Python", 2, 0, 0, 0, 0, 10, 3, 15
"c:\Users\makib\Documents\EntornosVirtuales\BaseDeDatosSalonDeBelleza\venv\Lib\site-packages\PyInstaller\hooks\hook-PySide2.Qt3DInput.py", "Python", 2, 0, 0, 0, 0, 10, 3, 15
"c:\Users\makib\Documents\EntornosVirtuales\BaseDeDatosSalonDeBelleza\venv\Lib\site-packages\PyInstaller\hooks\hook-PySide2.Qt3DLogic.py", "Python", 2, 0, 0, 0, 0, 10, 3, 15
"c:\Users\makib\Documents\EntornosVirtuales\BaseDeDatosSalonDeBelleza\venv\Lib\site-packages\PyInstaller\hooks\hook-PySide2.Qt3DRender.py", "Python", 2, 0, 0, 0, 0, 10, 3, 15
"c:\Users\makib\Documents\EntornosVirtuales\BaseDeDatosSalonDeBelleza\venv\Lib\site-packages\PyInstaller\hooks\hook-PySide2.QtAxContainer.py", "Python", 2, 0, 0, 0, 0, 10, 3, 15
"c:\Users\makib\Documents\EntornosVirtuales\BaseDeDatosSalonDeBelleza\venv\Lib\site-packages\PyInstaller\hooks\hook-PySide2.QtCharts.py", "Python", 2, 0, 0, 0, 0, 10, 3, 15
"c:\Users\makib\Documents\EntornosVirtuales\BaseDeDatosSalonDeBelleza\venv\Lib\site-packages\PyInstaller\hooks\hook-PySide2.QtConcurrent.py", "Python", 2, 0, 0, 0, 0, 10, 3, 15
"c:\Users\makib\Documents\EntornosVirtuales\BaseDeDatosSalonDeBelleza\venv\Lib\site-packages\PyInstaller\hooks\hook-PySide2.QtCore.py", "Python", 2, 0, 0, 0, 0, 10, 3, 15
"c:\Users\makib\Documents\EntornosVirtuales\BaseDeDatosSalonDeBelleza\venv\Lib\site-packages\PyInstaller\hooks\hook-PySide2.QtDataVisualization.py", "Python", 2, 0, 0, 0, 0, 10, 3, 15
"c:\Users\makib\Documents\EntornosVirtuales\BaseDeDatosSalonDeBelleza\venv\Lib\site-packages\PyInstaller\hooks\hook-PySide2.QtGui.py", "Python", 2, 0, 0, 0, 0, 10, 3, 15
"c:\Users\makib\Documents\EntornosVirtuales\BaseDeDatosSalonDeBelleza\venv\Lib\site-packages\PyInstaller\hooks\hook-PySide2.QtHelp.py", "Python", 2, 0, 0, 0, 0, 10, 3, 15
"c:\Users\makib\Documents\EntornosVirtuales\BaseDeDatosSalonDeBelleza\venv\Lib\site-packages\PyInstaller\hooks\hook-PySide2.QtLocation.py", "Python", 2, 0, 0, 0, 0, 10, 3, 15
"c:\Users\makib\Documents\EntornosVirtuales\BaseDeDatosSalonDeBelleza\venv\Lib\site-packages\PyInstaller\hooks\hook-PySide2.QtMacExtras.py", "Python", 2, 0, 0, 0, 0, 10, 3, 15
"c:\Users\makib\Documents\EntornosVirtuales\BaseDeDatosSalonDeBelleza\venv\Lib\site-packages\PyInstaller\hooks\hook-PySide2.QtMultimedia.py", "Python", 3, 0, 0, 0, 0, 13, 4, 20
"c:\Users\makib\Documents\EntornosVirtuales\BaseDeDatosSalonDeBelleza\venv\Lib\site-packages\PyInstaller\hooks\hook-PySide2.QtMultimediaWidgets.py", "Python", 2, 0, 0, 0, 0, 10, 3, 15
"c:\Users\makib\Documents\EntornosVirtuales\BaseDeDatosSalonDeBelleza\venv\Lib\site-packages\PyInstaller\hooks\hook-PySide2.QtNetwork.py", "Python", 3, 0, 0, 0, 0, 10, 3, 16
"c:\Users\makib\Documents\EntornosVirtuales\BaseDeDatosSalonDeBelleza\venv\Lib\site-packages\PyInstaller\hooks\hook-PySide2.QtOpenGL.py", "Python", 2, 0, 0, 0, 0, 10, 3, 15
"c:\Users\makib\Documents\EntornosVirtuales\BaseDeDatosSalonDeBelleza\venv\Lib\site-packages\PyInstaller\hooks\hook-PySide2.QtOpenGLFunctions.py", "Python", 2, 0, 0, 0, 0, 10, 3, 15
"c:\Users\makib\Documents\EntornosVirtuales\BaseDeDatosSalonDeBelleza\venv\Lib\site-packages\PyInstaller\hooks\hook-PySide2.QtPositioning.py", "Python", 2, 0, 0, 0, 0, 10, 3, 15
"c:\Users\makib\Documents\EntornosVirtuales\BaseDeDatosSalonDeBelleza\venv\Lib\site-packages\PyInstaller\hooks\hook-PySide2.QtPrintSupport.py", "Python", 2, 0, 0, 0, 0, 10, 3, 15
"c:\Users\makib\Documents\EntornosVirtuales\BaseDeDatosSalonDeBelleza\venv\Lib\site-packages\PyInstaller\hooks\hook-PySide2.QtQml.py", "Python", 6, 0, 0, 0, 0, 10, 4, 20
"c:\Users\makib\Documents\EntornosVirtuales\BaseDeDatosSalonDeBelleza\venv\Lib\site-packages\PyInstaller\hooks\hook-PySide2.QtQuick.py", "Python", 2, 0, 0, 0, 0, 10, 3, 15
"c:\Users\makib\Documents\EntornosVirtuales\BaseDeDatosSalonDeBelleza\venv\Lib\site-packages\PyInstaller\hooks\hook-PySide2.QtQuickControls2.py", "Python", 2, 0, 0, 0, 0, 10, 3, 15
"c:\Users\makib\Documents\EntornosVirtuales\BaseDeDatosSalonDeBelleza\venv\Lib\site-packages\PyInstaller\hooks\hook-PySide2.QtQuickWidgets.py", "Python", 2, 0, 0, 0, 0, 10, 3, 15
"c:\Users\makib\Documents\EntornosVirtuales\BaseDeDatosSalonDeBelleza\venv\Lib\site-packages\PyInstaller\hooks\hook-PySide2.QtRemoteObjects.py", "Python", 2, 0, 0, 0, 0, 10, 3, 15
"c:\Users\makib\Documents\EntornosVirtuales\BaseDeDatosSalonDeBelleza\venv\Lib\site-packages\PyInstaller\hooks\hook-PySide2.QtScript.py", "Python", 2, 0, 0, 0, 0, 10, 3, 15
"c:\Users\makib\Documents\EntornosVirtuales\BaseDeDatosSalonDeBelleza\venv\Lib\site-packages\PyInstaller\hooks\hook-PySide2.QtScriptTools.py", "Python", 2, 0, 0, 0, 0, 10, 3, 15
"c:\Users\makib\Documents\EntornosVirtuales\BaseDeDatosSalonDeBelleza\venv\Lib\site-packages\PyInstaller\hooks\hook-PySide2.QtScxml.py", "Python", 2, 0, 0, 0, 0, 10, 3, 15
"c:\Users\makib\Documents\EntornosVirtuales\BaseDeDatosSalonDeBelleza\venv\Lib\site-packages\PyInstaller\hooks\hook-PySide2.QtSensors.py", "Python", 2, 0, 0, 0, 0, 10, 3, 15
"c:\Users\makib\Documents\EntornosVirtuales\BaseDeDatosSalonDeBelleza\venv\Lib\site-packages\PyInstaller\hooks\hook-PySide2.QtSerialPort.py", "Python", 2, 0, 0, 0, 0, 10, 3, 15
"c:\Users\makib\Documents\EntornosVirtuales\BaseDeDatosSalonDeBelleza\venv\Lib\site-packages\PyInstaller\hooks\hook-PySide2.QtSql.py", "Python", 2, 0, 0, 0, 0, 10, 3, 15
"c:\Users\makib\Documents\EntornosVirtuales\BaseDeDatosSalonDeBelleza\venv\Lib\site-packages\PyInstaller\hooks\hook-PySide2.QtSvg.py", "Python", 2, 0, 0, 0, 0, 10, 3, 15
"c:\Users\makib\Documents\EntornosVirtuales\BaseDeDatosSalonDeBelleza\venv\Lib\site-packages\PyInstaller\hooks\hook-PySide2.QtTest.py", "Python", 2, 0, 0, 0, 0, 10, 3, 15
"c:\Users\makib\Documents\EntornosVirtuales\BaseDeDatosSalonDeBelleza\venv\Lib\site-packages\PyInstaller\hooks\hook-PySide2.QtTextToSpeech.py", "Python", 2, 0, 0, 0, 0, 10, 3, 15
"c:\Users\makib\Documents\EntornosVirtuales\BaseDeDatosSalonDeBelleza\venv\Lib\site-packages\PyInstaller\hooks\hook-PySide2.QtUiTools.py", "Python", 3, 0, 0, 0, 0, 10, 3, 16
"c:\Users\makib\Documents\EntornosVirtuales\BaseDeDatosSalonDeBelleza\venv\Lib\site-packages\PyInstaller\hooks\hook-PySide2.QtWebChannel.py", "Python", 2, 0, 0, 0, 0, 10, 3, 15
"c:\Users\makib\Documents\EntornosVirtuales\BaseDeDatosSalonDeBelleza\venv\Lib\site-packages\PyInstaller\hooks\hook-PySide2.QtWebEngine.py", "Python", 2, 0, 0, 0, 0, 10, 3, 15
"c:\Users\makib\Documents\EntornosVirtuales\BaseDeDatosSalonDeBelleza\venv\Lib\site-packages\PyInstaller\hooks\hook-PySide2.QtWebEngineCore.py", "Python", 7, 0, 0, 0, 0, 12, 4, 23
"c:\Users\makib\Documents\EntornosVirtuales\BaseDeDatosSalonDeBelleza\venv\Lib\site-packages\PyInstaller\hooks\hook-PySide2.QtWebEngineWidgets.py", "Python", 2, 0, 0, 0, 0, 10, 3, 15
"c:\Users\makib\Documents\EntornosVirtuales\BaseDeDatosSalonDeBelleza\venv\Lib\site-packages\PyInstaller\hooks\hook-PySide2.QtWebKit.py", "Python", 2, 0, 0, 0, 0, 10, 3, 15
"c:\Users\makib\Documents\EntornosVirtuales\BaseDeDatosSalonDeBelleza\venv\Lib\site-packages\PyInstaller\hooks\hook-PySide2.QtWebKitWidgets.py", "Python", 2, 0, 0, 0, 0, 10, 3, 15
"c:\Users\makib\Documents\EntornosVirtuales\BaseDeDatosSalonDeBelleza\venv\Lib\site-packages\PyInstaller\hooks\hook-PySide2.QtWebSockets.py", "Python", 2, 0, 0, 0, 0, 10, 3, 15
"c:\Users\makib\Documents\EntornosVirtuales\BaseDeDatosSalonDeBelleza\venv\Lib\site-packages\PyInstaller\hooks\hook-PySide2.QtWidgets.py", "Python", 2, 0, 0, 0, 0, 10, 3, 15
"c:\Users\makib\Documents\EntornosVirtuales\BaseDeDatosSalonDeBelleza\venv\Lib\site-packages\PyInstaller\hooks\hook-PySide2.QtWinExtras.py", "Python", 2, 0, 0, 0, 0, 10, 3, 15
"c:\Users\makib\Documents\EntornosVirtuales\BaseDeDatosSalonDeBelleza\venv\Lib\site-packages\PyInstaller\hooks\hook-PySide2.QtX11Extras.py", "Python", 2, 0, 0, 0, 0, 10, 3, 15
"c:\Users\makib\Documents\EntornosVirtuales\BaseDeDatosSalonDeBelleza\venv\Lib\site-packages\PyInstaller\hooks\hook-PySide2.QtXml.py", "Python", 2, 0, 0, 0, 0, 10, 3, 15
"c:\Users\makib\Documents\EntornosVirtuales\BaseDeDatosSalonDeBelleza\venv\Lib\site-packages\PyInstaller\hooks\hook-PySide2.QtXmlPatterns.py", "Python", 2, 0, 0, 0, 0, 10, 3, 15
"c:\Users\makib\Documents\EntornosVirtuales\BaseDeDatosSalonDeBelleza\venv\Lib\site-packages\PyInstaller\hooks\hook-PySide2.Qwt5.py", "Python", 14, 0, 0, 0, 0, 10, 8, 32
"c:\Users\makib\Documents\EntornosVirtuales\BaseDeDatosSalonDeBelleza\venv\Lib\site-packages\PyInstaller\hooks\hook-PySide2.py", "Python", 7, 0, 0, 0, 0, 14, 5, 26
"c:\Users\makib\Documents\EntornosVirtuales\BaseDeDatosSalonDeBelleza\venv\Lib\site-packages\PyInstaller\hooks\hook-PySide6.Qt3DAnimation.py", "Python", 2, 0, 0, 0, 0, 10, 3, 15
"c:\Users\makib\Documents\EntornosVirtuales\BaseDeDatosSalonDeBelleza\venv\Lib\site-packages\PyInstaller\hooks\hook-PySide6.Qt3DCore.py", "Python", 2, 0, 0, 0, 0, 10, 3, 15
"c:\Users\makib\Documents\EntornosVirtuales\BaseDeDatosSalonDeBelleza\venv\Lib\site-packages\PyInstaller\hooks\hook-PySide6.Qt3DExtras.py", "Python", 2, 0, 0, 0, 0, 10, 3, 15
"c:\Users\makib\Documents\EntornosVirtuales\BaseDeDatosSalonDeBelleza\venv\Lib\site-packages\PyInstaller\hooks\hook-PySide6.Qt3DInput.py", "Python", 2, 0, 0, 0, 0, 10, 3, 15
"c:\Users\makib\Documents\EntornosVirtuales\BaseDeDatosSalonDeBelleza\venv\Lib\site-packages\PyInstaller\hooks\hook-PySide6.Qt3DLogic.py", "Python", 2, 0, 0, 0, 0, 10, 3, 15
"c:\Users\makib\Documents\EntornosVirtuales\BaseDeDatosSalonDeBelleza\venv\Lib\site-packages\PyInstaller\hooks\hook-PySide6.Qt3DRender.py", "Python", 4, 0, 0, 0, 0, 13, 4, 21
"c:\Users\makib\Documents\EntornosVirtuales\BaseDeDatosSalonDeBelleza\venv\Lib\site-packages\PyInstaller\hooks\hook-PySide6.QtAxContainer.py", "Python", 2, 0, 0, 0, 0, 10, 3, 15
"c:\Users\makib\Documents\EntornosVirtuales\BaseDeDatosSalonDeBelleza\venv\Lib\site-packages\PyInstaller\hooks\hook-PySide6.QtBluetooth.py", "Python", 2, 0, 0, 0, 0, 10, 3, 15
"c:\Users\makib\Documents\EntornosVirtuales\BaseDeDatosSalonDeBelleza\venv\Lib\site-packages\PyInstaller\hooks\hook-PySide6.QtCharts.py", "Python", 2, 0, 0, 0, 0, 10, 3, 15
"c:\Users\makib\Documents\EntornosVirtuales\BaseDeDatosSalonDeBelleza\venv\Lib\site-packages\PyInstaller\hooks\hook-PySide6.QtConcurrent.py", "Python", 2, 0, 0, 0, 0, 10, 3, 15
"c:\Users\makib\Documents\EntornosVirtuales\BaseDeDatosSalonDeBelleza\venv\Lib\site-packages\PyInstaller\hooks\hook-PySide6.QtCore.py", "Python", 2, 0, 0, 0, 0, 10, 3, 15
"c:\Users\makib\Documents\EntornosVirtuales\BaseDeDatosSalonDeBelleza\venv\Lib\site-packages\PyInstaller\hooks\hook-PySide6.QtDBus.py", "Python", 2, 0, 0, 0, 0, 10, 3, 15
"c:\Users\makib\Documents\EntornosVirtuales\BaseDeDatosSalonDeBelleza\venv\Lib\site-packages\PyInstaller\hooks\hook-PySide6.QtDataVisualization.py", "Python", 2, 0, 0, 0, 0, 10, 3, 15
"c:\Users\makib\Documents\EntornosVirtuales\BaseDeDatosSalonDeBelleza\venv\Lib\site-packages\PyInstaller\hooks\hook-PySide6.QtDesigner.py", "Python", 2, 0, 0, 0, 0, 10, 3, 15
"c:\Users\makib\Documents\EntornosVirtuales\BaseDeDatosSalonDeBelleza\venv\Lib\site-packages\PyInstaller\hooks\hook-PySide6.QtGraphs.py", "Python", 2, 0, 0, 0, 0, 10, 3, 15
"c:\Users\makib\Documents\EntornosVirtuales\BaseDeDatosSalonDeBelleza\venv\Lib\site-packages\PyInstaller\hooks\hook-PySide6.QtGraphsWidgets.py", "Python", 3, 0, 0, 0, 0, 11, 4, 18
"c:\Users\makib\Documents\EntornosVirtuales\BaseDeDatosSalonDeBelleza\venv\Lib\site-packages\PyInstaller\hooks\hook-PySide6.QtGui.py", "Python", 2, 0, 0, 0, 0, 10, 3, 15
"c:\Users\makib\Documents\EntornosVirtuales\BaseDeDatosSalonDeBelleza\venv\Lib\site-packages\PyInstaller\hooks\hook-PySide6.QtHelp.py", "Python", 2, 0, 0, 0, 0, 10, 3, 15
"c:\Users\makib\Documents\EntornosVirtuales\BaseDeDatosSalonDeBelleza\venv\Lib\site-packages\PyInstaller\hooks\hook-PySide6.QtHttpServer.py", "Python", 3, 0, 0, 0, 0, 12, 4, 19
"c:\Users\makib\Documents\EntornosVirtuales\BaseDeDatosSalonDeBelleza\venv\Lib\site-packages\PyInstaller\hooks\hook-PySide6.QtLocation.py", "Python", 2, 0, 0, 0, 0, 10, 3, 15
"c:\Users\makib\Documents\EntornosVirtuales\BaseDeDatosSalonDeBelleza\venv\Lib\site-packages\PyInstaller\hooks\hook-PySide6.QtMultimedia.py", "Python", 3, 0, 0, 0, 0, 13, 4, 20
"c:\Users\makib\Documents\EntornosVirtuales\BaseDeDatosSalonDeBelleza\venv\Lib\site-packages\PyInstaller\hooks\hook-PySide6.QtMultimediaWidgets.py", "Python", 2, 0, 0, 0, 0, 10, 3, 15
"c:\Users\makib\Documents\EntornosVirtuales\BaseDeDatosSalonDeBelleza\venv\Lib\site-packages\PyInstaller\hooks\hook-PySide6.QtNetwork.py", "Python", 3, 0, 0, 0, 0, 10, 3, 16
"c:\Users\makib\Documents\EntornosVirtuales\BaseDeDatosSalonDeBelleza\venv\Lib\site-packages\PyInstaller\hooks\hook-PySide6.QtNetworkAuth.py", "Python", 2, 0, 0, 0, 0, 10, 3, 15
"c:\Users\makib\Documents\EntornosVirtuales\BaseDeDatosSalonDeBelleza\venv\Lib\site-packages\PyInstaller\hooks\hook-PySide6.QtNfc.py", "Python", 2, 0, 0, 0, 0, 10, 3, 15
"c:\Users\makib\Documents\EntornosVirtuales\BaseDeDatosSalonDeBelleza\venv\Lib\site-packages\PyInstaller\hooks\hook-PySide6.QtOpenGL.py", "Python", 2, 0, 0, 0, 0, 10, 3, 15
"c:\Users\makib\Documents\EntornosVirtuales\BaseDeDatosSalonDeBelleza\venv\Lib\site-packages\PyInstaller\hooks\hook-PySide6.QtOpenGLWidgets.py", "Python", 2, 0, 0, 0, 0, 10, 3, 15
"c:\Users\makib\Documents\EntornosVirtuales\BaseDeDatosSalonDeBelleza\venv\Lib\site-packages\PyInstaller\hooks\hook-PySide6.QtPdf.py", "Python", 2, 0, 0, 0, 0, 10, 3, 15
"c:\Users\makib\Documents\EntornosVirtuales\BaseDeDatosSalonDeBelleza\venv\Lib\site-packages\PyInstaller\hooks\hook-PySide6.QtPdfWidgets.py", "Python", 2, 0, 0, 0, 0, 10, 3, 15
"c:\Users\makib\Documents\EntornosVirtuales\BaseDeDatosSalonDeBelleza\venv\Lib\site-packages\PyInstaller\hooks\hook-PySide6.QtPositioning.py", "Python", 2, 0, 0, 0, 0, 10, 3, 15
"c:\Users\makib\Documents\EntornosVirtuales\BaseDeDatosSalonDeBelleza\venv\Lib\site-packages\PyInstaller\hooks\hook-PySide6.QtPrintSupport.py", "Python", 2, 0, 0, 0, 0, 10, 3, 15
"c:\Users\makib\Documents\EntornosVirtuales\BaseDeDatosSalonDeBelleza\venv\Lib\site-packages\PyInstaller\hooks\hook-PySide6.QtQml.py", "Python", 5, 0, 0, 0, 0, 10, 3, 18
"c:\Users\makib\Documents\EntornosVirtuales\BaseDeDatosSalonDeBelleza\venv\Lib\site-packages\PyInstaller\hooks\hook-PySide6.QtQuick.py", "Python", 2, 0, 0, 0, 0, 10, 3, 15
"c:\Users\makib\Documents\EntornosVirtuales\BaseDeDatosSalonDeBelleza\venv\Lib\site-packages\PyInstaller\hooks\hook-PySide6.QtQuick3D.py", "Python", 2, 0, 0, 0, 0, 10, 3, 15
"c:\Users\makib\Documents\EntornosVirtuales\BaseDeDatosSalonDeBelleza\venv\Lib\site-packages\PyInstaller\hooks\hook-PySide6.QtQuickControls2.py", "Python", 3, 0, 0, 0, 0, 10, 4, 17
"c:\Users\makib\Documents\EntornosVirtuales\BaseDeDatosSalonDeBelleza\venv\Lib\site-packages\PyInstaller\hooks\hook-PySide6.QtQuickWidgets.py", "Python", 2, 0, 0, 0, 0, 10, 3, 15
"c:\Users\makib\Documents\EntornosVirtuales\BaseDeDatosSalonDeBelleza\venv\Lib\site-packages\PyInstaller\hooks\hook-PySide6.QtRemoteObjects.py", "Python", 2, 0, 0, 0, 0, 10, 3, 15
"c:\Users\makib\Documents\EntornosVirtuales\BaseDeDatosSalonDeBelleza\venv\Lib\site-packages\PyInstaller\hooks\hook-PySide6.QtScxml.py", "Python", 2, 0, 0, 0, 0, 10, 3, 15
"c:\Users\makib\Documents\EntornosVirtuales\BaseDeDatosSalonDeBelleza\venv\Lib\site-packages\PyInstaller\hooks\hook-PySide6.QtSensors.py", "Python", 2, 0, 0, 0, 0, 10, 3, 15
"c:\Users\makib\Documents\EntornosVirtuales\BaseDeDatosSalonDeBelleza\venv\Lib\site-packages\PyInstaller\hooks\hook-PySide6.QtSerialBus.py", "Python", 2, 0, 0, 0, 0, 10, 3, 15
"c:\Users\makib\Documents\EntornosVirtuales\BaseDeDatosSalonDeBelleza\venv\Lib\site-packages\PyInstaller\hooks\hook-PySide6.QtSerialPort.py", "Python", 2, 0, 0, 0, 0, 10, 3, 15
"c:\Users\makib\Documents\EntornosVirtuales\BaseDeDatosSalonDeBelleza\venv\Lib\site-packages\PyInstaller\hooks\hook-PySide6.QtSpatialAudio.py", "Python", 2, 0, 0, 0, 0, 10, 3, 15
"c:\Users\makib\Documents\EntornosVirtuales\BaseDeDatosSalonDeBelleza\venv\Lib\site-packages\PyInstaller\hooks\hook-PySide6.QtSql.py", "Python", 2, 0, 0, 0, 0, 10, 3, 15
"c:\Users\makib\Documents\EntornosVirtuales\BaseDeDatosSalonDeBelleza\venv\Lib\site-packages\PyInstaller\hooks\hook-PySide6.QtStateMachine.py", "Python", 2, 0, 0, 0, 0, 10, 3, 15
"c:\Users\makib\Documents\EntornosVirtuales\BaseDeDatosSalonDeBelleza\venv\Lib\site-packages\PyInstaller\hooks\hook-PySide6.QtSvg.py", "Python", 2, 0, 0, 0, 0, 10, 3, 15
"c:\Users\makib\Documents\EntornosVirtuales\BaseDeDatosSalonDeBelleza\venv\Lib\site-packages\PyInstaller\hooks\hook-PySide6.QtSvgWidgets.py", "Python", 2, 0, 0, 0, 0, 10, 3, 15
"c:\Users\makib\Documents\EntornosVirtuales\BaseDeDatosSalonDeBelleza\venv\Lib\site-packages\PyInstaller\hooks\hook-PySide6.QtTest.py", "Python", 2, 0, 0, 0, 0, 10, 3, 15
"c:\Users\makib\Documents\EntornosVirtuales\BaseDeDatosSalonDeBelleza\venv\Lib\site-packages\PyInstaller\hooks\hook-PySide6.QtTextToSpeech.py", "Python", 2, 0, 0, 0, 0, 10, 3, 15
"c:\Users\makib\Documents\EntornosVirtuales\BaseDeDatosSalonDeBelleza\venv\Lib\site-packages\PyInstaller\hooks\hook-PySide6.QtUiTools.py", "Python", 2, 0, 0, 0, 0, 10, 3, 15
"c:\Users\makib\Documents\EntornosVirtuales\BaseDeDatosSalonDeBelleza\venv\Lib\site-packages\PyInstaller\hooks\hook-PySide6.QtWebChannel.py", "Python", 2, 0, 0, 0, 0, 10, 3, 15
"c:\Users\makib\Documents\EntornosVirtuales\BaseDeDatosSalonDeBelleza\venv\Lib\site-packages\PyInstaller\hooks\hook-PySide6.QtWebEngineCore.py", "Python", 10, 0, 0, 0, 0, 14, 6, 30
"c:\Users\makib\Documents\EntornosVirtuales\BaseDeDatosSalonDeBelleza\venv\Lib\site-packages\PyInstaller\hooks\hook-PySide6.QtWebEngineQuick.py", "Python", 2, 0, 0, 0, 0, 10, 3, 15
"c:\Users\makib\Documents\EntornosVirtuales\BaseDeDatosSalonDeBelleza\venv\Lib\site-packages\PyInstaller\hooks\hook-PySide6.QtWebEngineWidgets.py", "Python", 2, 0, 0, 0, 0, 10, 3, 15
"c:\Users\makib\Documents\EntornosVirtuales\BaseDeDatosSalonDeBelleza\venv\Lib\site-packages\PyInstaller\hooks\hook-PySide6.QtWebSockets.py", "Python", 2, 0, 0, 0, 0, 10, 3, 15
"c:\Users\makib\Documents\EntornosVirtuales\BaseDeDatosSalonDeBelleza\venv\Lib\site-packages\PyInstaller\hooks\hook-PySide6.QtWidgets.py", "Python", 2, 0, 0, 0, 0, 10, 3, 15
"c:\Users\makib\Documents\EntornosVirtuales\BaseDeDatosSalonDeBelleza\venv\Lib\site-packages\PyInstaller\hooks\hook-PySide6.QtXml.py", "Python", 2, 0, 0, 0, 0, 10, 3, 15
"c:\Users\makib\Documents\EntornosVirtuales\BaseDeDatosSalonDeBelleza\venv\Lib\site-packages\PyInstaller\hooks\hook-PySide6.py", "Python", 8, 0, 0, 0, 0, 15, 6, 29
"c:\Users\makib\Documents\EntornosVirtuales\BaseDeDatosSalonDeBelleza\venv\Lib\site-packages\PyInstaller\hooks\hook-_osx_support.py", "Python", 1, 0, 0, 0, 0, 16, 3, 20
"c:\Users\makib\Documents\EntornosVirtuales\BaseDeDatosSalonDeBelleza\venv\Lib\site-packages\PyInstaller\hooks\hook-_pyi_rth_utils.py", "Python", 4, 0, 0, 0, 0, 11, 3, 18
"c:\Users\makib\Documents\EntornosVirtuales\BaseDeDatosSalonDeBelleza\venv\Lib\site-packages\PyInstaller\hooks\hook-_tkinter.py", "Python", 3, 0, 0, 0, 0, 16, 4, 23
"c:\Users\makib\Documents\EntornosVirtuales\BaseDeDatosSalonDeBelleza\venv\Lib\site-packages\PyInstaller\hooks\hook-babel.py", "Python", 8, 0, 0, 0, 0, 13, 4, 25
"c:\Users\makib\Documents\EntornosVirtuales\BaseDeDatosSalonDeBelleza\venv\Lib\site-packages\PyInstaller\hooks\hook-difflib.py", "Python", 1, 0, 0, 0, 0, 11, 2, 14
"c:\Users\makib\Documents\EntornosVirtuales\BaseDeDatosSalonDeBelleza\venv\Lib\site-packages\PyInstaller\hooks\hook-distutils.command.check.py", "Python", 1, 0, 0, 0, 0, 11, 2, 14
"c:\Users\makib\Documents\EntornosVirtuales\BaseDeDatosSalonDeBelleza\venv\Lib\site-packages\PyInstaller\hooks\hook-distutils.py", "Python", 9, 0, 0, 0, 0, 20, 5, 34
"c:\Users\makib\Documents\EntornosVirtuales\BaseDeDatosSalonDeBelleza\venv\Lib\site-packages\PyInstaller\hooks\hook-distutils.util.py", "Python", 1, 0, 0, 0, 0, 11, 2, 14
"c:\Users\makib\Documents\EntornosVirtuales\BaseDeDatosSalonDeBelleza\venv\Lib\site-packages\PyInstaller\hooks\hook-django.contrib.sessions.py", "Python", 2, 0, 0, 0, 0, 10, 3, 15
"c:\Users\makib\Documents\EntornosVirtuales\BaseDeDatosSalonDeBelleza\venv\Lib\site-packages\PyInstaller\hooks\hook-django.core.cache.py", "Python", 2, 0, 0, 0, 0, 10, 3, 15
"c:\Users\makib\Documents\EntornosVirtuales\BaseDeDatosSalonDeBelleza\venv\Lib\site-packages\PyInstaller\hooks\hook-django.core.mail.py", "Python", 14, 0, 0, 0, 0, 10, 2, 26
"c:\Users\makib\Documents\EntornosVirtuales\BaseDeDatosSalonDeBelleza\venv\Lib\site-packages\PyInstaller\hooks\hook-django.core.management.py", "Python", 3, 0, 0, 0, 0, 13, 4, 20
"c:\Users\makib\Documents\EntornosVirtuales\BaseDeDatosSalonDeBelleza\venv\Lib\site-packages\PyInstaller\hooks\hook-django.db.backends.mysql.base.py", "Python", 1, 0, 0, 0, 0, 11, 2, 14
"c:\Users\makib\Documents\EntornosVirtuales\BaseDeDatosSalonDeBelleza\venv\Lib\site-packages\PyInstaller\hooks\hook-django.db.backends.oracle.base.py", "Python", 1, 0, 0, 0, 0, 10, 2, 13
"c:\Users\makib\Documents\EntornosVirtuales\BaseDeDatosSalonDeBelleza\venv\Lib\site-packages\PyInstaller\hooks\hook-django.db.backends.py", "Python", 9, 0, 0, 0, 0, 12, 5, 26
"c:\Users\makib\Documents\EntornosVirtuales\BaseDeDatosSalonDeBelleza\venv\Lib\site-packages\PyInstaller\hooks\hook-django.py", "Python", 56, 0, 0, 0, 0, 26, 11, 93
"c:\Users\makib\Documents\EntornosVirtuales\BaseDeDatosSalonDeBelleza\venv\Lib\site-packages\PyInstaller\hooks\hook-django.template.loaders.py", "Python", 2, 0, 0, 0, 0, 10, 3, 15
"c:\Users\makib\Documents\EntornosVirtuales\BaseDeDatosSalonDeBelleza\venv\Lib\site-packages\PyInstaller\hooks\hook-encodings.py", "Python", 2, 0, 0, 0, 0, 10, 3, 15
"c:\Users\makib\Documents\EntornosVirtuales\BaseDeDatosSalonDeBelleza\venv\Lib\site-packages\PyInstaller\hooks\hook-gevent.py", "Python", 9, 0, 0, 0, 0, 11, 5, 25
"c:\Users\makib\Documents\EntornosVirtuales\BaseDeDatosSalonDeBelleza\venv\Lib\site-packages\PyInstaller\hooks\hook-gi.py", "Python", 8, 0, 0, 0, 0, 13, 6, 27
"c:\Users\makib\Documents\EntornosVirtuales\BaseDeDatosSalonDeBelleza\venv\Lib\site-packages\PyInstaller\hooks\hook-gi.repository.Adw.py", "Python", 4, 0, 0, 0, 0, 10, 3, 17
"c:\Users\makib\Documents\EntornosVirtuales\BaseDeDatosSalonDeBelleza\venv\Lib\site-packages\PyInstaller\hooks\hook-gi.repository.AppIndicator3.py", "Python", 4, 0, 0, 0, 0, 10, 3, 17
"c:\Users\makib\Documents\EntornosVirtuales\BaseDeDatosSalonDeBelleza\venv\Lib\site-packages\PyInstaller\hooks\hook-gi.repository.Atk.py", "Python", 12, 0, 0, 0, 0, 11, 7, 30
"c:\Users\makib\Documents\EntornosVirtuales\BaseDeDatosSalonDeBelleza\venv\Lib\site-packages\PyInstaller\hooks\hook-gi.repository.AyatanaAppIndicator3.py", "Python", 4, 0, 0, 0, 0, 10, 3, 17
"c:\Users\makib\Documents\EntornosVirtuales\BaseDeDatosSalonDeBelleza\venv\Lib\site-packages\PyInstaller\hooks\hook-gi.repository.Champlain.py", "Python", 4, 0, 0, 0, 0, 10, 3, 17
"c:\Users\makib\Documents\EntornosVirtuales\BaseDeDatosSalonDeBelleza\venv\Lib\site-packages\PyInstaller\hooks\hook-gi.repository.Clutter.py", "Python", 4, 0, 0, 0, 0, 10, 3, 17
"c:\Users\makib\Documents\EntornosVirtuales\BaseDeDatosSalonDeBelleza\venv\Lib\site-packages\PyInstaller\hooks\hook-gi.repository.DBus.py", "Python", 4, 0, 0, 0, 0, 10, 3, 17
"c:\Users\makib\Documents\EntornosVirtuales\BaseDeDatosSalonDeBelleza\venv\Lib\site-packages\PyInstaller\hooks\hook-gi.repository.GIRepository.py", "Python", 4, 0, 0, 0, 0, 10, 3, 17
"c:\Users\makib\Documents\EntornosVirtuales\BaseDeDatosSalonDeBelleza\venv\Lib\site-packages\PyInstaller\hooks\hook-gi.repository.GLib.py", "Python", 20, 0, 0, 0, 0, 13, 10, 43
"c:\Users\makib\Documents\EntornosVirtuales\BaseDeDatosSalonDeBelleza\venv\Lib\site-packages\PyInstaller\hooks\hook-gi.repository.GModule.py", "Python", 4, 0, 0, 0, 0, 10, 3, 17
"c:\Users\makib\Documents\EntornosVirtuales\BaseDeDatosSalonDeBelleza\venv\Lib\site-packages\PyInstaller\hooks\hook-gi.repository.GObject.py", "Python", 7, 0, 0, 0, 0, 11, 2, 20
"c:\Users\makib\Documents\EntornosVirtuales\BaseDeDatosSalonDeBelleza\venv\Lib\site-packages\PyInstaller\hooks\hook-gi.repository.Gdk.py", "Python", 18, 0, 0, 0, 0, 12, 7, 37
"c:\Users\makib\Documents\EntornosVirtuales\BaseDeDatosSalonDeBelleza\venv\Lib\site-packages\PyInstaller\hooks\hook-gi.repository.GdkPixbuf.py", "Python", 81, 0, 0, 0, 0, 41, 29, 151
"c:\Users\makib\Documents\EntornosVirtuales\BaseDeDatosSalonDeBelleza\venv\Lib\site-packages\PyInstaller\hooks\hook-gi.repository.Gio.py", "Python", 35, 0, 0, 0, 0, 18, 11, 64
"c:\Users\makib\Documents\EntornosVirtuales\BaseDeDatosSalonDeBelleza\venv\Lib\site-packages\PyInstaller\hooks\hook-gi.repository.Graphene.py", "Python", 4, 0, 0, 0, 0, 10, 3, 17
"c:\Users\makib\Documents\EntornosVirtuales\BaseDeDatosSalonDeBelleza\venv\Lib\site-packages\PyInstaller\hooks\hook-gi.repository.Gsk.py", "Python", 4, 0, 0, 0, 0, 10, 3, 17
"c:\Users\makib\Documents\EntornosVirtuales\BaseDeDatosSalonDeBelleza\venv\Lib\site-packages\PyInstaller\hooks\hook-gi.repository.Gst.py", "Python", 54, 0, 0, 0, 0, 20, 20, 94
"c:\Users\makib\Documents\EntornosVirtuales\BaseDeDatosSalonDeBelleza\venv\Lib\site-packages\PyInstaller\hooks\hook-gi.repository.GstAllocators.py", "Python", 4, 0, 0, 0, 0, 10, 3, 17
"c:\Users\makib\Documents\EntornosVirtuales\BaseDeDatosSalonDeBelleza\venv\Lib\site-packages\PyInstaller\hooks\hook-gi.repository.GstApp.py", "Python", 4, 0, 0, 0, 0, 10, 3, 17
"c:\Users\makib\Documents\EntornosVirtuales\BaseDeDatosSalonDeBelleza\venv\Lib\site-packages\PyInstaller\hooks\hook-gi.repository.GstAudio.py", "Python", 4, 0, 0, 0, 0, 10, 3, 17
"c:\Users\makib\Documents\EntornosVirtuales\BaseDeDatosSalonDeBelleza\venv\Lib\site-packages\PyInstaller\hooks\hook-gi.repository.GstBadAudio.py", "Python", 4, 0, 0, 0, 0, 10, 3, 17
"c:\Users\makib\Documents\EntornosVirtuales\BaseDeDatosSalonDeBelleza\venv\Lib\site-packages\PyInstaller\hooks\hook-gi.repository.GstBase.py", "Python", 4, 0, 0, 0, 0, 10, 3, 17
"c:\Users\makib\Documents\EntornosVirtuales\BaseDeDatosSalonDeBelleza\venv\Lib\site-packages\PyInstaller\hooks\hook-gi.repository.GstCheck.py", "Python", 4, 0, 0, 0, 0, 10, 3, 17
"c:\Users\makib\Documents\EntornosVirtuales\BaseDeDatosSalonDeBelleza\venv\Lib\site-packages\PyInstaller\hooks\hook-gi.repository.GstCodecs.py", "Python", 4, 0, 0, 0, 0, 10, 3, 17
"c:\Users\makib\Documents\EntornosVirtuales\BaseDeDatosSalonDeBelleza\venv\Lib\site-packages\PyInstaller\hooks\hook-gi.repository.GstController.py", "Python", 4, 0, 0, 0, 0, 10, 3, 17
"c:\Users\makib\Documents\EntornosVirtuales\BaseDeDatosSalonDeBelleza\venv\Lib\site-packages\PyInstaller\hooks\hook-gi.repository.GstGL.py", "Python", 4, 0, 0, 0, 0, 10, 3, 17
"c:\Users\makib\Documents\EntornosVirtuales\BaseDeDatosSalonDeBelleza\venv\Lib\site-packages\PyInstaller\hooks\hook-gi.repository.GstGLEGL.py", "Python", 4, 0, 0, 0, 0, 10, 3, 17
"c:\Users\makib\Documents\EntornosVirtuales\BaseDeDatosSalonDeBelleza\venv\Lib\site-packages\PyInstaller\hooks\hook-gi.repository.GstGLWayland.py", "Python", 4, 0, 0, 0, 0, 10, 3, 17
"c:\Users\makib\Documents\EntornosVirtuales\BaseDeDatosSalonDeBelleza\venv\Lib\site-packages\PyInstaller\hooks\hook-gi.repository.GstGLX11.py", "Python", 4, 0, 0, 0, 0, 10, 3, 17
"c:\Users\makib\Documents\EntornosVirtuales\BaseDeDatosSalonDeBelleza\venv\Lib\site-packages\PyInstaller\hooks\hook-gi.repository.GstInsertBin.py", "Python", 4, 0, 0, 0, 0, 10, 3, 17
"c:\Users\makib\Documents\EntornosVirtuales\BaseDeDatosSalonDeBelleza\venv\Lib\site-packages\PyInstaller\hooks\hook-gi.repository.GstMpegts.py", "Python", 4, 0, 0, 0, 0, 10, 3, 17
"c:\Users\makib\Documents\EntornosVirtuales\BaseDeDatosSalonDeBelleza\venv\Lib\site-packages\PyInstaller\hooks\hook-gi.repository.GstNet.py", "Python", 4, 0, 0, 0, 0, 10, 3, 17
"c:\Users\makib\Documents\EntornosVirtuales\BaseDeDatosSalonDeBelleza\venv\Lib\site-packages\PyInstaller\hooks\hook-gi.repository.GstPbutils.py", "Python", 4, 0, 0, 0, 0, 10, 3, 17
"c:\Users\makib\Documents\EntornosVirtuales\BaseDeDatosSalonDeBelleza\venv\Lib\site-packages\PyInstaller\hooks\hook-gi.repository.GstPlay.py", "Python", 4, 0, 0, 0, 0, 10, 3, 17
"c:\Users\makib\Documents\EntornosVirtuales\BaseDeDatosSalonDeBelleza\venv\Lib\site-packages\PyInstaller\hooks\hook-gi.repository.GstPlayer.py", "Python", 4, 0, 0, 0, 0, 10, 3, 17
"c:\Users\makib\Documents\EntornosVirtuales\BaseDeDatosSalonDeBelleza\venv\Lib\site-packages\PyInstaller\hooks\hook-gi.repository.GstRtp.py", "Python", 4, 0, 0, 0, 0, 10, 3, 17
"c:\Users\makib\Documents\EntornosVirtuales\BaseDeDatosSalonDeBelleza\venv\Lib\site-packages\PyInstaller\hooks\hook-gi.repository.GstRtsp.py", "Python", 4, 0, 0, 0, 0, 10, 3, 17
"c:\Users\makib\Documents\EntornosVirtuales\BaseDeDatosSalonDeBelleza\venv\Lib\site-packages\PyInstaller\hooks\hook-gi.repository.GstRtspServer.py", "Python", 4, 0, 0, 0, 0, 10, 3, 17
"c:\Users\makib\Documents\EntornosVirtuales\BaseDeDatosSalonDeBelleza\venv\Lib\site-packages\PyInstaller\hooks\hook-gi.repository.GstSdp.py", "Python", 4, 0, 0, 0, 0, 10, 3, 17
"c:\Users\makib\Documents\EntornosVirtuales\BaseDeDatosSalonDeBelleza\venv\Lib\site-packages\PyInstaller\hooks\hook-gi.repository.GstTag.py", "Python", 4, 0, 0, 0, 0, 10, 3, 17
"c:\Users\makib\Documents\EntornosVirtuales\BaseDeDatosSalonDeBelleza\venv\Lib\site-packages\PyInstaller\hooks\hook-gi.repository.GstTranscoder.py", "Python", 4, 0, 0, 0, 0, 10, 3, 17
"c:\Users\makib\Documents\EntornosVirtuales\BaseDeDatosSalonDeBelleza\venv\Lib\site-packages\PyInstaller\hooks\hook-gi.repository.GstVideo.py", "Python", 4, 0, 0, 0, 0, 10, 3, 17
"c:\Users\makib\Documents\EntornosVirtuales\BaseDeDatosSalonDeBelleza\venv\Lib\site-packages\PyInstaller\hooks\hook-gi.repository.GstVulkan.py", "Python", 4, 0, 0, 0, 0, 10, 3, 17
"c:\Users\makib\Documents\EntornosVirtuales\BaseDeDatosSalonDeBelleza\venv\Lib\site-packages\PyInstaller\hooks\hook-gi.repository.GstVulkanWayland.py", "Python", 4, 0, 0, 0, 0, 10, 3, 17
"c:\Users\makib\Documents\EntornosVirtuales\BaseDeDatosSalonDeBelleza\venv\Lib\site-packages\PyInstaller\hooks\hook-gi.repository.GstVulkanXCB.py", "Python", 4, 0, 0, 0, 0, 10, 3, 17
"c:\Users\makib\Documents\EntornosVirtuales\BaseDeDatosSalonDeBelleza\venv\Lib\site-packages\PyInstaller\hooks\hook-gi.repository.GstWebRTC.py", "Python", 4, 0, 0, 0, 0, 10, 3, 17
"c:\Users\makib\Documents\EntornosVirtuales\BaseDeDatosSalonDeBelleza\venv\Lib\site-packages\PyInstaller\hooks\hook-gi.repository.Gtk.py", "Python", 33, 0, 0, 0, 0, 15, 12, 60
"c:\Users\makib\Documents\EntornosVirtuales\BaseDeDatosSalonDeBelleza\venv\Lib\site-packages\PyInstaller\hooks\hook-gi.repository.GtkChamplain.py", "Python", 4, 0, 0, 0, 0, 10, 3, 17
"c:\Users\makib\Documents\EntornosVirtuales\BaseDeDatosSalonDeBelleza\venv\Lib\site-packages\PyInstaller\hooks\hook-gi.repository.GtkClutter.py", "Python", 4, 0, 0, 0, 0, 10, 3, 17
"c:\Users\makib\Documents\EntornosVirtuales\BaseDeDatosSalonDeBelleza\venv\Lib\site-packages\PyInstaller\hooks\hook-gi.repository.GtkSource.py", "Python", 10, 0, 0, 0, 0, 15, 7, 32
"c:\Users\makib\Documents\EntornosVirtuales\BaseDeDatosSalonDeBelleza\venv\Lib\site-packages\PyInstaller\hooks\hook-gi.repository.GtkosxApplication.py", "Python", 6, 0, 0, 0, 0, 10, 3, 19
"c:\Users\makib\Documents\EntornosVirtuales\BaseDeDatosSalonDeBelleza\venv\Lib\site-packages\PyInstaller\hooks\hook-gi.repository.HarfBuzz.py", "Python", 4, 0, 0, 0, 0, 10, 3, 17
"c:\Users\makib\Documents\EntornosVirtuales\BaseDeDatosSalonDeBelleza\venv\Lib\site-packages\PyInstaller\hooks\hook-gi.repository.Pango.py", "Python", 4, 0, 0, 0, 0, 10, 3, 17
"c:\Users\makib\Documents\EntornosVirtuales\BaseDeDatosSalonDeBelleza\venv\Lib\site-packages\PyInstaller\hooks\hook-gi.repository.PangoCairo.py", "Python", 4, 0, 0, 0, 0, 10, 3, 17
"c:\Users\makib\Documents\EntornosVirtuales\BaseDeDatosSalonDeBelleza\venv\Lib\site-packages\PyInstaller\hooks\hook-gi.repository.Rsvg.py", "Python", 4, 0, 0, 0, 0, 10, 3, 17
"c:\Users\makib\Documents\EntornosVirtuales\BaseDeDatosSalonDeBelleza\venv\Lib\site-packages\PyInstaller\hooks\hook-gi.repository.cairo.py", "Python", 4, 0, 0, 0, 0, 10, 3, 17
"c:\Users\makib\Documents\EntornosVirtuales\BaseDeDatosSalonDeBelleza\venv\Lib\site-packages\PyInstaller\hooks\hook-gi.repository.freetype2.py", "Python", 4, 0, 0, 0, 0, 10, 3, 17
"c:\Users\makib\Documents\EntornosVirtuales\BaseDeDatosSalonDeBelleza\venv\Lib\site-packages\PyInstaller\hooks\hook-gi.repository.xlib.py", "Python", 4, 0, 0, 0, 0, 10, 3, 17
"c:\Users\makib\Documents\EntornosVirtuales\BaseDeDatosSalonDeBelleza\venv\Lib\site-packages\PyInstaller\hooks\hook-heapq.py", "Python", 1, 0, 0, 0, 0, 11, 2, 14
"c:\Users\makib\Documents\EntornosVirtuales\BaseDeDatosSalonDeBelleza\venv\Lib\site-packages\PyInstaller\hooks\hook-idlelib.py", "Python", 2, 0, 0, 0, 0, 10, 3, 15
"c:\Users\makib\Documents\EntornosVirtuales\BaseDeDatosSalonDeBelleza\venv\Lib\site-packages\PyInstaller\hooks\hook-importlib_metadata.py", "Python", 6, 0, 0, 0, 0, 16, 3, 25
"c:\Users\makib\Documents\EntornosVirtuales\BaseDeDatosSalonDeBelleza\venv\Lib\site-packages\PyInstaller\hooks\hook-importlib_resources.py", "Python", 8, 0, 0, 0, 0, 11, 4, 23
"c:\Users\makib\Documents\EntornosVirtuales\BaseDeDatosSalonDeBelleza\venv\Lib\site-packages\PyInstaller\hooks\hook-keyring.py", "Python", 3, 0, 0, 0, 0, 13, 4, 20
"c:\Users\makib\Documents\EntornosVirtuales\BaseDeDatosSalonDeBelleza\venv\Lib\site-packages\PyInstaller\hooks\hook-kivy.py", "Python", 11, 0, 0, 0, 0, 10, 5, 26
"c:\Users\makib\Documents\EntornosVirtuales\BaseDeDatosSalonDeBelleza\venv\Lib\site-packages\PyInstaller\hooks\hook-lib2to3.py", "Python", 2, 0, 0, 0, 0, 11, 4, 17
"c:\Users\makib\Documents\EntornosVirtuales\BaseDeDatosSalonDeBelleza\venv\Lib\site-packages\PyInstaller\hooks\hook-matplotlib.backend_bases.py", "Python", 1, 0, 0, 0, 0, 10, 2, 13
"c:\Users\makib\Documents\EntornosVirtuales\BaseDeDatosSalonDeBelleza\venv\Lib\site-packages\PyInstaller\hooks\hook-matplotlib.backends.backend_qtagg.py", "Python", 1, 0, 0, 0, 0, 14, 2, 17
"c:\Users\makib\Documents\EntornosVirtuales\BaseDeDatosSalonDeBelleza\venv\Lib\site-packages\PyInstaller\hooks\hook-matplotlib.backends.backend_qtcairo.py", "Python", 1, 0, 0, 0, 0, 14, 2, 17
"c:\Users\makib\Documents\EntornosVirtuales\BaseDeDatosSalonDeBelleza\venv\Lib\site-packages\PyInstaller\hooks\hook-matplotlib.backends.py", "Python", 140, 0, 0, 0, 0, 46, 41, 227
"c:\Users\makib\Documents\EntornosVirtuales\BaseDeDatosSalonDeBelleza\venv\Lib\site-packages\PyInstaller\hooks\hook-matplotlib.backends.qt_compat.py", "Python", 5, 0, 0, 0, 0, 19, 3, 27
"c:\Users\makib\Documents\EntornosVirtuales\BaseDeDatosSalonDeBelleza\venv\Lib\site-packages\PyInstaller\hooks\hook-matplotlib.numerix.py", "Python", 10, 0, 0, 0, 0, 10, 2, 22
"c:\Users\makib\Documents\EntornosVirtuales\BaseDeDatosSalonDeBelleza\venv\Lib\site-packages\PyInstaller\hooks\hook-matplotlib.py", "Python", 15, 0, 0, 0, 0, 15, 9, 39
"c:\Users\makib\Documents\EntornosVirtuales\BaseDeDatosSalonDeBelleza\venv\Lib\site-packages\PyInstaller\hooks\hook-matplotlib.pyplot.py", "Python", 1, 0, 0, 0, 0, 10, 2, 13
"c:\Users\makib\Documents\EntornosVirtuales\BaseDeDatosSalonDeBelleza\venv\Lib\site-packages\PyInstaller\hooks\hook-multiprocessing.util.py", "Python", 1, 0, 0, 0, 0, 13, 3, 17
"c:\Users\makib\Documents\EntornosVirtuales\BaseDeDatosSalonDeBelleza\venv\Lib\site-packages\PyInstaller\hooks\hook-numpy.py", "Python", 42, 0, 0, 0, 0, 58, 17, 117
"c:\Users\makib\Documents\EntornosVirtuales\BaseDeDatosSalonDeBelleza\venv\Lib\site-packages\PyInstaller\hooks\hook-packaging.py", "Python", 1, 0, 0, 0, 0, 11, 2, 14
"c:\Users\makib\Documents\EntornosVirtuales\BaseDeDatosSalonDeBelleza\venv\Lib\site-packages\PyInstaller\hooks\hook-pandas.io.clipboard.py", "Python", 1, 0, 0, 0, 0, 17, 2, 20
"c:\Users\makib\Documents\EntornosVirtuales\BaseDeDatosSalonDeBelleza\venv\Lib\site-packages\PyInstaller\hooks\hook-pandas.io.formats.style.py", "Python", 3, 0, 0, 0, 0, 12, 4, 19
"c:\Users\makib\Documents\EntornosVirtuales\BaseDeDatosSalonDeBelleza\venv\Lib\site-packages\PyInstaller\hooks\hook-pandas.plotting.py", "Python", 3, 0, 0, 0, 0, 13, 3, 19
"c:\Users\makib\Documents\EntornosVirtuales\BaseDeDatosSalonDeBelleza\venv\Lib\site-packages\PyInstaller\hooks\hook-pandas.py", "Python", 4, 0, 0, 0, 0, 13, 4, 21
"c:\Users\makib\Documents\EntornosVirtuales\BaseDeDatosSalonDeBelleza\venv\Lib\site-packages\PyInstaller\hooks\hook-pickle.py", "Python", 1, 0, 0, 0, 0, 11, 2, 14
"c:\Users\makib\Documents\EntornosVirtuales\BaseDeDatosSalonDeBelleza\venv\Lib\site-packages\PyInstaller\hooks\hook-pkg_resources.py", "Python", 29, 0, 0, 0, 0, 32, 8, 69
"c:\Users\makib\Documents\EntornosVirtuales\BaseDeDatosSalonDeBelleza\venv\Lib\site-packages\PyInstaller\hooks\hook-platform.py", "Python", 3, 0, 0, 0, 0, 12, 2, 17
"c:\Users\makib\Documents\EntornosVirtuales\BaseDeDatosSalonDeBelleza\venv\Lib\site-packages\PyInstaller\hooks\hook-pygments.py", "Python", 7, 0, 0, 0, 0, 19, 4, 30
"c:\Users\makib\Documents\EntornosVirtuales\BaseDeDatosSalonDeBelleza\venv\Lib\site-packages\PyInstaller\hooks\hook-pytz.py", "Python", 2, 0, 0, 0, 0, 12, 3, 17
"c:\Users\makib\Documents\EntornosVirtuales\BaseDeDatosSalonDeBelleza\venv\Lib\site-packages\PyInstaller\hooks\hook-pytzdata.py", "Python", 2, 0, 0, 0, 0, 10, 3, 15
"c:\Users\makib\Documents\EntornosVirtuales\BaseDeDatosSalonDeBelleza\venv\Lib\site-packages\PyInstaller\hooks\hook-qtawesome.py", "Python", 7, 0, 0, 0, 0, 10, 3, 20
"c:\Users\makib\Documents\EntornosVirtuales\BaseDeDatosSalonDeBelleza\venv\Lib\site-packages\PyInstaller\hooks\hook-qtpy.py", "Python", 5, 0, 0, 0, 0, 18, 3, 26
"c:\Users\makib\Documents\EntornosVirtuales\BaseDeDatosSalonDeBelleza\venv\Lib\site-packages\PyInstaller\hooks\hook-scapy.layers.all.py", "Python", 2, 0, 0, 0, 0, 14, 4, 20
"c:\Users\makib\Documents\EntornosVirtuales\BaseDeDatosSalonDeBelleza\venv\Lib\site-packages\PyInstaller\hooks\hook-scipy.io.matlab.py", "Python", 1, 0, 0, 0, 0, 11, 2, 14
"c:\Users\makib\Documents\EntornosVirtuales\BaseDeDatosSalonDeBelleza\venv\Lib\site-packages\PyInstaller\hooks\hook-scipy.linalg.py", "Python", 1, 0, 0, 0, 0, 11, 2, 14
"c:\Users\makib\Documents\EntornosVirtuales\BaseDeDatosSalonDeBelleza\venv\Lib\site-packages\PyInstaller\hooks\hook-scipy.py", "Python", 27, 0, 0, 0, 0, 23, 10, 60
"c:\Users\makib\Documents\EntornosVirtuales\BaseDeDatosSalonDeBelleza\venv\Lib\site-packages\PyInstaller\hooks\hook-scipy.sparse.csgraph.py", "Python", 1, 0, 0, 0, 0, 11, 2, 14
"c:\Users\makib\Documents\EntornosVirtuales\BaseDeDatosSalonDeBelleza\venv\Lib\site-packages\PyInstaller\hooks\hook-scipy.spatial.transform.rotation.py", "Python", 3, 0, 0, 0, 0, 12, 3, 18
"c:\Users\makib\Documents\EntornosVirtuales\BaseDeDatosSalonDeBelleza\venv\Lib\site-packages\PyInstaller\hooks\hook-scipy.special._ellip_harm_2.py", "Python", 8, 0, 0, 0, 0, 20, 3, 31
"c:\Users\makib\Documents\EntornosVirtuales\BaseDeDatosSalonDeBelleza\venv\Lib\site-packages\PyInstaller\hooks\hook-scipy.special._ufuncs.py", "Python", 6, 0, 0, 0, 0, 15, 5, 26
"c:\Users\makib\Documents\EntornosVirtuales\BaseDeDatosSalonDeBelleza\venv\Lib\site-packages\PyInstaller\hooks\hook-scipy.stats._stats.py", "Python", 3, 0, 0, 0, 0, 10, 3, 16
"c:\Users\makib\Documents\EntornosVirtuales\BaseDeDatosSalonDeBelleza\venv\Lib\site-packages\PyInstaller\hooks\hook-scrapy.py", "Python", 3, 0, 0, 0, 0, 12, 4, 19
"c:\Users\makib\Documents\EntornosVirtuales\BaseDeDatosSalonDeBelleza\venv\Lib\site-packages\PyInstaller\hooks\hook-setuptools._vendor.importlib_metadata.py", "Python", 4, 0, 0, 0, 0, 14, 4, 22
"c:\Users\makib\Documents\EntornosVirtuales\BaseDeDatosSalonDeBelleza\venv\Lib\site-packages\PyInstaller\hooks\hook-setuptools._vendor.jaraco.text.py", "Python", 4, 0, 0, 0, 0, 12, 3, 19
"c:\Users\makib\Documents\EntornosVirtuales\BaseDeDatosSalonDeBelleza\venv\Lib\site-packages\PyInstaller\hooks\hook-setuptools.py", "Python", 18, 0, 0, 0, 0, 49, 9, 76
"c:\Users\makib\Documents\EntornosVirtuales\BaseDeDatosSalonDeBelleza\venv\Lib\site-packages\PyInstaller\hooks\hook-shelve.py", "Python", 1, 0, 0, 0, 0, 11, 3, 15
"c:\Users\makib\Documents\EntornosVirtuales\BaseDeDatosSalonDeBelleza\venv\Lib\site-packages\PyInstaller\hooks\hook-shiboken6.py", "Python", 3, 0, 0, 0, 0, 12, 3, 18
"c:\Users\makib\Documents\EntornosVirtuales\BaseDeDatosSalonDeBelleza\venv\Lib\site-packages\PyInstaller\hooks\hook-sphinx.py", "Python", 16, 0, 0, 0, 0, 20, 6, 42
"c:\Users\makib\Documents\EntornosVirtuales\BaseDeDatosSalonDeBelleza\venv\Lib\site-packages\PyInstaller\hooks\hook-sqlalchemy.py", "Python", 47, 0, 0, 0, 0, 20, 22, 89
"c:\Users\makib\Documents\EntornosVirtuales\BaseDeDatosSalonDeBelleza\venv\Lib\site-packages\PyInstaller\hooks\hook-sqlite3.py", "Python", 5, 0, 0, 0, 0, 11, 4, 20
"c:\Users\makib\Documents\EntornosVirtuales\BaseDeDatosSalonDeBelleza\venv\Lib\site-packages\PyInstaller\hooks\hook-sysconfig.py", "Python", 8, 0, 0, 0, 0, 19, 3, 30
"c:\Users\makib\Documents\EntornosVirtuales\BaseDeDatosSalonDeBelleza\venv\Lib\site-packages\PyInstaller\hooks\hook-wcwidth.py", "Python", 2, 0, 0, 0, 0, 10, 3, 15
"c:\Users\makib\Documents\EntornosVirtuales\BaseDeDatosSalonDeBelleza\venv\Lib\site-packages\PyInstaller\hooks\hook-win32ctypes.core.py", "Python", 4, 0, 0, 0, 0, 15, 4, 23
"c:\Users\makib\Documents\EntornosVirtuales\BaseDeDatosSalonDeBelleza\venv\Lib\site-packages\PyInstaller\hooks\hook-xml.dom.domreg.py", "Python", 1, 0, 0, 0, 0, 11, 2, 14
"c:\Users\makib\Documents\EntornosVirtuales\BaseDeDatosSalonDeBelleza\venv\Lib\site-packages\PyInstaller\hooks\hook-xml.etree.cElementTree.py", "Python", 1, 0, 0, 0, 0, 11, 2, 14
"c:\Users\makib\Documents\EntornosVirtuales\BaseDeDatosSalonDeBelleza\venv\Lib\site-packages\PyInstaller\hooks\hook-xml.py", "Python", 1, 0, 0, 0, 0, 10, 2, 13
"c:\Users\makib\Documents\EntornosVirtuales\BaseDeDatosSalonDeBelleza\venv\Lib\site-packages\PyInstaller\hooks\hook-zope.interface.py", "Python", 1, 0, 0, 0, 0, 10, 2, 13
"c:\Users\makib\Documents\EntornosVirtuales\BaseDeDatosSalonDeBelleza\venv\Lib\site-packages\PyInstaller\hooks\pre_find_module_path\__init__.py", "Python", 0, 0, 0, 0, 0, 1, 1, 2
"c:\Users\makib\Documents\EntornosVirtuales\BaseDeDatosSalonDeBelleza\venv\Lib\site-packages\PyInstaller\hooks\pre_find_module_path\hook-PyQt5.uic.port_v2.py", "Python", 2, 0, 0, 0, 0, 11, 3, 16
"c:\Users\makib\Documents\EntornosVirtuales\BaseDeDatosSalonDeBelleza\venv\Lib\site-packages\PyInstaller\hooks\pre_find_module_path\hook-_pyi_rth_utils.py", "Python", 10, 0, 0, 0, 0, 10, 6, 26
"c:\Users\makib\Documents\EntornosVirtuales\BaseDeDatosSalonDeBelleza\venv\Lib\site-packages\PyInstaller\hooks\pre_find_module_path\hook-distutils.py", "Python", 21, 0, 0, 0, 0, 17, 9, 47
"c:\Users\makib\Documents\EntornosVirtuales\BaseDeDatosSalonDeBelleza\venv\Lib\site-packages\PyInstaller\hooks\pre_find_module_path\hook-pyi_splash.py", "Python", 18, 0, 0, 0, 0, 12, 7, 37
"c:\Users\makib\Documents\EntornosVirtuales\BaseDeDatosSalonDeBelleza\venv\Lib\site-packages\PyInstaller\hooks\pre_find_module_path\hook-tkinter.py", "Python", 7, 0, 0, 0, 0, 10, 5, 22
"c:\Users\makib\Documents\EntornosVirtuales\BaseDeDatosSalonDeBelleza\venv\Lib\site-packages\PyInstaller\hooks\pre_safe_import_module\__init__.py", "Python", 0, 0, 0, 0, 0, 1, 1, 2
"c:\Users\makib\Documents\EntornosVirtuales\BaseDeDatosSalonDeBelleza\venv\Lib\site-packages\PyInstaller\hooks\pre_safe_import_module\hook-autocommand.py", "Python", 1, 0, 0, 0, 0, 13, 2, 16
"c:\Users\makib\Documents\EntornosVirtuales\BaseDeDatosSalonDeBelleza\venv\Lib\site-packages\PyInstaller\hooks\pre_safe_import_module\hook-backports.tarfile.py", "Python", 1, 0, 0, 0, 0, 13, 2, 16
"c:\Users\makib\Documents\EntornosVirtuales\BaseDeDatosSalonDeBelleza\venv\Lib\site-packages\PyInstaller\hooks\pre_safe_import_module\hook-distutils.py", "Python", 6, 0, 0, 0, 0, 14, 4, 24
"c:\Users\makib\Documents\EntornosVirtuales\BaseDeDatosSalonDeBelleza\venv\Lib\site-packages\PyInstaller\hooks\pre_safe_import_module\hook-gi.py", "Python", 10, 0, 0, 0, 0, 23, 5, 38
"c:\Users\makib\Documents\EntornosVirtuales\BaseDeDatosSalonDeBelleza\venv\Lib\site-packages\PyInstaller\hooks\pre_safe_import_module\hook-gi.repository.Adw.py", "Python", 2, 0, 0, 0, 0, 12, 3, 17
"c:\Users\makib\Documents\EntornosVirtuales\BaseDeDatosSalonDeBelleza\venv\Lib\site-packages\PyInstaller\hooks\pre_safe_import_module\hook-gi.repository.AppIndicator3.py", "Python", 2, 0, 0, 0, 0, 12, 3, 17
"c:\Users\makib\Documents\EntornosVirtuales\BaseDeDatosSalonDeBelleza\venv\Lib\site-packages\PyInstaller\hooks\pre_safe_import_module\hook-gi.repository.Atk.py", "Python", 2, 0, 0, 0, 0, 12, 3, 17
"c:\Users\makib\Documents\EntornosVirtuales\BaseDeDatosSalonDeBelleza\venv\Lib\site-packages\PyInstaller\hooks\pre_safe_import_module\hook-gi.repository.AyatanaAppIndicator3.py", "Python", 2, 0, 0, 0, 0, 12, 3, 17
"c:\Users\makib\Documents\EntornosVirtuales\BaseDeDatosSalonDeBelleza\venv\Lib\site-packages\PyInstaller\hooks\pre_safe_import_module\hook-gi.repository.Champlain.py", "Python", 2, 0, 0, 0, 0, 12, 3, 17
"c:\Users\makib\Documents\EntornosVirtuales\BaseDeDatosSalonDeBelleza\venv\Lib\site-packages\PyInstaller\hooks\pre_safe_import_module\hook-gi.repository.Clutter.py", "Python", 2, 0, 0, 0, 0, 12, 3, 17
"c:\Users\makib\Documents\EntornosVirtuales\BaseDeDatosSalonDeBelleza\venv\Lib\site-packages\PyInstaller\hooks\pre_safe_import_module\hook-gi.repository.DBus.py", "Python", 2, 0, 0, 0, 0, 12, 3, 17
"c:\Users\makib\Documents\EntornosVirtuales\BaseDeDatosSalonDeBelleza\venv\Lib\site-packages\PyInstaller\hooks\pre_safe_import_module\hook-gi.repository.GIRepository.py", "Python", 2, 0, 0, 0, 0, 12, 3, 17
"c:\Users\makib\Documents\EntornosVirtuales\BaseDeDatosSalonDeBelleza\venv\Lib\site-packages\PyInstaller\hooks\pre_safe_import_module\hook-gi.repository.GLib.py", "Python", 2, 0, 0, 0, 0, 12, 3, 17
"c:\Users\makib\Documents\EntornosVirtuales\BaseDeDatosSalonDeBelleza\venv\Lib\site-packages\PyInstaller\hooks\pre_safe_import_module\hook-gi.repository.GModule.py", "Python", 2, 0, 0, 0, 0, 12, 3, 17
"c:\Users\makib\Documents\EntornosVirtuales\BaseDeDatosSalonDeBelleza\venv\Lib\site-packages\PyInstaller\hooks\pre_safe_import_module\hook-gi.repository.GObject.py", "Python", 2, 0, 0, 0, 0, 12, 3, 17
"c:\Users\makib\Documents\EntornosVirtuales\BaseDeDatosSalonDeBelleza\venv\Lib\site-packages\PyInstaller\hooks\pre_safe_import_module\hook-gi.repository.Gdk.py", "Python", 2, 0, 0, 0, 0, 12, 3, 17
"c:\Users\makib\Documents\EntornosVirtuales\BaseDeDatosSalonDeBelleza\venv\Lib\site-packages\PyInstaller\hooks\pre_safe_import_module\hook-gi.repository.GdkPixbuf.py", "Python", 2, 0, 0, 0, 0, 12, 3, 17
"c:\Users\makib\Documents\EntornosVirtuales\BaseDeDatosSalonDeBelleza\venv\Lib\site-packages\PyInstaller\hooks\pre_safe_import_module\hook-gi.repository.Gio.py", "Python", 2, 0, 0, 0, 0, 12, 3, 17
"c:\Users\makib\Documents\EntornosVirtuales\BaseDeDatosSalonDeBelleza\venv\Lib\site-packages\PyInstaller\hooks\pre_safe_import_module\hook-gi.repository.Graphene.py", "Python", 2, 0, 0, 0, 0, 12, 3, 17
"c:\Users\makib\Documents\EntornosVirtuales\BaseDeDatosSalonDeBelleza\venv\Lib\site-packages\PyInstaller\hooks\pre_safe_import_module\hook-gi.repository.Gsk.py", "Python", 2, 0, 0, 0, 0, 12, 3, 17
"c:\Users\makib\Documents\EntornosVirtuales\BaseDeDatosSalonDeBelleza\venv\Lib\site-packages\PyInstaller\hooks\pre_safe_import_module\hook-gi.repository.Gst.py", "Python", 2, 0, 0, 0, 0, 12, 3, 17
"c:\Users\makib\Documents\EntornosVirtuales\BaseDeDatosSalonDeBelleza\venv\Lib\site-packages\PyInstaller\hooks\pre_safe_import_module\hook-gi.repository.GstAllocators.py", "Python", 2, 0, 0, 0, 0, 12, 3, 17
"c:\Users\makib\Documents\EntornosVirtuales\BaseDeDatosSalonDeBelleza\venv\Lib\site-packages\PyInstaller\hooks\pre_safe_import_module\hook-gi.repository.GstApp.py", "Python", 2, 0, 0, 0, 0, 12, 3, 17
"c:\Users\makib\Documents\EntornosVirtuales\BaseDeDatosSalonDeBelleza\venv\Lib\site-packages\PyInstaller\hooks\pre_safe_import_module\hook-gi.repository.GstAudio.py", "Python", 2, 0, 0, 0, 0, 12, 3, 17
"c:\Users\makib\Documents\EntornosVirtuales\BaseDeDatosSalonDeBelleza\venv\Lib\site-packages\PyInstaller\hooks\pre_safe_import_module\hook-gi.repository.GstBadAudio.py", "Python", 2, 0, 0, 0, 0, 12, 3, 17
"c:\Users\makib\Documents\EntornosVirtuales\BaseDeDatosSalonDeBelleza\venv\Lib\site-packages\PyInstaller\hooks\pre_safe_import_module\hook-gi.repository.GstBase.py", "Python", 2, 0, 0, 0, 0, 12, 3, 17
"c:\Users\makib\Documents\EntornosVirtuales\BaseDeDatosSalonDeBelleza\venv\Lib\site-packages\PyInstaller\hooks\pre_safe_import_module\hook-gi.repository.GstCheck.py", "Python", 2, 0, 0, 0, 0, 12, 3, 17
"c:\Users\makib\Documents\EntornosVirtuales\BaseDeDatosSalonDeBelleza\venv\Lib\site-packages\PyInstaller\hooks\pre_safe_import_module\hook-gi.repository.GstCodecs.py", "Python", 2, 0, 0, 0, 0, 12, 3, 17
"c:\Users\makib\Documents\EntornosVirtuales\BaseDeDatosSalonDeBelleza\venv\Lib\site-packages\PyInstaller\hooks\pre_safe_import_module\hook-gi.repository.GstController.py", "Python", 2, 0, 0, 0, 0, 12, 3, 17
"c:\Users\makib\Documents\EntornosVirtuales\BaseDeDatosSalonDeBelleza\venv\Lib\site-packages\PyInstaller\hooks\pre_safe_import_module\hook-gi.repository.GstGL.py", "Python", 2, 0, 0, 0, 0, 12, 3, 17
"c:\Users\makib\Documents\EntornosVirtuales\BaseDeDatosSalonDeBelleza\venv\Lib\site-packages\PyInstaller\hooks\pre_safe_import_module\hook-gi.repository.GstGLEGL.py", "Python", 2, 0, 0, 0, 0, 12, 3, 17
"c:\Users\makib\Documents\EntornosVirtuales\BaseDeDatosSalonDeBelleza\venv\Lib\site-packages\PyInstaller\hooks\pre_safe_import_module\hook-gi.repository.GstGLWayland.py", "Python", 2, 0, 0, 0, 0, 12, 3, 17
"c:\Users\makib\Documents\EntornosVirtuales\BaseDeDatosSalonDeBelleza\venv\Lib\site-packages\PyInstaller\hooks\pre_safe_import_module\hook-gi.repository.GstGLX11.py", "Python", 2, 0, 0, 0, 0, 12, 3, 17
"c:\Users\makib\Documents\EntornosVirtuales\BaseDeDatosSalonDeBelleza\venv\Lib\site-packages\PyInstaller\hooks\pre_safe_import_module\hook-gi.repository.GstInsertBin.py", "Python", 2, 0, 0, 0, 0, 12, 3, 17
"c:\Users\makib\Documents\EntornosVirtuales\BaseDeDatosSalonDeBelleza\venv\Lib\site-packages\PyInstaller\hooks\pre_safe_import_module\hook-gi.repository.GstMpegts.py", "Python", 2, 0, 0, 0, 0, 12, 3, 17
"c:\Users\makib\Documents\EntornosVirtuales\BaseDeDatosSalonDeBelleza\venv\Lib\site-packages\PyInstaller\hooks\pre_safe_import_module\hook-gi.repository.GstNet.py", "Python", 2, 0, 0, 0, 0, 12, 3, 17
"c:\Users\makib\Documents\EntornosVirtuales\BaseDeDatosSalonDeBelleza\venv\Lib\site-packages\PyInstaller\hooks\pre_safe_import_module\hook-gi.repository.GstPbutils.py", "Python", 2, 0, 0, 0, 0, 12, 3, 17
"c:\Users\makib\Documents\EntornosVirtuales\BaseDeDatosSalonDeBelleza\venv\Lib\site-packages\PyInstaller\hooks\pre_safe_import_module\hook-gi.repository.GstPlay.py", "Python", 2, 0, 0, 0, 0, 12, 3, 17
"c:\Users\makib\Documents\EntornosVirtuales\BaseDeDatosSalonDeBelleza\venv\Lib\site-packages\PyInstaller\hooks\pre_safe_import_module\hook-gi.repository.GstPlayer.py", "Python", 2, 0, 0, 0, 0, 12, 3, 17
"c:\Users\makib\Documents\EntornosVirtuales\BaseDeDatosSalonDeBelleza\venv\Lib\site-packages\PyInstaller\hooks\pre_safe_import_module\hook-gi.repository.GstRtp.py", "Python", 2, 0, 0, 0, 0, 12, 3, 17
"c:\Users\makib\Documents\EntornosVirtuales\BaseDeDatosSalonDeBelleza\venv\Lib\site-packages\PyInstaller\hooks\pre_safe_import_module\hook-gi.repository.GstRtsp.py", "Python", 2, 0, 0, 0, 0, 12, 3, 17
"c:\Users\makib\Documents\EntornosVirtuales\BaseDeDatosSalonDeBelleza\venv\Lib\site-packages\PyInstaller\hooks\pre_safe_import_module\hook-gi.repository.GstRtspServer.py", "Python", 2, 0, 0, 0, 0, 12, 3, 17
"c:\Users\makib\Documents\EntornosVirtuales\BaseDeDatosSalonDeBelleza\venv\Lib\site-packages\PyInstaller\hooks\pre_safe_import_module\hook-gi.repository.GstSdp.py", "Python", 2, 0, 0, 0, 0, 12, 3, 17
"c:\Users\makib\Documents\EntornosVirtuales\BaseDeDatosSalonDeBelleza\venv\Lib\site-packages\PyInstaller\hooks\pre_safe_import_module\hook-gi.repository.GstTag.py", "Python", 2, 0, 0, 0, 0, 12, 3, 17
"c:\Users\makib\Documents\EntornosVirtuales\BaseDeDatosSalonDeBelleza\venv\Lib\site-packages\PyInstaller\hooks\pre_safe_import_module\hook-gi.repository.GstTranscoder.py", "Python", 2, 0, 0, 0, 0, 12, 3, 17
"c:\Users\makib\Documents\EntornosVirtuales\BaseDeDatosSalonDeBelleza\venv\Lib\site-packages\PyInstaller\hooks\pre_safe_import_module\hook-gi.repository.GstVideo.py", "Python", 2, 0, 0, 0, 0, 12, 3, 17
"c:\Users\makib\Documents\EntornosVirtuales\BaseDeDatosSalonDeBelleza\venv\Lib\site-packages\PyInstaller\hooks\pre_safe_import_module\hook-gi.repository.GstVulkan.py", "Python", 2, 0, 0, 0, 0, 12, 3, 17
"c:\Users\makib\Documents\EntornosVirtuales\BaseDeDatosSalonDeBelleza\venv\Lib\site-packages\PyInstaller\hooks\pre_safe_import_module\hook-gi.repository.GstVulkanWayland.py", "Python", 2, 0, 0, 0, 0, 12, 3, 17
"c:\Users\makib\Documents\EntornosVirtuales\BaseDeDatosSalonDeBelleza\venv\Lib\site-packages\PyInstaller\hooks\pre_safe_import_module\hook-gi.repository.GstVulkanXCB.py", "Python", 2, 0, 0, 0, 0, 12, 3, 17
"c:\Users\makib\Documents\EntornosVirtuales\BaseDeDatosSalonDeBelleza\venv\Lib\site-packages\PyInstaller\hooks\pre_safe_import_module\hook-gi.repository.GstWebRTC.py", "Python", 2, 0, 0, 0, 0, 12, 3, 17
"c:\Users\makib\Documents\EntornosVirtuales\BaseDeDatosSalonDeBelleza\venv\Lib\site-packages\PyInstaller\hooks\pre_safe_import_module\hook-gi.repository.Gtk.py", "Python", 2, 0, 0, 0, 0, 12, 3, 17
"c:\Users\makib\Documents\EntornosVirtuales\BaseDeDatosSalonDeBelleza\venv\Lib\site-packages\PyInstaller\hooks\pre_safe_import_module\hook-gi.repository.GtkChamplain.py", "Python", 2, 0, 0, 0, 0, 12, 3, 17
"c:\Users\makib\Documents\EntornosVirtuales\BaseDeDatosSalonDeBelleza\venv\Lib\site-packages\PyInstaller\hooks\pre_safe_import_module\hook-gi.repository.GtkClutter.py", "Python", 2, 0, 0, 0, 0, 12, 3, 17
"c:\Users\makib\Documents\EntornosVirtuales\BaseDeDatosSalonDeBelleza\venv\Lib\site-packages\PyInstaller\hooks\pre_safe_import_module\hook-gi.repository.GtkSource.py", "Python", 2, 0, 0, 0, 0, 12, 3, 17
"c:\Users\makib\Documents\EntornosVirtuales\BaseDeDatosSalonDeBelleza\venv\Lib\site-packages\PyInstaller\hooks\pre_safe_import_module\hook-gi.repository.GtkosxApplication.py", "Python", 2, 0, 0, 0, 0, 12, 3, 17
"c:\Users\makib\Documents\EntornosVirtuales\BaseDeDatosSalonDeBelleza\venv\Lib\site-packages\PyInstaller\hooks\pre_safe_import_module\hook-gi.repository.HarfBuzz.py", "Python", 2, 0, 0, 0, 0, 12, 3, 17
"c:\Users\makib\Documents\EntornosVirtuales\BaseDeDatosSalonDeBelleza\venv\Lib\site-packages\PyInstaller\hooks\pre_safe_import_module\hook-gi.repository.Pango.py", "Python", 2, 0, 0, 0, 0, 12, 3, 17
"c:\Users\makib\Documents\EntornosVirtuales\BaseDeDatosSalonDeBelleza\venv\Lib\site-packages\PyInstaller\hooks\pre_safe_import_module\hook-gi.repository.PangoCairo.py", "Python", 2, 0, 0, 0, 0, 12, 3, 17
"c:\Users\makib\Documents\EntornosVirtuales\BaseDeDatosSalonDeBelleza\venv\Lib\site-packages\PyInstaller\hooks\pre_safe_import_module\hook-gi.repository.Rsvg.py", "Python", 2, 0, 0, 0, 0, 12, 3, 17
"c:\Users\makib\Documents\EntornosVirtuales\BaseDeDatosSalonDeBelleza\venv\Lib\site-packages\PyInstaller\hooks\pre_safe_import_module\hook-gi.repository.cairo.py", "Python", 2, 0, 0, 0, 0, 12, 3, 17
"c:\Users\makib\Documents\EntornosVirtuales\BaseDeDatosSalonDeBelleza\venv\Lib\site-packages\PyInstaller\hooks\pre_safe_import_module\hook-gi.repository.freetype2.py", "Python", 2, 0, 0, 0, 0, 12, 3, 17
"c:\Users\makib\Documents\EntornosVirtuales\BaseDeDatosSalonDeBelleza\venv\Lib\site-packages\PyInstaller\hooks\pre_safe_import_module\hook-gi.repository.xlib.py", "Python", 2, 0, 0, 0, 0, 12, 3, 17
"c:\Users\makib\Documents\EntornosVirtuales\BaseDeDatosSalonDeBelleza\venv\Lib\site-packages\PyInstaller\hooks\pre_safe_import_module\hook-importlib_metadata.py", "Python", 1, 0, 0, 0, 0, 13, 2, 16
"c:\Users\makib\Documents\EntornosVirtuales\BaseDeDatosSalonDeBelleza\venv\Lib\site-packages\PyInstaller\hooks\pre_safe_import_module\hook-importlib_resources.py", "Python", 1, 0, 0, 0, 0, 13, 2, 16
"c:\Users\makib\Documents\EntornosVirtuales\BaseDeDatosSalonDeBelleza\venv\Lib\site-packages\PyInstaller\hooks\pre_safe_import_module\hook-inflect.py", "Python", 1, 0, 0, 0, 0, 13, 2, 16
"c:\Users\makib\Documents\EntornosVirtuales\BaseDeDatosSalonDeBelleza\venv\Lib\site-packages\PyInstaller\hooks\pre_safe_import_module\hook-jaraco.context.py", "Python", 1, 0, 0, 0, 0, 13, 2, 16
"c:\Users\makib\Documents\EntornosVirtuales\BaseDeDatosSalonDeBelleza\venv\Lib\site-packages\PyInstaller\hooks\pre_safe_import_module\hook-jaraco.functools.py", "Python", 1, 0, 0, 0, 0, 13, 2, 16
"c:\Users\makib\Documents\EntornosVirtuales\BaseDeDatosSalonDeBelleza\venv\Lib\site-packages\PyInstaller\hooks\pre_safe_import_module\hook-jaraco.text.py", "Python", 1, 0, 0, 0, 0, 13, 2, 16
"c:\Users\makib\Documents\EntornosVirtuales\BaseDeDatosSalonDeBelleza\venv\Lib\site-packages\PyInstaller\hooks\pre_safe_import_module\hook-more_itertools.py", "Python", 1, 0, 0, 0, 0, 13, 2, 16
"c:\Users\makib\Documents\EntornosVirtuales\BaseDeDatosSalonDeBelleza\venv\Lib\site-packages\PyInstaller\hooks\pre_safe_import_module\hook-ordered_set.py", "Python", 1, 0, 0, 0, 0, 13, 2, 16
"c:\Users\makib\Documents\EntornosVirtuales\BaseDeDatosSalonDeBelleza\venv\Lib\site-packages\PyInstaller\hooks\pre_safe_import_module\hook-packaging.py", "Python", 1, 0, 0, 0, 0, 13, 2, 16
"c:\Users\makib\Documents\EntornosVirtuales\BaseDeDatosSalonDeBelleza\venv\Lib\site-packages\PyInstaller\hooks\pre_safe_import_module\hook-platformdirs.py", "Python", 1, 0, 0, 0, 0, 13, 2, 16
"c:\Users\makib\Documents\EntornosVirtuales\BaseDeDatosSalonDeBelleza\venv\Lib\site-packages\PyInstaller\hooks\pre_safe_import_module\hook-setuptools.extern.six.moves.py", "Python", 19, 0, 0, 0, 0, 13, 8, 40
"c:\Users\makib\Documents\EntornosVirtuales\BaseDeDatosSalonDeBelleza\venv\Lib\site-packages\PyInstaller\hooks\pre_safe_import_module\hook-six.moves.py", "Python", 32, 0, 0, 0, 0, 23, 8, 63
"c:\Users\makib\Documents\EntornosVirtuales\BaseDeDatosSalonDeBelleza\venv\Lib\site-packages\PyInstaller\hooks\pre_safe_import_module\hook-tomli.py", "Python", 1, 0, 0, 0, 0, 13, 2, 16
"c:\Users\makib\Documents\EntornosVirtuales\BaseDeDatosSalonDeBelleza\venv\Lib\site-packages\PyInstaller\hooks\pre_safe_import_module\hook-typeguard.py", "Python", 1, 0, 0, 0, 0, 13, 2, 16
"c:\Users\makib\Documents\EntornosVirtuales\BaseDeDatosSalonDeBelleza\venv\Lib\site-packages\PyInstaller\hooks\pre_safe_import_module\hook-typing_extensions.py", "Python", 1, 0, 0, 0, 0, 13, 2, 16
"c:\Users\makib\Documents\EntornosVirtuales\BaseDeDatosSalonDeBelleza\venv\Lib\site-packages\PyInstaller\hooks\pre_safe_import_module\hook-urllib3.packages.six.moves.py", "Python", 16, 0, 0, 0, 0, 12, 7, 35
"c:\Users\makib\Documents\EntornosVirtuales\BaseDeDatosSalonDeBelleza\venv\Lib\site-packages\PyInstaller\hooks\pre_safe_import_module\hook-wheel.py", "Python", 1, 0, 0, 0, 0, 13, 2, 16
"c:\Users\makib\Documents\EntornosVirtuales\BaseDeDatosSalonDeBelleza\venv\Lib\site-packages\PyInstaller\hooks\pre_safe_import_module\hook-zipp.py", "Python", 1, 0, 0, 0, 0, 13, 2, 16
"c:\Users\makib\Documents\EntornosVirtuales\BaseDeDatosSalonDeBelleza\venv\Lib\site-packages\PyInstaller\hooks\rthooks\__init__.py", "Python", 0, 0, 0, 0, 0, 1, 1, 2
"c:\Users\makib\Documents\EntornosVirtuales\BaseDeDatosSalonDeBelleza\venv\Lib\site-packages\PyInstaller\hooks\rthooks\pyi_rth__tkinter.py", "Python", 16, 0, 0, 0, 0, 13, 9, 38
"c:\Users\makib\Documents\EntornosVirtuales\BaseDeDatosSalonDeBelleza\venv\Lib\site-packages\PyInstaller\hooks\rthooks\pyi_rth_django.py", "Python", 13, 0, 0, 0, 0, 13, 9, 35
"c:\Users\makib\Documents\EntornosVirtuales\BaseDeDatosSalonDeBelleza\venv\Lib\site-packages\PyInstaller\hooks\rthooks\pyi_rth_gdkpixbuf.py", "Python", 20, 0, 0, 0, 0, 12, 10, 42
"c:\Users\makib\Documents\EntornosVirtuales\BaseDeDatosSalonDeBelleza\venv\Lib\site-packages\PyInstaller\hooks\rthooks\pyi_rth_gi.py", "Python", 6, 0, 0, 0, 0, 10, 6, 22
"c:\Users\makib\Documents\EntornosVirtuales\BaseDeDatosSalonDeBelleza\venv\Lib\site-packages\PyInstaller\hooks\rthooks\pyi_rth_gio.py", "Python", 6, 0, 0, 0, 0, 10, 6, 22
"c:\Users\makib\Documents\EntornosVirtuales\BaseDeDatosSalonDeBelleza\venv\Lib\site-packages\PyInstaller\hooks\rthooks\pyi_rth_glib.py", "Python", 15, 0, 0, 0, 0, 15, 8, 38
"c:\Users\makib\Documents\EntornosVirtuales\BaseDeDatosSalonDeBelleza\venv\Lib\site-packages\PyInstaller\hooks\rthooks\pyi_rth_gstreamer.py", "Python", 10, 0, 0, 0, 0, 14, 9, 33
"c:\Users\makib\Documents\EntornosVirtuales\BaseDeDatosSalonDeBelleza\venv\Lib\site-packages\PyInstaller\hooks\rthooks\pyi_rth_gtk.py", "Python", 10, 0, 0, 0, 0, 11, 7, 28
"c:\Users\makib\Documents\EntornosVirtuales\BaseDeDatosSalonDeBelleza\venv\Lib\site-packages\PyInstaller\hooks\rthooks\pyi_rth_inspect.py", "Python", 32, 0, 0, 0, 0, 44, 14, 90
"c:\Users\makib\Documents\EntornosVirtuales\BaseDeDatosSalonDeBelleza\venv\Lib\site-packages\PyInstaller\hooks\rthooks\pyi_rth_kivy.py", "Python", 8, 0, 0, 0, 0, 10, 7, 25
"c:\Users\makib\Documents\EntornosVirtuales\BaseDeDatosSalonDeBelleza\venv\Lib\site-packages\PyInstaller\hooks\rthooks\pyi_rth_mplconfig.py", "Python", 13, 0, 0, 0, 0, 25, 9, 47
"c:\Users\makib\Documents\EntornosVirtuales\BaseDeDatosSalonDeBelleza\venv\Lib\site-packages\PyInstaller\hooks\rthooks\pyi_rth_multiprocessing.py", "Python", 27, 0, 0, 0, 0, 17, 12, 56
"c:\Users\makib\Documents\EntornosVirtuales\BaseDeDatosSalonDeBelleza\venv\Lib\site-packages\PyInstaller\hooks\rthooks\pyi_rth_pkgres.py", "Python", 81, 0, 0, 0, 0, 62, 29, 172
"c:\Users\makib\Documents\EntornosVirtuales\BaseDeDatosSalonDeBelleza\venv\Lib\site-packages\PyInstaller\hooks\rthooks\pyi_rth_pkgutil.py", "Python", 26, 0, 0, 0, 0, 29, 10, 65
"c:\Users\makib\Documents\EntornosVirtuales\BaseDeDatosSalonDeBelleza\venv\Lib\site-packages\PyInstaller\hooks\rthooks\pyi_rth_pyqt5.py", "Python", 25, 0, 0, 0, 0, 31, 13, 69
"c:\Users\makib\Documents\EntornosVirtuales\BaseDeDatosSalonDeBelleza\venv\Lib\site-packages\PyInstaller\hooks\rthooks\pyi_rth_pyqt6.py", "Python", 27, 0, 0, 0, 0, 30, 14, 71
"c:\Users\makib\Documents\EntornosVirtuales\BaseDeDatosSalonDeBelleza\venv\Lib\site-packages\PyInstaller\hooks\rthooks\pyi_rth_pyside2.py", "Python", 26, 0, 0, 0, 0, 25, 13, 64
"c:\Users\makib\Documents\EntornosVirtuales\BaseDeDatosSalonDeBelleza\venv\Lib\site-packages\PyInstaller\hooks\rthooks\pyi_rth_pyside6.py", "Python", 28, 0, 0, 0, 0, 28, 14, 70
"c:\Users\makib\Documents\EntornosVirtuales\BaseDeDatosSalonDeBelleza\venv\Lib\site-packages\PyInstaller\hooks\rthooks\pyi_rth_setuptools.py", "Python", 15, 0, 0, 0, 0, 14, 9, 38
"c:\Users\makib\Documents\EntornosVirtuales\BaseDeDatosSalonDeBelleza\venv\Lib\site-packages\PyInstaller\isolated\__init__.py", "Python", 14, 0, 0, 0, 0, 11, 7, 32
"c:\Users\makib\Documents\EntornosVirtuales\BaseDeDatosSalonDeBelleza\venv\Lib\site-packages\PyInstaller\isolated\_child.py", "Python", 53, 0, 0, 0, 0, 28, 21, 102
"c:\Users\makib\Documents\EntornosVirtuales\BaseDeDatosSalonDeBelleza\venv\Lib\site-packages\PyInstaller\isolated\_parent.py", "Python", 277, 0, 0, 0, 0, 71, 90, 438
"c:\Users\makib\Documents\EntornosVirtuales\BaseDeDatosSalonDeBelleza\venv\Lib\site-packages\PyInstaller\lib\README.rst", "reStructuredText", 0, 30, 0, 0, 0, 0, 20, 50
"c:\Users\makib\Documents\EntornosVirtuales\BaseDeDatosSalonDeBelleza\venv\Lib\site-packages\PyInstaller\lib\__init__.py", "Python", 0, 0, 0, 0, 0, 1, 1, 2
"c:\Users\makib\Documents\EntornosVirtuales\BaseDeDatosSalonDeBelleza\venv\Lib\site-packages\PyInstaller\lib\modulegraph\__init__.py", "Python", 1, 0, 0, 0, 0, 0, 1, 2
"c:\Users\makib\Documents\EntornosVirtuales\BaseDeDatosSalonDeBelleza\venv\Lib\site-packages\PyInstaller\lib\modulegraph\__main__.py", "Python", 73, 0, 0, 0, 0, 2, 15, 90
"c:\Users\makib\Documents\EntornosVirtuales\BaseDeDatosSalonDeBelleza\venv\Lib\site-packages\PyInstaller\lib\modulegraph\find_modules.py", "Python", 40, 0, 0, 0, 0, 9, 13, 62
"c:\Users\makib\Documents\EntornosVirtuales\BaseDeDatosSalonDeBelleza\venv\Lib\site-packages\PyInstaller\lib\modulegraph\modulegraph.py", "Python", 2064, 0, 0, 0, 0, 538, 481, 3083
"c:\Users\makib\Documents\EntornosVirtuales\BaseDeDatosSalonDeBelleza\venv\Lib\site-packages\PyInstaller\lib\modulegraph\util.py", "Python", 12, 0, 0, 0, 0, 4, 6, 22
"c:\Users\makib\Documents\EntornosVirtuales\BaseDeDatosSalonDeBelleza\venv\Lib\site-packages\PyInstaller\loader\__init__.py", "Python", 0, 0, 0, 0, 0, 1, 1, 2
"c:\Users\makib\Documents\EntornosVirtuales\BaseDeDatosSalonDeBelleza\venv\Lib\site-packages\PyInstaller\loader\pyiboot01_bootstrap.py", "Python", 35, 0, 0, 0, 0, 42, 19, 96
"c:\Users\makib\Documents\EntornosVirtuales\BaseDeDatosSalonDeBelleza\venv\Lib\site-packages\PyInstaller\loader\pyimod01_archive.py", "Python", 76, 0, 0, 0, 0, 33, 27, 136
"c:\Users\makib\Documents\EntornosVirtuales\BaseDeDatosSalonDeBelleza\venv\Lib\site-packages\PyInstaller\loader\pyimod02_importers.py", "Python", 477, 0, 0, 0, 0, 151, 148, 776
"c:\Users\makib\Documents\EntornosVirtuales\BaseDeDatosSalonDeBelleza\venv\Lib\site-packages\PyInstaller\loader\pyimod03_ctypes.py", "Python", 90, 0, 0, 0, 0, 19, 23, 132
"c:\Users\makib\Documents\EntornosVirtuales\BaseDeDatosSalonDeBelleza\venv\Lib\site-packages\PyInstaller\loader\pyimod04_pywin32.py", "Python", 22, 0, 0, 0, 0, 26, 9, 57
"c:\Users\makib\Documents\EntornosVirtuales\BaseDeDatosSalonDeBelleza\venv\Lib\site-packages\PyInstaller\log.py", "Python", 46, 0, 0, 0, 0, 10, 9, 65
"c:\Users\makib\Documents\EntornosVirtuales\BaseDeDatosSalonDeBelleza\venv\Lib\site-packages\PyInstaller\utils\__init__.py", "Python", 0, 0, 0, 0, 0, 1, 1, 2
"c:\Users\makib\Documents\EntornosVirtuales\BaseDeDatosSalonDeBelleza\venv\Lib\site-packages\PyInstaller\utils\cliutils\__init__.py", "Python", 0, 0, 0, 0, 0, 1, 1, 2
"c:\Users\makib\Documents\EntornosVirtuales\BaseDeDatosSalonDeBelleza\venv\Lib\site-packages\PyInstaller\utils\cliutils\archive_viewer.py", "Python", 200, 0, 0, 0, 0, 28, 41, 269
"c:\Users\makib\Documents\EntornosVirtuales\BaseDeDatosSalonDeBelleza\venv\Lib\site-packages\PyInstaller\utils\cliutils\bindepend.py", "Python", 36, 0, 0, 0, 0, 11, 12, 59
"c:\Users\makib\Documents\EntornosVirtuales\BaseDeDatosSalonDeBelleza\venv\Lib\site-packages\PyInstaller\utils\cliutils\grab_version.py", "Python", 40, 0, 0, 0, 0, 10, 10, 60
"c:\Users\makib\Documents\EntornosVirtuales\BaseDeDatosSalonDeBelleza\venv\Lib\site-packages\PyInstaller\utils\cliutils\makespec.py", "Python", 38, 0, 0, 0, 0, 11, 13, 62
"c:\Users\makib\Documents\EntornosVirtuales\BaseDeDatosSalonDeBelleza\venv\Lib\site-packages\PyInstaller\utils\cliutils\set_version.py", "Python", 32, 0, 0, 0, 0, 10, 10, 52
"c:\Users\makib\Documents\EntornosVirtuales\BaseDeDatosSalonDeBelleza\venv\Lib\site-packages\PyInstaller\utils\conftest.py", "Python", 354, 0, 0, 0, 0, 125, 95, 574
"c:\Users\makib\Documents\EntornosVirtuales\BaseDeDatosSalonDeBelleza\venv\Lib\site-packages\PyInstaller\utils\hooks\__init__.py", "Python", 934, 0, 0, 0, 0, 151, 259, 1344
"c:\Users\makib\Documents\EntornosVirtuales\BaseDeDatosSalonDeBelleza\venv\Lib\site-packages\PyInstaller\utils\hooks\conda.py", "Python", 268, 0, 0, 0, 0, 49, 80, 397
"c:\Users\makib\Documents\EntornosVirtuales\BaseDeDatosSalonDeBelleza\venv\Lib\site-packages\PyInstaller\utils\hooks\django.py", "Python", 89, 0, 0, 0, 0, 34, 30, 153
"c:\Users\makib\Documents\EntornosVirtuales\BaseDeDatosSalonDeBelleza\venv\Lib\site-packages\PyInstaller\utils\hooks\gi.py", "Python", 298, 0, 0, 0, 0, 77, 83, 458
"c:\Users\makib\Documents\EntornosVirtuales\BaseDeDatosSalonDeBelleza\venv\Lib\site-packages\PyInstaller\utils\hooks\qt\__init__.py", "Python", 771, 0, 0, 0, 0, 458, 199, 1428
"c:\Users\makib\Documents\EntornosVirtuales\BaseDeDatosSalonDeBelleza\venv\Lib\site-packages\PyInstaller\utils\hooks\qt\_modules_info.py", "Python", 184, 0, 0, 0, 0, 221, 46, 451
"c:\Users\makib\Documents\EntornosVirtuales\BaseDeDatosSalonDeBelleza\venv\Lib\site-packages\PyInstaller\utils\hooks\setuptools.py", "Python", 156, 0, 0, 0, 0, 59, 42, 257
"c:\Users\makib\Documents\EntornosVirtuales\BaseDeDatosSalonDeBelleza\venv\Lib\site-packages\PyInstaller\utils\hooks\tcl_tk.py", "Python", 213, 0, 0, 0, 0, 78, 55, 346
"c:\Users\makib\Documents\EntornosVirtuales\BaseDeDatosSalonDeBelleza\venv\Lib\site-packages\PyInstaller\utils\misc.py", "Python", 163, 0, 0, 0, 0, 24, 43, 230
"c:\Users\makib\Documents\EntornosVirtuales\BaseDeDatosSalonDeBelleza\venv\Lib\site-packages\PyInstaller\utils\osx.py", "Python", 476, 0, 0, 0, 0, 130, 130, 736
"c:\Users\makib\Documents\EntornosVirtuales\BaseDeDatosSalonDeBelleza\venv\Lib\site-packages\PyInstaller\utils\run_tests.py", "Python", 37, 0, 0, 0, 0, 23, 11, 71
"c:\Users\makib\Documents\EntornosVirtuales\BaseDeDatosSalonDeBelleza\venv\Lib\site-packages\PyInstaller\utils\tests.py", "Python", 71, 0, 0, 0, 0, 18, 24, 113
"c:\Users\makib\Documents\EntornosVirtuales\BaseDeDatosSalonDeBelleza\venv\Lib\site-packages\PyInstaller\utils\win32\__init__.py", "Python", 1, 0, 0, 0, 0, 0, 1, 2
"c:\Users\makib\Documents\EntornosVirtuales\BaseDeDatosSalonDeBelleza\venv\Lib\site-packages\PyInstaller\utils\win32\icon.py", "Python", 174, 0, 0, 0, 0, 31, 47, 252
"c:\Users\makib\Documents\EntornosVirtuales\BaseDeDatosSalonDeBelleza\venv\Lib\site-packages\PyInstaller\utils\win32\versioninfo.py", "Python", 500, 0, 0, 0, 0, 22, 83, 605
"c:\Users\makib\Documents\EntornosVirtuales\BaseDeDatosSalonDeBelleza\venv\Lib\site-packages\PyInstaller\utils\win32\winmanifest.py", "Python", 151, 0, 0, 0, 0, 45, 49, 245
"c:\Users\makib\Documents\EntornosVirtuales\BaseDeDatosSalonDeBelleza\venv\Lib\site-packages\PyInstaller\utils\win32\winresource.py", "Python", 132, 0, 0, 0, 0, 21, 37, 190
"c:\Users\makib\Documents\EntornosVirtuales\BaseDeDatosSalonDeBelleza\venv\Lib\site-packages\PyInstaller\utils\win32\winutils.py", "Python", 180, 0, 0, 0, 0, 36, 42, 258
"c:\Users\makib\Documents\EntornosVirtuales\BaseDeDatosSalonDeBelleza\venv\Lib\site-packages\_pyinstaller_hooks_contrib\__init__.py", "Python", 10, 0, 0, 0, 0, 13, 4, 27
"c:\Users\makib\Documents\EntornosVirtuales\BaseDeDatosSalonDeBelleza\venv\Lib\site-packages\_pyinstaller_hooks_contrib\compat.py", "Python", 21, 0, 0, 0, 0, 14, 8, 43
"c:\Users\makib\Documents\EntornosVirtuales\BaseDeDatosSalonDeBelleza\venv\Lib\site-packages\_pyinstaller_hooks_contrib\pre_find_module_path\__init__.py", "Python", 0, 0, 0, 0, 0, 11, 1, 12
"c:\Users\makib\Documents\EntornosVirtuales\BaseDeDatosSalonDeBelleza\venv\Lib\site-packages\_pyinstaller_hooks_contrib\pre_safe_import_module\__init__.py", "Python", 0, 0, 0, 0, 0, 11, 1, 12
"c:\Users\makib\Documents\EntornosVirtuales\BaseDeDatosSalonDeBelleza\venv\Lib\site-packages\_pyinstaller_hooks_contrib\pre_safe_import_module\hook-tensorflow.py", "Python", 6, 0, 0, 0, 0, 19, 4, 29
"c:\Users\makib\Documents\EntornosVirtuales\BaseDeDatosSalonDeBelleza\venv\Lib\site-packages\_pyinstaller_hooks_contrib\pre_safe_import_module\hook-win32com.py", "Python", 28, 0, 0, 0, 0, 12, 7, 47
"c:\Users\makib\Documents\EntornosVirtuales\BaseDeDatosSalonDeBelleza\venv\Lib\site-packages\_pyinstaller_hooks_contrib\rthooks\__init__.py", "Python", 0, 0, 0, 0, 0, 10, 1, 11
"c:\Users\makib\Documents\EntornosVirtuales\BaseDeDatosSalonDeBelleza\venv\Lib\site-packages\_pyinstaller_hooks_contrib\rthooks\pyi_rth_cryptography_openssl.py", "Python", 6, 0, 0, 0, 0, 12, 3, 21
"c:\Users\makib\Documents\EntornosVirtuales\BaseDeDatosSalonDeBelleza\venv\Lib\site-packages\_pyinstaller_hooks_contrib\rthooks\pyi_rth_enchant.py", "Python", 4, 0, 0, 0, 0, 16, 3, 23
"c:\Users\makib\Documents\EntornosVirtuales\BaseDeDatosSalonDeBelleza\venv\Lib\site-packages\_pyinstaller_hooks_contrib\rthooks\pyi_rth_ffpyplayer.py", "Python", 3, 0, 0, 0, 0, 14, 3, 20
"c:\Users\makib\Documents\EntornosVirtuales\BaseDeDatosSalonDeBelleza\venv\Lib\site-packages\_pyinstaller_hooks_contrib\rthooks\pyi_rth_findlibs.py", "Python", 24, 0, 0, 0, 0, 24, 12, 60
"c:\Users\makib\Documents\EntornosVirtuales\BaseDeDatosSalonDeBelleza\venv\Lib\site-packages\_pyinstaller_hooks_contrib\rthooks\pyi_rth_nltk.py", "Python", 4, 0, 0, 0, 0, 11, 3, 18
"c:\Users\makib\Documents\EntornosVirtuales\BaseDeDatosSalonDeBelleza\venv\Lib\site-packages\_pyinstaller_hooks_contrib\rthooks\pyi_rth_osgeo.py", "Python", 13, 0, 0, 0, 0, 12, 8, 33
"c:\Users\makib\Documents\EntornosVirtuales\BaseDeDatosSalonDeBelleza\venv\Lib\site-packages\_pyinstaller_hooks_contrib\rthooks\pyi_rth_pygraphviz.py", "Python", 14, 0, 0, 0, 0, 11, 8, 33
"c:\Users\makib\Documents\EntornosVirtuales\BaseDeDatosSalonDeBelleza\venv\Lib\site-packages\_pyinstaller_hooks_contrib\rthooks\pyi_rth_pyproj.py", "Python", 9, 0, 0, 0, 0, 11, 7, 27
"c:\Users\makib\Documents\EntornosVirtuales\BaseDeDatosSalonDeBelleza\venv\Lib\site-packages\_pyinstaller_hooks_contrib\rthooks\pyi_rth_pyqtgraph_multiprocess.py", "Python", 22, 0, 0, 0, 0, 22, 9, 53
"c:\Users\makib\Documents\EntornosVirtuales\BaseDeDatosSalonDeBelleza\venv\Lib\site-packages\_pyinstaller_hooks_contrib\rthooks\pyi_rth_pythoncom.py", "Python", 6, 0, 0, 0, 0, 16, 3, 25
"c:\Users\makib\Documents\EntornosVirtuales\BaseDeDatosSalonDeBelleza\venv\Lib\site-packages\_pyinstaller_hooks_contrib\rthooks\pyi_rth_pywintypes.py", "Python", 6, 0, 0, 0, 0, 16, 3, 25
"c:\Users\makib\Documents\EntornosVirtuales\BaseDeDatosSalonDeBelleza\venv\Lib\site-packages\_pyinstaller_hooks_contrib\rthooks\pyi_rth_tensorflow.py", "Python", 15, 0, 0, 0, 0, 28, 11, 54
"c:\Users\makib\Documents\EntornosVirtuales\BaseDeDatosSalonDeBelleza\venv\Lib\site-packages\_pyinstaller_hooks_contrib\rthooks\pyi_rth_traitlets.py", "Python", 4, 0, 0, 0, 0, 15, 7, 26
"c:\Users\makib\Documents\EntornosVirtuales\BaseDeDatosSalonDeBelleza\venv\Lib\site-packages\_pyinstaller_hooks_contrib\rthooks\pyi_rth_usb.py", "Python", 51, 0, 0, 0, 0, 15, 10, 76
"c:\Users\makib\Documents\EntornosVirtuales\BaseDeDatosSalonDeBelleza\venv\Lib\site-packages\_pyinstaller_hooks_contrib\stdhooks\__init__.py", "Python", 0, 0, 0, 0, 0, 11, 1, 12
"c:\Users\makib\Documents\EntornosVirtuales\BaseDeDatosSalonDeBelleza\venv\Lib\site-packages\_pyinstaller_hooks_contrib\stdhooks\hook-BTrees.py", "Python", 2, 0, 0, 0, 0, 12, 4, 18
"c:\Users\makib\Documents\EntornosVirtuales\BaseDeDatosSalonDeBelleza\venv\Lib\site-packages\_pyinstaller_hooks_contrib\stdhooks\hook-CTkMessagebox.py", "Python", 2, 0, 0, 0, 0, 14, 2, 18
"c:\Users\makib\Documents\EntornosVirtuales\BaseDeDatosSalonDeBelleza\venv\Lib\site-packages\_pyinstaller_hooks_contrib\stdhooks\hook-Crypto.py", "Python", 37, 0, 0, 0, 0, 16, 10, 63
"c:\Users\makib\Documents\EntornosVirtuales\BaseDeDatosSalonDeBelleza\venv\Lib\site-packages\_pyinstaller_hooks_contrib\stdhooks\hook-Cryptodome.py", "Python", 23, 0, 0, 0, 0, 15, 7, 45
"c:\Users\makib\Documents\EntornosVirtuales\BaseDeDatosSalonDeBelleza\venv\Lib\site-packages\_pyinstaller_hooks_contrib\stdhooks\hook-HtmlTestRunner.py", "Python", 2, 0, 0, 0, 0, 12, 4, 18
"c:\Users\makib\Documents\EntornosVirtuales\BaseDeDatosSalonDeBelleza\venv\Lib\site-packages\_pyinstaller_hooks_contrib\stdhooks\hook-IPython.py", "Python", 16, 0, 0, 0, 0, 20, 7, 43
"c:\Users\makib\Documents\EntornosVirtuales\BaseDeDatosSalonDeBelleza\venv\Lib\site-packages\_pyinstaller_hooks_contrib\stdhooks\hook-OpenGL.py", "Python", 35, 0, 0, 0, 0, 21, 10, 66
"c:\Users\makib\Documents\EntornosVirtuales\BaseDeDatosSalonDeBelleza\venv\Lib\site-packages\_pyinstaller_hooks_contrib\stdhooks\hook-OpenGL_accelerate.py", "Python", 10, 0, 0, 0, 0, 11, 2, 23
"c:\Users\makib\Documents\EntornosVirtuales\BaseDeDatosSalonDeBelleza\venv\Lib\site-packages\_pyinstaller_hooks_contrib\stdhooks\hook-PyTaskbar.py", "Python", 2, 0, 0, 0, 0, 11, 2, 15
"c:\Users\makib\Documents\EntornosVirtuales\BaseDeDatosSalonDeBelleza\venv\Lib\site-packages\_pyinstaller_hooks_contrib\stdhooks\hook-Xlib.py", "Python", 2, 0, 0, 0, 0, 11, 3, 16
"c:\Users\makib\Documents\EntornosVirtuales\BaseDeDatosSalonDeBelleza\venv\Lib\site-packages\_pyinstaller_hooks_contrib\stdhooks\hook-_mssql.py", "Python", 1, 0, 0, 0, 0, 11, 2, 14
"c:\Users\makib\Documents\EntornosVirtuales\BaseDeDatosSalonDeBelleza\venv\Lib\site-packages\_pyinstaller_hooks_contrib\stdhooks\hook-_mysql.py", "Python", 4, 0, 0, 0, 0, 11, 2, 17
"c:\Users\makib\Documents\EntornosVirtuales\BaseDeDatosSalonDeBelleza\venv\Lib\site-packages\_pyinstaller_hooks_contrib\stdhooks\hook-accessible_output2.py", "Python", 5, 0, 0, 0, 0, 11, 3, 19
"c:\Users\makib\Documents\EntornosVirtuales\BaseDeDatosSalonDeBelleza\venv\Lib\site-packages\_pyinstaller_hooks_contrib\stdhooks\hook-adbutils.py", "Python", 4, 0, 0, 0, 0, 16, 4, 24
"c:\Users\makib\Documents\EntornosVirtuales\BaseDeDatosSalonDeBelleza\venv\Lib\site-packages\_pyinstaller_hooks_contrib\stdhooks\hook-adios.py", "Python", 4, 0, 0, 0, 0, 11, 2, 17
"c:\Users\makib\Documents\EntornosVirtuales\BaseDeDatosSalonDeBelleza\venv\Lib\site-packages\_pyinstaller_hooks_contrib\stdhooks\hook-afmformats.py", "Python", 2, 0, 0, 0, 0, 12, 4, 18
"c:\Users\makib\Documents\EntornosVirtuales\BaseDeDatosSalonDeBelleza\venv\Lib\site-packages\_pyinstaller_hooks_contrib\stdhooks\hook-aliyunsdkcore.py", "Python", 2, 0, 0, 0, 0, 11, 2, 15
"c:\Users\makib\Documents\EntornosVirtuales\BaseDeDatosSalonDeBelleza\venv\Lib\site-packages\_pyinstaller_hooks_contrib\stdhooks\hook-altair.py", "Python", 2, 0, 0, 0, 0, 11, 3, 16
"c:\Users\makib\Documents\EntornosVirtuales\BaseDeDatosSalonDeBelleza\venv\Lib\site-packages\_pyinstaller_hooks_contrib\stdhooks\hook-amazonproduct.py", "Python", 14, 0, 0, 0, 0, 11, 2, 27
"c:\Users\makib\Documents\EntornosVirtuales\BaseDeDatosSalonDeBelleza\venv\Lib\site-packages\_pyinstaller_hooks_contrib\stdhooks\hook-anyio.py", "Python", 6, 0, 0, 0, 0, 11, 3, 20
"c:\Users\makib\Documents\EntornosVirtuales\BaseDeDatosSalonDeBelleza\venv\Lib\site-packages\_pyinstaller_hooks_contrib\stdhooks\hook-apkutils.py", "Python", 2, 0, 0, 0, 0, 11, 3, 16
"c:\Users\makib\Documents\EntornosVirtuales\BaseDeDatosSalonDeBelleza\venv\Lib\site-packages\_pyinstaller_hooks_contrib\stdhooks\hook-appdirs.py", "Python", 8, 0, 0, 0, 0, 11, 3, 22
"c:\Users\makib\Documents\EntornosVirtuales\BaseDeDatosSalonDeBelleza\venv\Lib\site-packages\_pyinstaller_hooks_contrib\stdhooks\hook-appy.pod.py", "Python", 2, 0, 0, 0, 0, 12, 4, 18
"c:\Users\makib\Documents\EntornosVirtuales\BaseDeDatosSalonDeBelleza\venv\Lib\site-packages\_pyinstaller_hooks_contrib\stdhooks\hook-apscheduler.py", "Python", 13, 0, 0, 0, 0, 11, 4, 28
"c:\Users\makib\Documents\EntornosVirtuales\BaseDeDatosSalonDeBelleza\venv\Lib\site-packages\_pyinstaller_hooks_contrib\stdhooks\hook-argon2.py", "Python", 1, 0, 0, 0, 0, 11, 2, 14
"c:\Users\makib\Documents\EntornosVirtuales\BaseDeDatosSalonDeBelleza\venv\Lib\site-packages\_pyinstaller_hooks_contrib\stdhooks\hook-astor.py", "Python", 2, 0, 0, 0, 0, 11, 3, 16
"c:\Users\makib\Documents\EntornosVirtuales\BaseDeDatosSalonDeBelleza\venv\Lib\site-packages\_pyinstaller_hooks_contrib\stdhooks\hook-astroid.py", "Python", 6, 0, 0, 0, 0, 39, 4, 49
"c:\Users\makib\Documents\EntornosVirtuales\BaseDeDatosSalonDeBelleza\venv\Lib\site-packages\_pyinstaller_hooks_contrib\stdhooks\hook-astropy.py", "Python", 13, 0, 0, 0, 0, 22, 8, 43
"c:\Users\makib\Documents\EntornosVirtuales\BaseDeDatosSalonDeBelleza\venv\Lib\site-packages\_pyinstaller_hooks_contrib\stdhooks\hook-astropy_iers_data.py", "Python", 2, 0, 0, 0, 0, 12, 3, 17
"c:\Users\makib\Documents\EntornosVirtuales\BaseDeDatosSalonDeBelleza\venv\Lib\site-packages\_pyinstaller_hooks_contrib\stdhooks\hook-av.py", "Python", 16, 0, 0, 0, 0, 23, 6, 45
"c:\Users\makib\Documents\EntornosVirtuales\BaseDeDatosSalonDeBelleza\venv\Lib\site-packages\_pyinstaller_hooks_contrib\stdhooks\hook-avro.py", "Python", 11, 0, 0, 0, 0, 14, 3, 28
"c:\Users\makib\Documents\EntornosVirtuales\BaseDeDatosSalonDeBelleza\venv\Lib\site-packages\_pyinstaller_hooks_contrib\stdhooks\hook-azurerm.py", "Python", 5, 0, 0, 0, 0, 15, 3, 23
"c:\Users\makib\Documents\EntornosVirtuales\BaseDeDatosSalonDeBelleza\venv\Lib\site-packages\_pyinstaller_hooks_contrib\stdhooks\hook-backports.py", "Python", 1, 0, 0, 0, 0, 18, 2, 21
"c:\Users\makib\Documents\EntornosVirtuales\BaseDeDatosSalonDeBelleza\venv\Lib\site-packages\_pyinstaller_hooks_contrib\stdhooks\hook-backports.zoneinfo.py", "Python", 3, 0, 0, 0, 0, 13, 3, 19
"c:\Users\makib\Documents\EntornosVirtuales\BaseDeDatosSalonDeBelleza\venv\Lib\site-packages\_pyinstaller_hooks_contrib\stdhooks\hook-bacon.py", "Python", 30, 0, 0, 0, 0, 13, 8, 51
"c:\Users\makib\Documents\EntornosVirtuales\BaseDeDatosSalonDeBelleza\venv\Lib\site-packages\_pyinstaller_hooks_contrib\stdhooks\hook-bcrypt.py", "Python", 4, 0, 0, 0, 0, 11, 2, 17
"c:\Users\makib\Documents\EntornosVirtuales\BaseDeDatosSalonDeBelleza\venv\Lib\site-packages\_pyinstaller_hooks_contrib\stdhooks\hook-bitsandbytes.py", "Python", 3, 0, 0, 0, 0, 17, 4, 24
"c:\Users\makib\Documents\EntornosVirtuales\BaseDeDatosSalonDeBelleza\venv\Lib\site-packages\_pyinstaller_hooks_contrib\stdhooks\hook-black.py", "Python", 13, 0, 0, 0, 0, 14, 3, 30
"c:\Users\makib\Documents\EntornosVirtuales\BaseDeDatosSalonDeBelleza\venv\Lib\site-packages\_pyinstaller_hooks_contrib\stdhooks\hook-bleak.py", "Python", 5, 0, 0, 0, 0, 12, 3, 20
"c:\Users\makib\Documents\EntornosVirtuales\BaseDeDatosSalonDeBelleza\venv\Lib\site-packages\_pyinstaller_hooks_contrib\stdhooks\hook-blib2to3.py", "Python", 16, 0, 0, 0, 0, 14, 6, 36
"c:\Users\makib\Documents\EntornosVirtuales\BaseDeDatosSalonDeBelleza\venv\Lib\site-packages\_pyinstaller_hooks_contrib\stdhooks\hook-blspy.py", "Python", 8, 0, 0, 0, 0, 24, 4, 36
"c:\Users\makib\Documents\EntornosVirtuales\BaseDeDatosSalonDeBelleza\venv\Lib\site-packages\_pyinstaller_hooks_contrib\stdhooks\hook-bokeh.py", "Python", 7, 0, 0, 0, 0, 16, 5, 28
"c:\Users\makib\Documents\EntornosVirtuales\BaseDeDatosSalonDeBelleza\venv\Lib\site-packages\_pyinstaller_hooks_contrib\stdhooks\hook-boto.py", "Python", 2, 0, 0, 0, 0, 21, 3, 26
"c:\Users\makib\Documents\EntornosVirtuales\BaseDeDatosSalonDeBelleza\venv\Lib\site-packages\_pyinstaller_hooks_contrib\stdhooks\hook-boto3.py", "Python", 7, 0, 0, 0, 0, 20, 3, 30
"c:\Users\makib\Documents\EntornosVirtuales\BaseDeDatosSalonDeBelleza\venv\Lib\site-packages\_pyinstaller_hooks_contrib\stdhooks\hook-botocore.py", "Python", 5, 0, 0, 0, 0, 22, 4, 31
"c:\Users\makib\Documents\EntornosVirtuales\BaseDeDatosSalonDeBelleza\venv\Lib\site-packages\_pyinstaller_hooks_contrib\stdhooks\hook-branca.py", "Python", 2, 0, 0, 0, 0, 11, 3, 16
"c:\Users\makib\Documents\EntornosVirtuales\BaseDeDatosSalonDeBelleza\venv\Lib\site-packages\_pyinstaller_hooks_contrib\stdhooks\hook-cairocffi.py", "Python", 23, 0, 0, 0, 0, 14, 9, 46
"c:\Users\makib\Documents\EntornosVirtuales\BaseDeDatosSalonDeBelleza\venv\Lib\site-packages\_pyinstaller_hooks_contrib\stdhooks\hook-cairosvg.py", "Python", 21, 0, 0, 0, 0, 12, 8, 41
"c:\Users\makib\Documents\EntornosVirtuales\BaseDeDatosSalonDeBelleza\venv\Lib\site-packages\_pyinstaller_hooks_contrib\stdhooks\hook-capstone.py", "Python", 2, 0, 0, 0, 0, 12, 2, 16
"c:\Users\makib\Documents\EntornosVirtuales\BaseDeDatosSalonDeBelleza\venv\Lib\site-packages\_pyinstaller_hooks_contrib\stdhooks\hook-cassandra.py", "Python", 2, 0, 0, 0, 0, 18, 3, 23
"c:\Users\makib\Documents\EntornosVirtuales\BaseDeDatosSalonDeBelleza\venv\Lib\site-packages\_pyinstaller_hooks_contrib\stdhooks\hook-celpy.py", "Python", 2, 0, 0, 0, 0, 20, 3, 25
"c:\Users\makib\Documents\EntornosVirtuales\BaseDeDatosSalonDeBelleza\venv\Lib\site-packages\_pyinstaller_hooks_contrib\stdhooks\hook-certifi.py", "Python", 2, 0, 0, 0, 0, 15, 5, 22
"c:\Users\makib\Documents\EntornosVirtuales\BaseDeDatosSalonDeBelleza\venv\Lib\site-packages\_pyinstaller_hooks_contrib\stdhooks\hook-cf_units.py", "Python", 2, 0, 0, 0, 0, 12, 3, 17
"c:\Users\makib\Documents\EntornosVirtuales\BaseDeDatosSalonDeBelleza\venv\Lib\site-packages\_pyinstaller_hooks_contrib\stdhooks\hook-cftime.py", "Python", 8, 0, 0, 0, 0, 12, 2, 22
"c:\Users\makib\Documents\EntornosVirtuales\BaseDeDatosSalonDeBelleza\venv\Lib\site-packages\_pyinstaller_hooks_contrib\stdhooks\hook-charset_normalizer.py", "Python", 3, 0, 0, 0, 0, 11, 3, 17
"c:\Users\makib\Documents\EntornosVirtuales\BaseDeDatosSalonDeBelleza\venv\Lib\site-packages\_pyinstaller_hooks_contrib\stdhooks\hook-cloudpickle.py", "Python", 3, 0, 0, 0, 0, 13, 3, 19
"c:\Users\makib\Documents\EntornosVirtuales\BaseDeDatosSalonDeBelleza\venv\Lib\site-packages\_pyinstaller_hooks_contrib\stdhooks\hook-cloudscraper.py", "Python", 2, 0, 0, 0, 0, 11, 3, 16
"c:\Users\makib\Documents\EntornosVirtuales\BaseDeDatosSalonDeBelleza\venv\Lib\site-packages\_pyinstaller_hooks_contrib\stdhooks\hook-clr.py", "Python", 31, 0, 0, 0, 0, 20, 10, 61
"c:\Users\makib\Documents\EntornosVirtuales\BaseDeDatosSalonDeBelleza\venv\Lib\site-packages\_pyinstaller_hooks_contrib\stdhooks\hook-clr_loader.py", "Python", 4, 0, 0, 0, 0, 16, 3, 23
"c:\Users\makib\Documents\EntornosVirtuales\BaseDeDatosSalonDeBelleza\venv\Lib\site-packages\_pyinstaller_hooks_contrib\stdhooks\hook-cmocean.py", "Python", 2, 0, 0, 0, 0, 11, 3, 16
"c:\Users\makib\Documents\EntornosVirtuales\BaseDeDatosSalonDeBelleza\venv\Lib\site-packages\_pyinstaller_hooks_contrib\stdhooks\hook-compliance_checker.py", "Python", 4, 0, 0, 0, 0, 14, 5, 23
"c:\Users\makib\Documents\EntornosVirtuales\BaseDeDatosSalonDeBelleza\venv\Lib\site-packages\_pyinstaller_hooks_contrib\stdhooks\hook-comtypes.client.py", "Python", 9, 0, 0, 0, 0, 12, 2, 23
"c:\Users\makib\Documents\EntornosVirtuales\BaseDeDatosSalonDeBelleza\venv\Lib\site-packages\_pyinstaller_hooks_contrib\stdhooks\hook-countrycode.py", "Python", 2, 0, 0, 0, 0, 11, 3, 16
"c:\Users\makib\Documents\EntornosVirtuales\BaseDeDatosSalonDeBelleza\venv\Lib\site-packages\_pyinstaller_hooks_contrib\stdhooks\hook-countryinfo.py", "Python", 2, 0, 0, 0, 0, 11, 3, 16
"c:\Users\makib\Documents\EntornosVirtuales\BaseDeDatosSalonDeBelleza\venv\Lib\site-packages\_pyinstaller_hooks_contrib\stdhooks\hook-cryptography.py", "Python", 74, 0, 0, 0, 0, 37, 22, 133
"c:\Users\makib\Documents\EntornosVirtuales\BaseDeDatosSalonDeBelleza\venv\Lib\site-packages\_pyinstaller_hooks_contrib\stdhooks\hook-customtkinter.py", "Python", 2, 0, 0, 0, 0, 11, 2, 15
"c:\Users\makib\Documents\EntornosVirtuales\BaseDeDatosSalonDeBelleza\venv\Lib\site-packages\_pyinstaller_hooks_contrib\stdhooks\hook-cv2.py", "Python", 83, 0, 0, 0, 0, 60, 26, 169
"c:\Users\makib\Documents\EntornosVirtuales\BaseDeDatosSalonDeBelleza\venv\Lib\site-packages\_pyinstaller_hooks_contrib\stdhooks\hook-cx_Oracle.py", "Python", 1, 0, 0, 0, 0, 11, 2, 14
"c:\Users\makib\Documents\EntornosVirtuales\BaseDeDatosSalonDeBelleza\venv\Lib\site-packages\_pyinstaller_hooks_contrib\stdhooks\hook-cytoolz.itertoolz.py", "Python", 1, 0, 0, 0, 0, 13, 3, 17
"c:\Users\makib\Documents\EntornosVirtuales\BaseDeDatosSalonDeBelleza\venv\Lib\site-packages\_pyinstaller_hooks_contrib\stdhooks\hook-dash.py", "Python", 2, 0, 0, 0, 0, 11, 3, 16
"c:\Users\makib\Documents\EntornosVirtuales\BaseDeDatosSalonDeBelleza\venv\Lib\site-packages\_pyinstaller_hooks_contrib\stdhooks\hook-dash_bootstrap_components.py", "Python", 2, 0, 0, 0, 0, 11, 3, 16
"c:\Users\makib\Documents\EntornosVirtuales\BaseDeDatosSalonDeBelleza\venv\Lib\site-packages\_pyinstaller_hooks_contrib\stdhooks\hook-dash_core_components.py", "Python", 2, 0, 0, 0, 0, 11, 3, 16
"c:\Users\makib\Documents\EntornosVirtuales\BaseDeDatosSalonDeBelleza\venv\Lib\site-packages\_pyinstaller_hooks_contrib\stdhooks\hook-dash_html_components.py", "Python", 2, 0, 0, 0, 0, 11, 3, 16
"c:\Users\makib\Documents\EntornosVirtuales\BaseDeDatosSalonDeBelleza\venv\Lib\site-packages\_pyinstaller_hooks_contrib\stdhooks\hook-dash_renderer.py", "Python", 2, 0, 0, 0, 0, 11, 3, 16
"c:\Users\makib\Documents\EntornosVirtuales\BaseDeDatosSalonDeBelleza\venv\Lib\site-packages\_pyinstaller_hooks_contrib\stdhooks\hook-dash_table.py", "Python", 2, 0, 0, 0, 0, 11, 3, 16
"c:\Users\makib\Documents\EntornosVirtuales\BaseDeDatosSalonDeBelleza\venv\Lib\site-packages\_pyinstaller_hooks_contrib\stdhooks\hook-dash_uploader.py", "Python", 2, 0, 0, 0, 0, 11, 3, 16
"c:\Users\makib\Documents\EntornosVirtuales\BaseDeDatosSalonDeBelleza\venv\Lib\site-packages\_pyinstaller_hooks_contrib\stdhooks\hook-dask.py", "Python", 2, 0, 0, 0, 0, 15, 3, 20
"c:\Users\makib\Documents\EntornosVirtuales\BaseDeDatosSalonDeBelleza\venv\Lib\site-packages\_pyinstaller_hooks_contrib\stdhooks\hook-datasets.py", "Python", 1, 0, 0, 0, 0, 12, 2, 15
"c:\Users\makib\Documents\EntornosVirtuales\BaseDeDatosSalonDeBelleza\venv\Lib\site-packages\_pyinstaller_hooks_contrib\stdhooks\hook-dateparser.utils.strptime.py", "Python", 2, 0, 0, 0, 0, 12, 4, 18
"c:\Users\makib\Documents\EntornosVirtuales\BaseDeDatosSalonDeBelleza\venv\Lib\site-packages\_pyinstaller_hooks_contrib\stdhooks\hook-dateutil.py", "Python", 2, 0, 0, 0, 0, 11, 3, 16
"c:\Users\makib\Documents\EntornosVirtuales\BaseDeDatosSalonDeBelleza\venv\Lib\site-packages\_pyinstaller_hooks_contrib\stdhooks\hook-dbus_fast.py", "Python", 2, 0, 0, 0, 0, 12, 3, 17
"c:\Users\makib\Documents\EntornosVirtuales\BaseDeDatosSalonDeBelleza\venv\Lib\site-packages\_pyinstaller_hooks_contrib\stdhooks\hook-dclab.py", "Python", 2, 0, 0, 0, 0, 12, 4, 18
"c:\Users\makib\Documents\EntornosVirtuales\BaseDeDatosSalonDeBelleza\venv\Lib\site-packages\_pyinstaller_hooks_contrib\stdhooks\hook-detectron2.py", "Python", 1, 0, 0, 0, 0, 12, 2, 15
"c:\Users\makib\Documents\EntornosVirtuales\BaseDeDatosSalonDeBelleza\venv\Lib\site-packages\_pyinstaller_hooks_contrib\stdhooks\hook-discid.py", "Python", 20, 0, 0, 0, 0, 14, 7, 41
"c:\Users\makib\Documents\EntornosVirtuales\BaseDeDatosSalonDeBelleza\venv\Lib\site-packages\_pyinstaller_hooks_contrib\stdhooks\hook-distorm3.py", "Python", 2, 0, 0, 0, 0, 14, 4, 20
"c:\Users\makib\Documents\EntornosVirtuales\BaseDeDatosSalonDeBelleza\venv\Lib\site-packages\_pyinstaller_hooks_contrib\stdhooks\hook-distributed.py", "Python", 6, 0, 0, 0, 0, 19, 5, 30
"c:\Users\makib\Documents\EntornosVirtuales\BaseDeDatosSalonDeBelleza\venv\Lib\site-packages\_pyinstaller_hooks_contrib\stdhooks\hook-dns.rdata.py", "Python", 2, 0, 0, 0, 0, 12, 4, 18
"c:\Users\makib\Documents\EntornosVirtuales\BaseDeDatosSalonDeBelleza\venv\Lib\site-packages\_pyinstaller_hooks_contrib\stdhooks\hook-docutils.py", "Python", 6, 0, 0, 0, 0, 11, 3, 20
"c:\Users\makib\Documents\EntornosVirtuales\BaseDeDatosSalonDeBelleza\venv\Lib\site-packages\_pyinstaller_hooks_contrib\stdhooks\hook-docx.py", "Python", 2, 0, 0, 0, 0, 11, 3, 16
"c:\Users\makib\Documents\EntornosVirtuales\BaseDeDatosSalonDeBelleza\venv\Lib\site-packages\_pyinstaller_hooks_contrib\stdhooks\hook-docx2pdf.py", "Python", 3, 0, 0, 0, 0, 12, 4, 19
"c:\Users\makib\Documents\EntornosVirtuales\BaseDeDatosSalonDeBelleza\venv\Lib\site-packages\_pyinstaller_hooks_contrib\stdhooks\hook-dynaconf.py", "Python", 3, 0, 0, 0, 0, 11, 2, 16
"c:\Users\makib\Documents\EntornosVirtuales\BaseDeDatosSalonDeBelleza\venv\Lib\site-packages\_pyinstaller_hooks_contrib\stdhooks\hook-easyocr.py", "Python", 12, 0, 0, 0, 0, 1, 6, 19
"c:\Users\makib\Documents\EntornosVirtuales\BaseDeDatosSalonDeBelleza\venv\Lib\site-packages\_pyinstaller_hooks_contrib\stdhooks\hook-eel.py", "Python", 3, 0, 0, 0, 0, 11, 3, 17
"c:\Users\makib\Documents\EntornosVirtuales\BaseDeDatosSalonDeBelleza\venv\Lib\site-packages\_pyinstaller_hooks_contrib\stdhooks\hook-emoji.py", "Python", 2, 0, 0, 0, 0, 11, 3, 16
"c:\Users\makib\Documents\EntornosVirtuales\BaseDeDatosSalonDeBelleza\venv\Lib\site-packages\_pyinstaller_hooks_contrib\stdhooks\hook-enchant.py", "Python", 30, 0, 0, 0, 0, 27, 9, 66
"c:\Users\makib\Documents\EntornosVirtuales\BaseDeDatosSalonDeBelleza\venv\Lib\site-packages\_pyinstaller_hooks_contrib\stdhooks\hook-eng_to_ipa.py", "Python", 2, 0, 0, 0, 0, 11, 3, 16
"c:\Users\makib\Documents\EntornosVirtuales\BaseDeDatosSalonDeBelleza\venv\Lib\site-packages\_pyinstaller_hooks_contrib\stdhooks\hook-ens.py", "Python", 2, 0, 0, 0, 0, 11, 3, 16
"c:\Users\makib\Documents\EntornosVirtuales\BaseDeDatosSalonDeBelleza\venv\Lib\site-packages\_pyinstaller_hooks_contrib\stdhooks\hook-enzyme.parsers.ebml.core.py", "Python", 9, 0, 0, 0, 0, 13, 4, 26
"c:\Users\makib\Documents\EntornosVirtuales\BaseDeDatosSalonDeBelleza\venv\Lib\site-packages\_pyinstaller_hooks_contrib\stdhooks\hook-eth_abi.py", "Python", 2, 0, 0, 0, 0, 11, 3, 16
"c:\Users\makib\Documents\EntornosVirtuales\BaseDeDatosSalonDeBelleza\venv\Lib\site-packages\_pyinstaller_hooks_contrib\stdhooks\hook-eth_account.py", "Python", 2, 0, 0, 0, 0, 11, 3, 16
"c:\Users\makib\Documents\EntornosVirtuales\BaseDeDatosSalonDeBelleza\venv\Lib\site-packages\_pyinstaller_hooks_contrib\stdhooks\hook-eth_hash.py", "Python", 4, 0, 0, 0, 0, 13, 4, 21
"c:\Users\makib\Documents\EntornosVirtuales\BaseDeDatosSalonDeBelleza\venv\Lib\site-packages\_pyinstaller_hooks_contrib\stdhooks\hook-eth_keyfile.py", "Python", 2, 0, 0, 0, 0, 11, 3, 16
"c:\Users\makib\Documents\EntornosVirtuales\BaseDeDatosSalonDeBelleza\venv\Lib\site-packages\_pyinstaller_hooks_contrib\stdhooks\hook-eth_keys.py", "Python", 3, 0, 0, 0, 0, 12, 3, 18
"c:\Users\makib\Documents\EntornosVirtuales\BaseDeDatosSalonDeBelleza\venv\Lib\site-packages\_pyinstaller_hooks_contrib\stdhooks\hook-eth_rlp.py", "Python", 3, 0, 0, 0, 0, 12, 3, 18
"c:\Users\makib\Documents\EntornosVirtuales\BaseDeDatosSalonDeBelleza\venv\Lib\site-packages\_pyinstaller_hooks_contrib\stdhooks\hook-eth_typing.py", "Python", 2, 0, 0, 0, 0, 12, 3, 17
"c:\Users\makib\Documents\EntornosVirtuales\BaseDeDatosSalonDeBelleza\venv\Lib\site-packages\_pyinstaller_hooks_contrib\stdhooks\hook-eth_utils.network.py", "Python", 2, 0, 0, 0, 0, 11, 3, 16
"c:\Users\makib\Documents\EntornosVirtuales\BaseDeDatosSalonDeBelleza\venv\Lib\site-packages\_pyinstaller_hooks_contrib\stdhooks\hook-eth_utils.py", "Python", 2, 0, 0, 0, 0, 11, 3, 16
"c:\Users\makib\Documents\EntornosVirtuales\BaseDeDatosSalonDeBelleza\venv\Lib\site-packages\_pyinstaller_hooks_contrib\stdhooks\hook-exchangelib.py", "Python", 1, 0, 0, 0, 0, 11, 1, 13
"c:\Users\makib\Documents\EntornosVirtuales\BaseDeDatosSalonDeBelleza\venv\Lib\site-packages\_pyinstaller_hooks_contrib\stdhooks\hook-fabric.py", "Python", 2, 0, 0, 0, 0, 18, 3, 23
"c:\Users\makib\Documents\EntornosVirtuales\BaseDeDatosSalonDeBelleza\venv\Lib\site-packages\_pyinstaller_hooks_contrib\stdhooks\hook-fairscale.py", "Python", 1, 0, 0, 0, 0, 12, 2, 15
"c:\Users\makib\Documents\EntornosVirtuales\BaseDeDatosSalonDeBelleza\venv\Lib\site-packages\_pyinstaller_hooks_contrib\stdhooks\hook-faker.py", "Python", 6, 0, 0, 0, 0, 11, 3, 20
"c:\Users\makib\Documents\EntornosVirtuales\BaseDeDatosSalonDeBelleza\venv\Lib\site-packages\_pyinstaller_hooks_contrib\stdhooks\hook-falcon.py", "Python", 24, 0, 0, 0, 0, 13, 5, 42
"c:\Users\makib\Documents\EntornosVirtuales\BaseDeDatosSalonDeBelleza\venv\Lib\site-packages\_pyinstaller_hooks_contrib\stdhooks\hook-fastai.py", "Python", 1, 0, 0, 0, 0, 12, 2, 15
"c:\Users\makib\Documents\EntornosVirtuales\BaseDeDatosSalonDeBelleza\venv\Lib\site-packages\_pyinstaller_hooks_contrib\stdhooks\hook-fastparquet.py", "Python", 11, 0, 0, 0, 0, 19, 3, 33
"c:\Users\makib\Documents\EntornosVirtuales\BaseDeDatosSalonDeBelleza\venv\Lib\site-packages\_pyinstaller_hooks_contrib\stdhooks\hook-ffpyplayer.py", "Python", 5, 0, 0, 0, 0, 12, 3, 20
"c:\Users\makib\Documents\EntornosVirtuales\BaseDeDatosSalonDeBelleza\venv\Lib\site-packages\_pyinstaller_hooks_contrib\stdhooks\hook-fiona.py", "Python", 9, 0, 0, 0, 0, 13, 5, 27
"c:\Users\makib\Documents\EntornosVirtuales\BaseDeDatosSalonDeBelleza\venv\Lib\site-packages\_pyinstaller_hooks_contrib\stdhooks\hook-flask_compress.py", "Python", 2, 0, 0, 0, 0, 11, 3, 16
"c:\Users\makib\Documents\EntornosVirtuales\BaseDeDatosSalonDeBelleza\venv\Lib\site-packages\_pyinstaller_hooks_contrib\stdhooks\hook-flask_restx.py", "Python", 2, 0, 0, 0, 0, 11, 2, 15
"c:\Users\makib\Documents\EntornosVirtuales\BaseDeDatosSalonDeBelleza\venv\Lib\site-packages\_pyinstaller_hooks_contrib\stdhooks\hook-flex.py", "Python", 2, 0, 0, 0, 0, 12, 4, 18
"c:\Users\makib\Documents\EntornosVirtuales\BaseDeDatosSalonDeBelleza\venv\Lib\site-packages\_pyinstaller_hooks_contrib\stdhooks\hook-flirpy.py", "Python", 6, 0, 0, 0, 0, 11, 3, 20
"c:\Users\makib\Documents\EntornosVirtuales\BaseDeDatosSalonDeBelleza\venv\Lib\site-packages\_pyinstaller_hooks_contrib\stdhooks\hook-fmpy.py", "Python", 10, 0, 0, 0, 0, 11, 5, 26
"c:\Users\makib\Documents\EntornosVirtuales\BaseDeDatosSalonDeBelleza\venv\Lib\site-packages\_pyinstaller_hooks_contrib\stdhooks\hook-folium.py", "Python", 2, 0, 0, 0, 0, 12, 3, 17
"c:\Users\makib\Documents\EntornosVirtuales\BaseDeDatosSalonDeBelleza\venv\Lib\site-packages\_pyinstaller_hooks_contrib\stdhooks\hook-freetype.py", "Python", 2, 0, 0, 0, 0, 12, 3, 17
"c:\Users\makib\Documents\EntornosVirtuales\BaseDeDatosSalonDeBelleza\venv\Lib\site-packages\_pyinstaller_hooks_contrib\stdhooks\hook-frictionless.py", "Python", 3, 0, 0, 0, 0, 13, 4, 20
"c:\Users\makib\Documents\EntornosVirtuales\BaseDeDatosSalonDeBelleza\venv\Lib\site-packages\_pyinstaller_hooks_contrib\stdhooks\hook-fsspec.py", "Python", 2, 0, 0, 0, 0, 11, 3, 16
"c:\Users\makib\Documents\EntornosVirtuales\BaseDeDatosSalonDeBelleza\venv\Lib\site-packages\_pyinstaller_hooks_contrib\stdhooks\hook-fvcore.nn.py", "Python", 1, 0, 0, 0, 0, 12, 2, 15
"c:\Users\makib\Documents\EntornosVirtuales\BaseDeDatosSalonDeBelleza\venv\Lib\site-packages\_pyinstaller_hooks_contrib\stdhooks\hook-gadfly.py", "Python", 1, 0, 0, 0, 0, 11, 2, 14
"c:\Users\makib\Documents\EntornosVirtuales\BaseDeDatosSalonDeBelleza\venv\Lib\site-packages\_pyinstaller_hooks_contrib\stdhooks\hook-gbulb.py", "Python", 1, 0, 0, 0, 0, 12, 2, 15
"c:\Users\makib\Documents\EntornosVirtuales\BaseDeDatosSalonDeBelleza\venv\Lib\site-packages\_pyinstaller_hooks_contrib\stdhooks\hook-gcloud.py", "Python", 5, 0, 0, 0, 0, 14, 3, 22
"c:\Users\makib\Documents\EntornosVirtuales\BaseDeDatosSalonDeBelleza\venv\Lib\site-packages\_pyinstaller_hooks_contrib\stdhooks\hook-geopandas.py", "Python", 2, 0, 0, 0, 0, 11, 3, 16
"c:\Users\makib\Documents\EntornosVirtuales\BaseDeDatosSalonDeBelleza\venv\Lib\site-packages\_pyinstaller_hooks_contrib\stdhooks\hook-gitlab.py", "Python", 2, 0, 0, 0, 0, 18, 3, 23
"c:\Users\makib\Documents\EntornosVirtuales\BaseDeDatosSalonDeBelleza\venv\Lib\site-packages\_pyinstaller_hooks_contrib\stdhooks\hook-gmplot.py", "Python", 2, 0, 0, 0, 0, 11, 3, 16
"c:\Users\makib\Documents\EntornosVirtuales\BaseDeDatosSalonDeBelleza\venv\Lib\site-packages\_pyinstaller_hooks_contrib\stdhooks\hook-gmsh.py", "Python", 11, 0, 0, 0, 0, 13, 5, 29
"c:\Users\makib\Documents\EntornosVirtuales\BaseDeDatosSalonDeBelleza\venv\Lib\site-packages\_pyinstaller_hooks_contrib\stdhooks\hook-gooey.py", "Python", 5, 0, 0, 0, 0, 11, 3, 19
"c:\Users\makib\Documents\EntornosVirtuales\BaseDeDatosSalonDeBelleza\venv\Lib\site-packages\_pyinstaller_hooks_contrib\stdhooks\hook-google.api_core.py", "Python", 2, 0, 0, 0, 0, 11, 3, 16
"c:\Users\makib\Documents\EntornosVirtuales\BaseDeDatosSalonDeBelleza\venv\Lib\site-packages\_pyinstaller_hooks_contrib\stdhooks\hook-google.cloud.bigquery.py", "Python", 3, 0, 0, 0, 0, 12, 2, 17
"c:\Users\makib\Documents\EntornosVirtuales\BaseDeDatosSalonDeBelleza\venv\Lib\site-packages\_pyinstaller_hooks_contrib\stdhooks\hook-google.cloud.core.py", "Python", 2, 0, 0, 0, 0, 11, 3, 16
"c:\Users\makib\Documents\EntornosVirtuales\BaseDeDatosSalonDeBelleza\venv\Lib\site-packages\_pyinstaller_hooks_contrib\stdhooks\hook-google.cloud.kms_v1.py", "Python", 2, 0, 0, 0, 0, 14, 4, 20
"c:\Users\makib\Documents\EntornosVirtuales\BaseDeDatosSalonDeBelleza\venv\Lib\site-packages\_pyinstaller_hooks_contrib\stdhooks\hook-google.cloud.pubsub_v1.py", "Python", 2, 0, 0, 0, 0, 11, 3, 16
"c:\Users\makib\Documents\EntornosVirtuales\BaseDeDatosSalonDeBelleza\venv\Lib\site-packages\_pyinstaller_hooks_contrib\stdhooks\hook-google.cloud.speech.py", "Python", 2, 0, 0, 0, 0, 11, 3, 16
"c:\Users\makib\Documents\EntornosVirtuales\BaseDeDatosSalonDeBelleza\venv\Lib\site-packages\_pyinstaller_hooks_contrib\stdhooks\hook-google.cloud.storage.py", "Python", 2, 0, 0, 0, 0, 11, 3, 16
"c:\Users\makib\Documents\EntornosVirtuales\BaseDeDatosSalonDeBelleza\venv\Lib\site-packages\_pyinstaller_hooks_contrib\stdhooks\hook-google.cloud.translate.py", "Python", 2, 0, 0, 0, 0, 11, 3, 16
"c:\Users\makib\Documents\EntornosVirtuales\BaseDeDatosSalonDeBelleza\venv\Lib\site-packages\_pyinstaller_hooks_contrib\stdhooks\hook-googleapiclient.model.py", "Python", 4, 0, 0, 0, 0, 14, 3, 21
"c:\Users\makib\Documents\EntornosVirtuales\BaseDeDatosSalonDeBelleza\venv\Lib\site-packages\_pyinstaller_hooks_contrib\stdhooks\hook-grapheme.py", "Python", 2, 0, 0, 0, 0, 11, 3, 16
"c:\Users\makib\Documents\EntornosVirtuales\BaseDeDatosSalonDeBelleza\venv\Lib\site-packages\_pyinstaller_hooks_contrib\stdhooks\hook-graphql_query.py", "Python", 5, 0, 0, 0, 0, 11, 3, 19
"c:\Users\makib\Documents\EntornosVirtuales\BaseDeDatosSalonDeBelleza\venv\Lib\site-packages\_pyinstaller_hooks_contrib\stdhooks\hook-great_expectations.py", "Python", 2, 0, 0, 0, 0, 11, 3, 16
"c:\Users\makib\Documents\EntornosVirtuales\BaseDeDatosSalonDeBelleza\venv\Lib\site-packages\_pyinstaller_hooks_contrib\stdhooks\hook-gribapi.py", "Python", 41, 0, 0, 0, 0, 28, 15, 84
"c:\Users\makib\Documents\EntornosVirtuales\BaseDeDatosSalonDeBelleza\venv\Lib\site-packages\_pyinstaller_hooks_contrib\stdhooks\hook-grpc.py", "Python", 2, 0, 0, 0, 0, 11, 3, 16
"c:\Users\makib\Documents\EntornosVirtuales\BaseDeDatosSalonDeBelleza\venv\Lib\site-packages\_pyinstaller_hooks_contrib\stdhooks\hook-gst._gst.py", "Python", 21, 0, 0, 0, 0, 17, 8, 46
"c:\Users\makib\Documents\EntornosVirtuales\BaseDeDatosSalonDeBelleza\venv\Lib\site-packages\_pyinstaller_hooks_contrib\stdhooks\hook-gtk.py", "Python", 4, 0, 0, 0, 0, 11, 2, 17
"c:\Users\makib\Documents\EntornosVirtuales\BaseDeDatosSalonDeBelleza\venv\Lib\site-packages\_pyinstaller_hooks_contrib\stdhooks\hook-h3.py", "Python", 3, 0, 0, 0, 0, 12, 3, 18
"c:\Users\makib\Documents\EntornosVirtuales\BaseDeDatosSalonDeBelleza\venv\Lib\site-packages\_pyinstaller_hooks_contrib\stdhooks\hook-h5py.py", "Python", 5, 0, 0, 0, 0, 11, 3, 19
"c:\Users\makib\Documents\EntornosVirtuales\BaseDeDatosSalonDeBelleza\venv\Lib\site-packages\_pyinstaller_hooks_contrib\stdhooks\hook-hdf5plugin.py", "Python", 2, 0, 0, 0, 0, 12, 4, 18
"c:\Users\makib\Documents\EntornosVirtuales\BaseDeDatosSalonDeBelleza\venv\Lib\site-packages\_pyinstaller_hooks_contrib\stdhooks\hook-hexbytes.py", "Python", 3, 0, 0, 0, 0, 12, 3, 18
"c:\Users\makib\Documents\EntornosVirtuales\BaseDeDatosSalonDeBelleza\venv\Lib\site-packages\_pyinstaller_hooks_contrib\stdhooks\hook-httplib2.py", "Python", 2, 0, 0, 0, 0, 12, 4, 18
"c:\Users\makib\Documents\EntornosVirtuales\BaseDeDatosSalonDeBelleza\venv\Lib\site-packages\_pyinstaller_hooks_contrib\stdhooks\hook-humanize.py", "Python", 8, 0, 0, 0, 0, 11, 5, 24
"c:\Users\makib\Documents\EntornosVirtuales\BaseDeDatosSalonDeBelleza\venv\Lib\site-packages\_pyinstaller_hooks_contrib\stdhooks\hook-hydra.py", "Python", 9, 0, 0, 0, 0, 23, 5, 37
"c:\Users\makib\Documents\EntornosVirtuales\BaseDeDatosSalonDeBelleza\venv\Lib\site-packages\_pyinstaller_hooks_contrib\stdhooks\hook-ijson.py", "Python", 2, 0, 0, 0, 0, 11, 3, 16
"c:\Users\makib\Documents\EntornosVirtuales\BaseDeDatosSalonDeBelleza\venv\Lib\site-packages\_pyinstaller_hooks_contrib\stdhooks\hook-imageio.py", "Python", 3, 0, 0, 0, 0, 14, 5, 22
"c:\Users\makib\Documents\EntornosVirtuales\BaseDeDatosSalonDeBelleza\venv\Lib\site-packages\_pyinstaller_hooks_contrib\stdhooks\hook-imageio_ffmpeg.py", "Python", 4, 0, 0, 0, 0, 14, 5, 23
"c:\Users\makib\Documents\EntornosVirtuales\BaseDeDatosSalonDeBelleza\venv\Lib\site-packages\_pyinstaller_hooks_contrib\stdhooks\hook-iminuit.py", "Python", 5, 0, 0, 0, 0, 15, 6, 26
"c:\Users\makib\Documents\EntornosVirtuales\BaseDeDatosSalonDeBelleza\venv\Lib\site-packages\_pyinstaller_hooks_contrib\stdhooks\hook-intake.py", "Python", 2, 0, 0, 0, 0, 11, 3, 16
"c:\Users\makib\Documents\EntornosVirtuales\BaseDeDatosSalonDeBelleza\venv\Lib\site-packages\_pyinstaller_hooks_contrib\stdhooks\hook-iso639.py", "Python", 2, 0, 0, 0, 0, 12, 3, 17
"c:\Users\makib\Documents\EntornosVirtuales\BaseDeDatosSalonDeBelleza\venv\Lib\site-packages\_pyinstaller_hooks_contrib\stdhooks\hook-itk.py", "Python", 5, 0, 0, 0, 0, 13, 4, 22
"c:\Users\makib\Documents\EntornosVirtuales\BaseDeDatosSalonDeBelleza\venv\Lib\site-packages\_pyinstaller_hooks_contrib\stdhooks\hook-jaraco.text.py", "Python", 2, 0, 0, 0, 0, 12, 4, 18
"c:\Users\makib\Documents\EntornosVirtuales\BaseDeDatosSalonDeBelleza\venv\Lib\site-packages\_pyinstaller_hooks_contrib\stdhooks\hook-jedi.py", "Python", 2, 0, 0, 0, 0, 12, 4, 18
"c:\Users\makib\Documents\EntornosVirtuales\BaseDeDatosSalonDeBelleza\venv\Lib\site-packages\_pyinstaller_hooks_contrib\stdhooks\hook-jieba.py", "Python", 2, 0, 0, 0, 0, 11, 3, 16
"c:\Users\makib\Documents\EntornosVirtuales\BaseDeDatosSalonDeBelleza\venv\Lib\site-packages\_pyinstaller_hooks_contrib\stdhooks\hook-jinja2.py", "Python", 1, 0, 0, 0, 0, 11, 2, 14
"c:\Users\makib\Documents\EntornosVirtuales\BaseDeDatosSalonDeBelleza\venv\Lib\site-packages\_pyinstaller_hooks_contrib\stdhooks\hook-jinxed.py", "Python", 3, 0, 0, 0, 0, 11, 2, 16
"c:\Users\makib\Documents\EntornosVirtuales\BaseDeDatosSalonDeBelleza\venv\Lib\site-packages\_pyinstaller_hooks_contrib\stdhooks\hook-jira.py", "Python", 6, 0, 0, 0, 0, 11, 3, 20
"c:\Users\makib\Documents\EntornosVirtuales\BaseDeDatosSalonDeBelleza\venv\Lib\site-packages\_pyinstaller_hooks_contrib\stdhooks\hook-jsonpath_rw_ext.py", "Python", 2, 0, 0, 0, 0, 11, 3, 16
"c:\Users\makib\Documents\EntornosVirtuales\BaseDeDatosSalonDeBelleza\venv\Lib\site-packages\_pyinstaller_hooks_contrib\stdhooks\hook-jsonrpcserver.py", "Python", 2, 0, 0, 0, 0, 13, 4, 19
"c:\Users\makib\Documents\EntornosVirtuales\BaseDeDatosSalonDeBelleza\venv\Lib\site-packages\_pyinstaller_hooks_contrib\stdhooks\hook-jsonschema.py", "Python", 3, 0, 0, 0, 0, 14, 4, 21
"c:\Users\makib\Documents\EntornosVirtuales\BaseDeDatosSalonDeBelleza\venv\Lib\site-packages\_pyinstaller_hooks_contrib\stdhooks\hook-jsonschema_specifications.py", "Python", 2, 0, 0, 0, 0, 11, 2, 15
"c:\Users\makib\Documents\EntornosVirtuales\BaseDeDatosSalonDeBelleza\venv\Lib\site-packages\_pyinstaller_hooks_contrib\stdhooks\hook-jupyterlab.py", "Python", 2, 0, 0, 0, 0, 11, 3, 16
"c:\Users\makib\Documents\EntornosVirtuales\BaseDeDatosSalonDeBelleza\venv\Lib\site-packages\_pyinstaller_hooks_contrib\stdhooks\hook-kaleido.py", "Python", 2, 0, 0, 0, 0, 11, 3, 16
"c:\Users\makib\Documents\EntornosVirtuales\BaseDeDatosSalonDeBelleza\venv\Lib\site-packages\_pyinstaller_hooks_contrib\stdhooks\hook-khmernltk.py", "Python", 3, 0, 0, 0, 0, 11, 3, 17
"c:\Users\makib\Documents\EntornosVirtuales\BaseDeDatosSalonDeBelleza\venv\Lib\site-packages\_pyinstaller_hooks_contrib\stdhooks\hook-kinterbasdb.py", "Python", 6, 0, 0, 0, 0, 12, 2, 20
"c:\Users\makib\Documents\EntornosVirtuales\BaseDeDatosSalonDeBelleza\venv\Lib\site-packages\_pyinstaller_hooks_contrib\stdhooks\hook-langchain.py", "Python", 7, 0, 0, 0, 0, 14, 5, 26
"c:\Users\makib\Documents\EntornosVirtuales\BaseDeDatosSalonDeBelleza\venv\Lib\site-packages\_pyinstaller_hooks_contrib\stdhooks\hook-langcodes.py", "Python", 2, 0, 0, 0, 0, 11, 3, 16
"c:\Users\makib\Documents\EntornosVirtuales\BaseDeDatosSalonDeBelleza\venv\Lib\site-packages\_pyinstaller_hooks_contrib\stdhooks\hook-langdetect.py", "Python", 2, 0, 0, 0, 0, 11, 3, 16
"c:\Users\makib\Documents\EntornosVirtuales\BaseDeDatosSalonDeBelleza\venv\Lib\site-packages\_pyinstaller_hooks_contrib\stdhooks\hook-laonlp.py", "Python", 2, 0, 0, 0, 0, 11, 3, 16
"c:\Users\makib\Documents\EntornosVirtuales\BaseDeDatosSalonDeBelleza\venv\Lib\site-packages\_pyinstaller_hooks_contrib\stdhooks\hook-lark.py", "Python", 2, 0, 0, 0, 0, 11, 3, 16
"c:\Users\makib\Documents\EntornosVirtuales\BaseDeDatosSalonDeBelleza\venv\Lib\site-packages\_pyinstaller_hooks_contrib\stdhooks\hook-ldfparser.py", "Python", 2, 0, 0, 0, 0, 11, 3, 16
"c:\Users\makib\Documents\EntornosVirtuales\BaseDeDatosSalonDeBelleza\venv\Lib\site-packages\_pyinstaller_hooks_contrib\stdhooks\hook-lensfunpy.py", "Python", 3, 0, 0, 0, 0, 12, 2, 17
"c:\Users\makib\Documents\EntornosVirtuales\BaseDeDatosSalonDeBelleza\venv\Lib\site-packages\_pyinstaller_hooks_contrib\stdhooks\hook-libaudioverse.py", "Python", 5, 0, 0, 0, 0, 11, 3, 19
"c:\Users\makib\Documents\EntornosVirtuales\BaseDeDatosSalonDeBelleza\venv\Lib\site-packages\_pyinstaller_hooks_contrib\stdhooks\hook-librosa.py", "Python", 3, 0, 0, 0, 0, 19, 4, 26
"c:\Users\makib\Documents\EntornosVirtuales\BaseDeDatosSalonDeBelleza\venv\Lib\site-packages\_pyinstaller_hooks_contrib\stdhooks\hook-lightgbm.py", "Python", 4, 0, 0, 0, 0, 21, 3, 28
"c:\Users\makib\Documents\EntornosVirtuales\BaseDeDatosSalonDeBelleza\venv\Lib\site-packages\_pyinstaller_hooks_contrib\stdhooks\hook-lightning.py", "Python", 5, 0, 0, 0, 0, 14, 3, 22
"c:\Users\makib\Documents\EntornosVirtuales\BaseDeDatosSalonDeBelleza\venv\Lib\site-packages\_pyinstaller_hooks_contrib\stdhooks\hook-limits.py", "Python", 2, 0, 0, 0, 0, 11, 3, 16
"c:\Users\makib\Documents\EntornosVirtuales\BaseDeDatosSalonDeBelleza\venv\Lib\site-packages\_pyinstaller_hooks_contrib\stdhooks\hook-linear_operator.py", "Python", 1, 0, 0, 0, 0, 12, 2, 15
"c:\Users\makib\Documents\EntornosVirtuales\BaseDeDatosSalonDeBelleza\venv\Lib\site-packages\_pyinstaller_hooks_contrib\stdhooks\hook-lingua.py", "Python", 2, 0, 0, 0, 0, 11, 3, 16
"c:\Users\makib\Documents\EntornosVirtuales\BaseDeDatosSalonDeBelleza\venv\Lib\site-packages\_pyinstaller_hooks_contrib\stdhooks\hook-litestar.py", "Python", 2, 0, 0, 0, 0, 11, 2, 15
"c:\Users\makib\Documents\EntornosVirtuales\BaseDeDatosSalonDeBelleza\venv\Lib\site-packages\_pyinstaller_hooks_contrib\stdhooks\hook-llvmlite.py", "Python", 2, 0, 0, 0, 0, 17, 3, 22
"c:\Users\makib\Documents\EntornosVirtuales\BaseDeDatosSalonDeBelleza\venv\Lib\site-packages\_pyinstaller_hooks_contrib\stdhooks\hook-logilab.py", "Python", 2, 0, 0, 0, 0, 23, 2, 27
"c:\Users\makib\Documents\EntornosVirtuales\BaseDeDatosSalonDeBelleza\venv\Lib\site-packages\_pyinstaller_hooks_contrib\stdhooks\hook-lxml.etree.py", "Python", 1, 0, 0, 0, 0, 11, 2, 14
"c:\Users\makib\Documents\EntornosVirtuales\BaseDeDatosSalonDeBelleza\venv\Lib\site-packages\_pyinstaller_hooks_contrib\stdhooks\hook-lxml.isoschematron.py", "Python", 3, 0, 0, 0, 0, 12, 3, 18
"c:\Users\makib\Documents\EntornosVirtuales\BaseDeDatosSalonDeBelleza\venv\Lib\site-packages\_pyinstaller_hooks_contrib\stdhooks\hook-lxml.objectify.py", "Python", 1, 0, 0, 0, 0, 11, 2, 14
"c:\Users\makib\Documents\EntornosVirtuales\BaseDeDatosSalonDeBelleza\venv\Lib\site-packages\_pyinstaller_hooks_contrib\stdhooks\hook-lxml.py", "Python", 2, 0, 0, 0, 0, 16, 3, 21
"c:\Users\makib\Documents\EntornosVirtuales\BaseDeDatosSalonDeBelleza\venv\Lib\site-packages\_pyinstaller_hooks_contrib\stdhooks\hook-lz4.py", "Python", 2, 0, 0, 0, 0, 12, 3, 17
"c:\Users\makib\Documents\EntornosVirtuales\BaseDeDatosSalonDeBelleza\venv\Lib\site-packages\_pyinstaller_hooks_contrib\stdhooks\hook-magic.py", "Python", 3, 0, 0, 0, 0, 12, 4, 19
"c:\Users\makib\Documents\EntornosVirtuales\BaseDeDatosSalonDeBelleza\venv\Lib\site-packages\_pyinstaller_hooks_contrib\stdhooks\hook-mako.codegen.py", "Python", 5, 0, 0, 0, 0, 11, 2, 18
"c:\Users\makib\Documents\EntornosVirtuales\BaseDeDatosSalonDeBelleza\venv\Lib\site-packages\_pyinstaller_hooks_contrib\stdhooks\hook-mariadb.py", "Python", 4, 0, 0, 0, 0, 18, 4, 26
"c:\Users\makib\Documents\EntornosVirtuales\BaseDeDatosSalonDeBelleza\venv\Lib\site-packages\_pyinstaller_hooks_contrib\stdhooks\hook-markdown.py", "Python", 9, 0, 0, 0, 0, 15, 5, 29
"c:\Users\makib\Documents\EntornosVirtuales\BaseDeDatosSalonDeBelleza\venv\Lib\site-packages\_pyinstaller_hooks_contrib\stdhooks\hook-mecab.py", "Python", 3, 0, 0, 0, 0, 11, 3, 17
"c:\Users\makib\Documents\EntornosVirtuales\BaseDeDatosSalonDeBelleza\venv\Lib\site-packages\_pyinstaller_hooks_contrib\stdhooks\hook-metpy.py", "Python", 3, 0, 0, 0, 0, 15, 4, 22
"c:\Users\makib\Documents\EntornosVirtuales\BaseDeDatosSalonDeBelleza\venv\Lib\site-packages\_pyinstaller_hooks_contrib\stdhooks\hook-migrate.py", "Python", 3, 0, 0, 0, 0, 14, 3, 20
"c:\Users\makib\Documents\EntornosVirtuales\BaseDeDatosSalonDeBelleza\venv\Lib\site-packages\_pyinstaller_hooks_contrib\stdhooks\hook-mimesis.py", "Python", 2, 0, 0, 0, 0, 12, 4, 18
"c:\Users\makib\Documents\EntornosVirtuales\BaseDeDatosSalonDeBelleza\venv\Lib\site-packages\_pyinstaller_hooks_contrib\stdhooks\hook-minecraft_launcher_lib.py", "Python", 2, 0, 0, 0, 0, 11, 2, 15
"c:\Users\makib\Documents\EntornosVirtuales\BaseDeDatosSalonDeBelleza\venv\Lib\site-packages\_pyinstaller_hooks_contrib\stdhooks\hook-mistune.py", "Python", 3, 0, 0, 0, 0, 13, 4, 20
"c:\Users\makib\Documents\EntornosVirtuales\BaseDeDatosSalonDeBelleza\venv\Lib\site-packages\_pyinstaller_hooks_contrib\stdhooks\hook-mnemonic.py", "Python", 2, 0, 0, 0, 0, 11, 3, 16
"c:\Users\makib\Documents\EntornosVirtuales\BaseDeDatosSalonDeBelleza\venv\Lib\site-packages\_pyinstaller_hooks_contrib\stdhooks\hook-monai.py", "Python", 1, 0, 0, 0, 0, 12, 2, 15
"c:\Users\makib\Documents\EntornosVirtuales\BaseDeDatosSalonDeBelleza\venv\Lib\site-packages\_pyinstaller_hooks_contrib\stdhooks\hook-moviepy.audio.fx.all.py", "Python", 2, 0, 0, 0, 0, 13, 3, 18
"c:\Users\makib\Documents\EntornosVirtuales\BaseDeDatosSalonDeBelleza\venv\Lib\site-packages\_pyinstaller_hooks_contrib\stdhooks\hook-moviepy.video.fx.all.py", "Python", 2, 0, 0, 0, 0, 13, 3, 18
"c:\Users\makib\Documents\EntornosVirtuales\BaseDeDatosSalonDeBelleza\venv\Lib\site-packages\_pyinstaller_hooks_contrib\stdhooks\hook-mpl_toolkits.basemap.py", "Python", 13, 0, 0, 0, 0, 15, 9, 37
"c:\Users\makib\Documents\EntornosVirtuales\BaseDeDatosSalonDeBelleza\venv\Lib\site-packages\_pyinstaller_hooks_contrib\stdhooks\hook-msoffcrypto.py", "Python", 5, 0, 0, 0, 0, 11, 3, 19
"c:\Users\makib\Documents\EntornosVirtuales\BaseDeDatosSalonDeBelleza\venv\Lib\site-packages\_pyinstaller_hooks_contrib\stdhooks\hook-nacl.py", "Python", 12, 0, 0, 0, 0, 13, 6, 31
"c:\Users\makib\Documents\EntornosVirtuales\BaseDeDatosSalonDeBelleza\venv\Lib\site-packages\_pyinstaller_hooks_contrib\stdhooks\hook-names.py", "Python", 2, 0, 0, 0, 0, 13, 4, 19
"c:\Users\makib\Documents\EntornosVirtuales\BaseDeDatosSalonDeBelleza\venv\Lib\site-packages\_pyinstaller_hooks_contrib\stdhooks\hook-nanite.py", "Python", 2, 0, 0, 0, 0, 12, 4, 18
"c:\Users\makib\Documents\EntornosVirtuales\BaseDeDatosSalonDeBelleza\venv\Lib\site-packages\_pyinstaller_hooks_contrib\stdhooks\hook-narwhals.py", "Python", 6, 0, 0, 0, 0, 14, 3, 23
"c:\Users\makib\Documents\EntornosVirtuales\BaseDeDatosSalonDeBelleza\venv\Lib\site-packages\_pyinstaller_hooks_contrib\stdhooks\hook-nbconvert.py", "Python", 3, 0, 0, 0, 0, 12, 4, 19
"c:\Users\makib\Documents\EntornosVirtuales\BaseDeDatosSalonDeBelleza\venv\Lib\site-packages\_pyinstaller_hooks_contrib\stdhooks\hook-nbdime.py", "Python", 2, 0, 0, 0, 0, 11, 3, 16
"c:\Users\makib\Documents\EntornosVirtuales\BaseDeDatosSalonDeBelleza\venv\Lib\site-packages\_pyinstaller_hooks_contrib\stdhooks\hook-nbformat.py", "Python", 2, 0, 0, 0, 0, 11, 3, 16
"c:\Users\makib\Documents\EntornosVirtuales\BaseDeDatosSalonDeBelleza\venv\Lib\site-packages\_pyinstaller_hooks_contrib\stdhooks\hook-nbt.py", "Python", 1, 0, 0, 0, 0, 11, 1, 13
"c:\Users\makib\Documents\EntornosVirtuales\BaseDeDatosSalonDeBelleza\venv\Lib\site-packages\_pyinstaller_hooks_contrib\stdhooks\hook-ncclient.py", "Python", 8, 0, 0, 0, 0, 13, 3, 24
"c:\Users\makib\Documents\EntornosVirtuales\BaseDeDatosSalonDeBelleza\venv\Lib\site-packages\_pyinstaller_hooks_contrib\stdhooks\hook-netCDF4.py", "Python", 13, 0, 0, 0, 0, 19, 6, 38
"c:\Users\makib\Documents\EntornosVirtuales\BaseDeDatosSalonDeBelleza\venv\Lib\site-packages\_pyinstaller_hooks_contrib\stdhooks\hook-niquests.py", "Python", 2, 0, 0, 0, 0, 11, 3, 16
"c:\Users\makib\Documents\EntornosVirtuales\BaseDeDatosSalonDeBelleza\venv\Lib\site-packages\_pyinstaller_hooks_contrib\stdhooks\hook-nltk.py", "Python", 8, 0, 0, 0, 0, 15, 5, 28
"c:\Users\makib\Documents\EntornosVirtuales\BaseDeDatosSalonDeBelleza\venv\Lib\site-packages\_pyinstaller_hooks_contrib\stdhooks\hook-nnpy.py", "Python", 4, 0, 0, 0, 0, 11, 2, 17
"c:\Users\makib\Documents\EntornosVirtuales\BaseDeDatosSalonDeBelleza\venv\Lib\site-packages\_pyinstaller_hooks_contrib\stdhooks\hook-notebook.py", "Python", 10, 0, 0, 0, 0, 13, 5, 28
"c:\Users\makib\Documents\EntornosVirtuales\BaseDeDatosSalonDeBelleza\venv\Lib\site-packages\_pyinstaller_hooks_contrib\stdhooks\hook-numba.py", "Python", 24, 0, 0, 0, 0, 26, 5, 55
"c:\Users\makib\Documents\EntornosVirtuales\BaseDeDatosSalonDeBelleza\venv\Lib\site-packages\_pyinstaller_hooks_contrib\stdhooks\hook-numbers_parser.py", "Python", 2, 0, 0, 0, 0, 12, 3, 17
"c:\Users\makib\Documents\EntornosVirtuales\BaseDeDatosSalonDeBelleza\venv\Lib\site-packages\_pyinstaller_hooks_contrib\stdhooks\hook-numcodecs.py", "Python", 4, 0, 0, 0, 0, 13, 4, 21
"c:\Users\makib\Documents\EntornosVirtuales\BaseDeDatosSalonDeBelleza\venv\Lib\site-packages\_pyinstaller_hooks_contrib\stdhooks\hook-nvidia.cublas.py", "Python", 6, 0, 0, 0, 0, 11, 3, 20
"c:\Users\makib\Documents\EntornosVirtuales\BaseDeDatosSalonDeBelleza\venv\Lib\site-packages\_pyinstaller_hooks_contrib\stdhooks\hook-nvidia.cuda_cupti.py", "Python", 6, 0, 0, 0, 0, 11, 3, 20
"c:\Users\makib\Documents\EntornosVirtuales\BaseDeDatosSalonDeBelleza\venv\Lib\site-packages\_pyinstaller_hooks_contrib\stdhooks\hook-nvidia.cuda_nvcc.py", "Python", 8, 0, 0, 0, 0, 18, 5, 31
"c:\Users\makib\Documents\EntornosVirtuales\BaseDeDatosSalonDeBelleza\venv\Lib\site-packages\_pyinstaller_hooks_contrib\stdhooks\hook-nvidia.cuda_nvrtc.py", "Python", 6, 0, 0, 0, 0, 11, 3, 20
"c:\Users\makib\Documents\EntornosVirtuales\BaseDeDatosSalonDeBelleza\venv\Lib\site-packages\_pyinstaller_hooks_contrib\stdhooks\hook-nvidia.cuda_runtime.py", "Python", 6, 0, 0, 0, 0, 11, 3, 20
"c:\Users\makib\Documents\EntornosVirtuales\BaseDeDatosSalonDeBelleza\venv\Lib\site-packages\_pyinstaller_hooks_contrib\stdhooks\hook-nvidia.cudnn.py", "Python", 6, 0, 0, 0, 0, 11, 3, 20
"c:\Users\makib\Documents\EntornosVirtuales\BaseDeDatosSalonDeBelleza\venv\Lib\site-packages\_pyinstaller_hooks_contrib\stdhooks\hook-nvidia.cufft.py", "Python", 6, 0, 0, 0, 0, 11, 3, 20
"c:\Users\makib\Documents\EntornosVirtuales\BaseDeDatosSalonDeBelleza\venv\Lib\site-packages\_pyinstaller_hooks_contrib\stdhooks\hook-nvidia.curand.py", "Python", 6, 0, 0, 0, 0, 11, 3, 20
"c:\Users\makib\Documents\EntornosVirtuales\BaseDeDatosSalonDeBelleza\venv\Lib\site-packages\_pyinstaller_hooks_contrib\stdhooks\hook-nvidia.cusolver.py", "Python", 6, 0, 0, 0, 0, 11, 3, 20
"c:\Users\makib\Documents\EntornosVirtuales\BaseDeDatosSalonDeBelleza\venv\Lib\site-packages\_pyinstaller_hooks_contrib\stdhooks\hook-nvidia.cusparse.py", "Python", 6, 0, 0, 0, 0, 11, 3, 20
"c:\Users\makib\Documents\EntornosVirtuales\BaseDeDatosSalonDeBelleza\venv\Lib\site-packages\_pyinstaller_hooks_contrib\stdhooks\hook-nvidia.nccl.py", "Python", 6, 0, 0, 0, 0, 11, 3, 20
"c:\Users\makib\Documents\EntornosVirtuales\BaseDeDatosSalonDeBelleza\venv\Lib\site-packages\_pyinstaller_hooks_contrib\stdhooks\hook-nvidia.nvjitlink.py", "Python", 6, 0, 0, 0, 0, 11, 3, 20
"c:\Users\makib\Documents\EntornosVirtuales\BaseDeDatosSalonDeBelleza\venv\Lib\site-packages\_pyinstaller_hooks_contrib\stdhooks\hook-nvidia.nvtx.py", "Python", 6, 0, 0, 0, 0, 11, 3, 20
"c:\Users\makib\Documents\EntornosVirtuales\BaseDeDatosSalonDeBelleza\venv\Lib\site-packages\_pyinstaller_hooks_contrib\stdhooks\hook-office365.py", "Python", 6, 0, 0, 0, 0, 11, 3, 20
"c:\Users\makib\Documents\EntornosVirtuales\BaseDeDatosSalonDeBelleza\venv\Lib\site-packages\_pyinstaller_hooks_contrib\stdhooks\hook-onnxruntime.py", "Python", 2, 0, 0, 0, 0, 12, 3, 17
"c:\Users\makib\Documents\EntornosVirtuales\BaseDeDatosSalonDeBelleza\venv\Lib\site-packages\_pyinstaller_hooks_contrib\stdhooks\hook-opencc.py", "Python", 2, 0, 0, 0, 0, 11, 3, 16
"c:\Users\makib\Documents\EntornosVirtuales\BaseDeDatosSalonDeBelleza\venv\Lib\site-packages\_pyinstaller_hooks_contrib\stdhooks\hook-openpyxl.py", "Python", 2, 0, 0, 0, 0, 13, 4, 19
"c:\Users\makib\Documents\EntornosVirtuales\BaseDeDatosSalonDeBelleza\venv\Lib\site-packages\_pyinstaller_hooks_contrib\stdhooks\hook-opentelemetry.py", "Python", 23, 0, 0, 0, 0, 13, 6, 42
"c:\Users\makib\Documents\EntornosVirtuales\BaseDeDatosSalonDeBelleza\venv\Lib\site-packages\_pyinstaller_hooks_contrib\stdhooks\hook-orjson.py", "Python", 7, 0, 0, 0, 0, 13, 2, 22
"c:\Users\makib\Documents\EntornosVirtuales\BaseDeDatosSalonDeBelleza\venv\Lib\site-packages\_pyinstaller_hooks_contrib\stdhooks\hook-osgeo.py", "Python", 32, 0, 0, 0, 0, 37, 13, 82
"c:\Users\makib\Documents\EntornosVirtuales\BaseDeDatosSalonDeBelleza\venv\Lib\site-packages\_pyinstaller_hooks_contrib\stdhooks\hook-pandas_flavor.py", "Python", 3, 0, 0, 0, 0, 13, 3, 19
"c:\Users\makib\Documents\EntornosVirtuales\BaseDeDatosSalonDeBelleza\venv\Lib\site-packages\_pyinstaller_hooks_contrib\stdhooks\hook-panel.py", "Python", 3, 0, 0, 0, 0, 12, 4, 19
"c:\Users\makib\Documents\EntornosVirtuales\BaseDeDatosSalonDeBelleza\venv\Lib\site-packages\_pyinstaller_hooks_contrib\stdhooks\hook-parsedatetime.py", "Python", 12, 0, 0, 0, 0, 11, 7, 30
"c:\Users\makib\Documents\EntornosVirtuales\BaseDeDatosSalonDeBelleza\venv\Lib\site-packages\_pyinstaller_hooks_contrib\stdhooks\hook-parso.py", "Python", 2, 0, 0, 0, 0, 12, 4, 18
"c:\Users\makib\Documents\EntornosVirtuales\BaseDeDatosSalonDeBelleza\venv\Lib\site-packages\_pyinstaller_hooks_contrib\stdhooks\hook-passlib.py", "Python", 5, 0, 0, 0, 0, 15, 2, 22
"c:\Users\makib\Documents\EntornosVirtuales\BaseDeDatosSalonDeBelleza\venv\Lib\site-packages\_pyinstaller_hooks_contrib\stdhooks\hook-paste.exceptions.reporter.py", "Python", 5, 0, 0, 0, 0, 11, 2, 18
"c:\Users\makib\Documents\EntornosVirtuales\BaseDeDatosSalonDeBelleza\venv\Lib\site-packages\_pyinstaller_hooks_contrib\stdhooks\hook-patoolib.py", "Python", 5, 0, 0, 0, 0, 11, 4, 20
"c:\Users\makib\Documents\EntornosVirtuales\BaseDeDatosSalonDeBelleza\venv\Lib\site-packages\_pyinstaller_hooks_contrib\stdhooks\hook-patsy.py", "Python", 1, 0, 0, 0, 0, 11, 2, 14
"c:\Users\makib\Documents\EntornosVirtuales\BaseDeDatosSalonDeBelleza\venv\Lib\site-packages\_pyinstaller_hooks_contrib\stdhooks\hook-pdfminer.py", "Python", 2, 0, 0, 0, 0, 11, 3, 16
"c:\Users\makib\Documents\EntornosVirtuales\BaseDeDatosSalonDeBelleza\venv\Lib\site-packages\_pyinstaller_hooks_contrib\stdhooks\hook-pendulum.py", "Python", 3, 0, 0, 0, 0, 14, 3, 20
"c:\Users\makib\Documents\EntornosVirtuales\BaseDeDatosSalonDeBelleza\venv\Lib\site-packages\_pyinstaller_hooks_contrib\stdhooks\hook-phonenumbers.py", "Python", 2, 0, 0, 0, 0, 15, 3, 20
"c:\Users\makib\Documents\EntornosVirtuales\BaseDeDatosSalonDeBelleza\venv\Lib\site-packages\_pyinstaller_hooks_contrib\stdhooks\hook-pingouin.py", "Python", 2, 0, 0, 0, 0, 11, 3, 16
"c:\Users\makib\Documents\EntornosVirtuales\BaseDeDatosSalonDeBelleza\venv\Lib\site-packages\_pyinstaller_hooks_contrib\stdhooks\hook-pint.py", "Python", 3, 0, 0, 0, 0, 11, 3, 17
"c:\Users\makib\Documents\EntornosVirtuales\BaseDeDatosSalonDeBelleza\venv\Lib\site-packages\_pyinstaller_hooks_contrib\stdhooks\hook-pinyin.py", "Python", 2, 0, 0, 0, 0, 15, 4, 21
"c:\Users\makib\Documents\EntornosVirtuales\BaseDeDatosSalonDeBelleza\venv\Lib\site-packages\_pyinstaller_hooks_contrib\stdhooks\hook-platformdirs.py", "Python", 9, 0, 0, 0, 0, 14, 5, 28
"c:\Users\makib\Documents\EntornosVirtuales\BaseDeDatosSalonDeBelleza\venv\Lib\site-packages\_pyinstaller_hooks_contrib\stdhooks\hook-plotly.py", "Python", 4, 0, 0, 0, 0, 11, 3, 18
"c:\Users\makib\Documents\EntornosVirtuales\BaseDeDatosSalonDeBelleza\venv\Lib\site-packages\_pyinstaller_hooks_contrib\stdhooks\hook-pptx.py", "Python", 2, 0, 0, 0, 0, 11, 3, 16
"c:\Users\makib\Documents\EntornosVirtuales\BaseDeDatosSalonDeBelleza\venv\Lib\site-packages\_pyinstaller_hooks_contrib\stdhooks\hook-prettytable.py", "Python", 3, 0, 0, 0, 0, 12, 3, 18
"c:\Users\makib\Documents\EntornosVirtuales\BaseDeDatosSalonDeBelleza\venv\Lib\site-packages\_pyinstaller_hooks_contrib\stdhooks\hook-psutil.py", "Python", 32, 0, 0, 0, 0, 15, 4, 51
"c:\Users\makib\Documents\EntornosVirtuales\BaseDeDatosSalonDeBelleza\venv\Lib\site-packages\_pyinstaller_hooks_contrib\stdhooks\hook-psychopy.py", "Python", 2, 0, 0, 0, 0, 12, 4, 18
"c:\Users\makib\Documents\EntornosVirtuales\BaseDeDatosSalonDeBelleza\venv\Lib\site-packages\_pyinstaller_hooks_contrib\stdhooks\hook-psycopg2.py", "Python", 1, 0, 0, 0, 0, 11, 2, 14
"c:\Users\makib\Documents\EntornosVirtuales\BaseDeDatosSalonDeBelleza\venv\Lib\site-packages\_pyinstaller_hooks_contrib\stdhooks\hook-publicsuffix2.py", "Python", 2, 0, 0, 0, 0, 11, 3, 16
"c:\Users\makib\Documents\EntornosVirtuales\BaseDeDatosSalonDeBelleza\venv\Lib\site-packages\_pyinstaller_hooks_contrib\stdhooks\hook-pubsub.core.py", "Python", 2, 0, 0, 0, 0, 11, 3, 16
"c:\Users\makib\Documents\EntornosVirtuales\BaseDeDatosSalonDeBelleza\venv\Lib\site-packages\_pyinstaller_hooks_contrib\stdhooks\hook-puremagic.py", "Python", 2, 0, 0, 0, 0, 11, 3, 16
"c:\Users\makib\Documents\EntornosVirtuales\BaseDeDatosSalonDeBelleza\venv\Lib\site-packages\_pyinstaller_hooks_contrib\stdhooks\hook-py.py", "Python", 2, 0, 0, 0, 0, 11, 3, 16
"c:\Users\makib\Documents\EntornosVirtuales\BaseDeDatosSalonDeBelleza\venv\Lib\site-packages\_pyinstaller_hooks_contrib\stdhooks\hook-pyarrow.py", "Python", 4, 0, 0, 0, 0, 12, 4, 20
"c:\Users\makib\Documents\EntornosVirtuales\BaseDeDatosSalonDeBelleza\venv\Lib\site-packages\_pyinstaller_hooks_contrib\stdhooks\hook-pycountry.py", "Python", 2, 0, 0, 0, 0, 14, 3, 19
"c:\Users\makib\Documents\EntornosVirtuales\BaseDeDatosSalonDeBelleza\venv\Lib\site-packages\_pyinstaller_hooks_contrib\stdhooks\hook-pycparser.py", "Python", 1, 0, 0, 0, 0, 20, 3, 24
"c:\Users\makib\Documents\EntornosVirtuales\BaseDeDatosSalonDeBelleza\venv\Lib\site-packages\_pyinstaller_hooks_contrib\stdhooks\hook-pycrfsuite.py", "Python", 1, 0, 0, 0, 0, 11, 2, 14
"c:\Users\makib\Documents\EntornosVirtuales\BaseDeDatosSalonDeBelleza\venv\Lib\site-packages\_pyinstaller_hooks_contrib\stdhooks\hook-pydantic.py", "Python", 23, 0, 0, 0, 0, 22, 5, 50
"c:\Users\makib\Documents\EntornosVirtuales\BaseDeDatosSalonDeBelleza\venv\Lib\site-packages\_pyinstaller_hooks_contrib\stdhooks\hook-pydicom.py", "Python", 34, 0, 0, 0, 0, 30, 6, 70
"c:\Users\makib\Documents\EntornosVirtuales\BaseDeDatosSalonDeBelleza\venv\Lib\site-packages\_pyinstaller_hooks_contrib\stdhooks\hook-pydivert.py", "Python", 2, 0, 0, 0, 0, 11, 3, 16
"c:\Users\makib\Documents\EntornosVirtuales\BaseDeDatosSalonDeBelleza\venv\Lib\site-packages\_pyinstaller_hooks_contrib\stdhooks\hook-pyexcel-io.py", "Python", 1, 0, 0, 0, 0, 13, 3, 17
"c:\Users\makib\Documents\EntornosVirtuales\BaseDeDatosSalonDeBelleza\venv\Lib\site-packages\_pyinstaller_hooks_contrib\stdhooks\hook-pyexcel-ods.py", "Python", 1, 0, 0, 0, 0, 13, 3, 17
"c:\Users\makib\Documents\EntornosVirtuales\BaseDeDatosSalonDeBelleza\venv\Lib\site-packages\_pyinstaller_hooks_contrib\stdhooks\hook-pyexcel-ods3.py", "Python", 1, 0, 0, 0, 0, 13, 3, 17
"c:\Users\makib\Documents\EntornosVirtuales\BaseDeDatosSalonDeBelleza\venv\Lib\site-packages\_pyinstaller_hooks_contrib\stdhooks\hook-pyexcel-odsr.py", "Python", 1, 0, 0, 0, 0, 13, 3, 17
"c:\Users\makib\Documents\EntornosVirtuales\BaseDeDatosSalonDeBelleza\venv\Lib\site-packages\_pyinstaller_hooks_contrib\stdhooks\hook-pyexcel-xls.py", "Python", 1, 0, 0, 0, 0, 13, 3, 17
"c:\Users\makib\Documents\EntornosVirtuales\BaseDeDatosSalonDeBelleza\venv\Lib\site-packages\_pyinstaller_hooks_contrib\stdhooks\hook-pyexcel-xlsx.py", "Python", 1, 0, 0, 0, 0, 13, 3, 17
"c:\Users\makib\Documents\EntornosVirtuales\BaseDeDatosSalonDeBelleza\venv\Lib\site-packages\_pyinstaller_hooks_contrib\stdhooks\hook-pyexcel-xlsxw.py", "Python", 1, 0, 0, 0, 0, 13, 3, 17
"c:\Users\makib\Documents\EntornosVirtuales\BaseDeDatosSalonDeBelleza\venv\Lib\site-packages\_pyinstaller_hooks_contrib\stdhooks\hook-pyexcel.py", "Python", 14, 0, 0, 0, 0, 13, 3, 30
"c:\Users\makib\Documents\EntornosVirtuales\BaseDeDatosSalonDeBelleza\venv\Lib\site-packages\_pyinstaller_hooks_contrib\stdhooks\hook-pyexcel_io.py", "Python", 11, 0, 0, 0, 0, 13, 3, 27
"c:\Users\makib\Documents\EntornosVirtuales\BaseDeDatosSalonDeBelleza\venv\Lib\site-packages\_pyinstaller_hooks_contrib\stdhooks\hook-pyexcel_ods.py", "Python", 1, 0, 0, 0, 0, 13, 3, 17
"c:\Users\makib\Documents\EntornosVirtuales\BaseDeDatosSalonDeBelleza\venv\Lib\site-packages\_pyinstaller_hooks_contrib\stdhooks\hook-pyexcel_ods3.py", "Python", 1, 0, 0, 0, 0, 13, 3, 17
"c:\Users\makib\Documents\EntornosVirtuales\BaseDeDatosSalonDeBelleza\venv\Lib\site-packages\_pyinstaller_hooks_contrib\stdhooks\hook-pyexcel_odsr.py", "Python", 1, 0, 0, 0, 0, 13, 3, 17
"c:\Users\makib\Documents\EntornosVirtuales\BaseDeDatosSalonDeBelleza\venv\Lib\site-packages\_pyinstaller_hooks_contrib\stdhooks\hook-pyexcel_xls.py", "Python", 1, 0, 0, 0, 0, 13, 3, 17
"c:\Users\makib\Documents\EntornosVirtuales\BaseDeDatosSalonDeBelleza\venv\Lib\site-packages\_pyinstaller_hooks_contrib\stdhooks\hook-pyexcel_xlsx.py", "Python", 1, 0, 0, 0, 0, 13, 3, 17
"c:\Users\makib\Documents\EntornosVirtuales\BaseDeDatosSalonDeBelleza\venv\Lib\site-packages\_pyinstaller_hooks_contrib\stdhooks\hook-pyexcel_xlsxw.py", "Python", 1, 0, 0, 0, 0, 13, 3, 17
"c:\Users\makib\Documents\EntornosVirtuales\BaseDeDatosSalonDeBelleza\venv\Lib\site-packages\_pyinstaller_hooks_contrib\stdhooks\hook-pyexcelerate.Writer.py", "Python", 2, 0, 0, 0, 0, 11, 3, 16
"c:\Users\makib\Documents\EntornosVirtuales\BaseDeDatosSalonDeBelleza\venv\Lib\site-packages\_pyinstaller_hooks_contrib\stdhooks\hook-pygraphviz.py", "Python", 84, 0, 0, 0, 0, 40, 22, 146
"c:\Users\makib\Documents\EntornosVirtuales\BaseDeDatosSalonDeBelleza\venv\Lib\site-packages\_pyinstaller_hooks_contrib\stdhooks\hook-pygwalker.py", "Python", 2, 0, 0, 0, 0, 11, 3, 16
"c:\Users\makib\Documents\EntornosVirtuales\BaseDeDatosSalonDeBelleza\venv\Lib\site-packages\_pyinstaller_hooks_contrib\stdhooks\hook-pylibmagic.py", "Python", 5, 0, 0, 0, 0, 11, 3, 19
"c:\Users\makib\Documents\EntornosVirtuales\BaseDeDatosSalonDeBelleza\venv\Lib\site-packages\_pyinstaller_hooks_contrib\stdhooks\hook-pylint.py", "Python", 14, 0, 0, 0, 0, 55, 7, 76
"c:\Users\makib\Documents\EntornosVirtuales\BaseDeDatosSalonDeBelleza\venv\Lib\site-packages\_pyinstaller_hooks_contrib\stdhooks\hook-pylsl.py", "Python", 18, 0, 0, 0, 0, 16, 8, 42
"c:\Users\makib\Documents\EntornosVirtuales\BaseDeDatosSalonDeBelleza\venv\Lib\site-packages\_pyinstaller_hooks_contrib\stdhooks\hook-pymediainfo.py", "Python", 22, 0, 0, 0, 0, 14, 9, 45
"c:\Users\makib\Documents\EntornosVirtuales\BaseDeDatosSalonDeBelleza\venv\Lib\site-packages\_pyinstaller_hooks_contrib\stdhooks\hook-pymorphy3.py", "Python", 8, 0, 0, 0, 0, 12, 6, 26
"c:\Users\makib\Documents\EntornosVirtuales\BaseDeDatosSalonDeBelleza\venv\Lib\site-packages\_pyinstaller_hooks_contrib\stdhooks\hook-pymssql.py", "Python", 6, 0, 0, 0, 0, 12, 3, 21
"c:\Users\makib\Documents\EntornosVirtuales\BaseDeDatosSalonDeBelleza\venv\Lib\site-packages\_pyinstaller_hooks_contrib\stdhooks\hook-pynput.py", "Python", 2, 0, 0, 0, 0, 11, 3, 16
"c:\Users\makib\Documents\EntornosVirtuales\BaseDeDatosSalonDeBelleza\venv\Lib\site-packages\_pyinstaller_hooks_contrib\stdhooks\hook-pyodbc.py", "Python", 2, 0, 0, 0, 0, 15, 3, 20
"c:\Users\makib\Documents\EntornosVirtuales\BaseDeDatosSalonDeBelleza\venv\Lib\site-packages\_pyinstaller_hooks_contrib\stdhooks\hook-pyopencl.py", "Python", 3, 0, 0, 0, 0, 12, 4, 19
"c:\Users\makib\Documents\EntornosVirtuales\BaseDeDatosSalonDeBelleza\venv\Lib\site-packages\_pyinstaller_hooks_contrib\stdhooks\hook-pypdfium2.py", "Python", 2, 0, 0, 0, 0, 12, 3, 17
"c:\Users\makib\Documents\EntornosVirtuales\BaseDeDatosSalonDeBelleza\venv\Lib\site-packages\_pyinstaller_hooks_contrib\stdhooks\hook-pypdfium2_raw.py", "Python", 3, 0, 0, 0, 0, 13, 4, 20
"c:\Users\makib\Documents\EntornosVirtuales\BaseDeDatosSalonDeBelleza\venv\Lib\site-packages\_pyinstaller_hooks_contrib\stdhooks\hook-pypemicro.py", "Python", 26, 0, 0, 0, 0, 12, 6, 44
"c:\Users\makib\Documents\EntornosVirtuales\BaseDeDatosSalonDeBelleza\venv\Lib\site-packages\_pyinstaller_hooks_contrib\stdhooks\hook-pyphen.py", "Python", 2, 0, 0, 0, 0, 11, 3, 16
"c:\Users\makib\Documents\EntornosVirtuales\BaseDeDatosSalonDeBelleza\venv\Lib\site-packages\_pyinstaller_hooks_contrib\stdhooks\hook-pyppeteer.py", "Python", 2, 0, 0, 0, 0, 12, 3, 17
"c:\Users\makib\Documents\EntornosVirtuales\BaseDeDatosSalonDeBelleza\venv\Lib\site-packages\_pyinstaller_hooks_contrib\stdhooks\hook-pyproj.py", "Python", 37, 0, 0, 0, 0, 23, 13, 73
"c:\Users\makib\Documents\EntornosVirtuales\BaseDeDatosSalonDeBelleza\venv\Lib\site-packages\_pyinstaller_hooks_contrib\stdhooks\hook-pypsexec.py", "Python", 2, 0, 0, 0, 0, 13, 4, 19
"c:\Users\makib\Documents\EntornosVirtuales\BaseDeDatosSalonDeBelleza\venv\Lib\site-packages\_pyinstaller_hooks_contrib\stdhooks\hook-pypylon.py", "Python", 14, 0, 0, 0, 0, 28, 7, 49
"c:\Users\makib\Documents\EntornosVirtuales\BaseDeDatosSalonDeBelleza\venv\Lib\site-packages\_pyinstaller_hooks_contrib\stdhooks\hook-pyqtgraph.py", "Python", 14, 0, 0, 0, 0, 37, 6, 57
"c:\Users\makib\Documents\EntornosVirtuales\BaseDeDatosSalonDeBelleza\venv\Lib\site-packages\_pyinstaller_hooks_contrib\stdhooks\hook-pyshark.py", "Python", 7, 0, 0, 0, 0, 13, 6, 26
"c:\Users\makib\Documents\EntornosVirtuales\BaseDeDatosSalonDeBelleza\venv\Lib\site-packages\_pyinstaller_hooks_contrib\stdhooks\hook-pysnmp.py", "Python", 3, 0, 0, 0, 0, 11, 3, 17
"c:\Users\makib\Documents\EntornosVirtuales\BaseDeDatosSalonDeBelleza\venv\Lib\site-packages\_pyinstaller_hooks_contrib\stdhooks\hook-pystray.py", "Python", 2, 0, 0, 0, 0, 13, 2, 17
"c:\Users\makib\Documents\EntornosVirtuales\BaseDeDatosSalonDeBelleza\venv\Lib\site-packages\_pyinstaller_hooks_contrib\stdhooks\hook-pytest.py", "Python", 5, 0, 0, 0, 0, 11, 3, 19
"c:\Users\makib\Documents\EntornosVirtuales\BaseDeDatosSalonDeBelleza\venv\Lib\site-packages\_pyinstaller_hooks_contrib\stdhooks\hook-pythainlp.py", "Python", 2, 0, 0, 0, 0, 11, 3, 16
"c:\Users\makib\Documents\EntornosVirtuales\BaseDeDatosSalonDeBelleza\venv\Lib\site-packages\_pyinstaller_hooks_contrib\stdhooks\hook-pythoncom.py", "Python", 9, 0, 0, 0, 0, 16, 7, 32
"c:\Users\makib\Documents\EntornosVirtuales\BaseDeDatosSalonDeBelleza\venv\Lib\site-packages\_pyinstaller_hooks_contrib\stdhooks\hook-pyttsx.py", "Python", 11, 0, 0, 0, 0, 11, 2, 24
"c:\Users\makib\Documents\EntornosVirtuales\BaseDeDatosSalonDeBelleza\venv\Lib\site-packages\_pyinstaller_hooks_contrib\stdhooks\hook-pyttsx3.py", "Python", 10, 0, 0, 0, 0, 15, 6, 31
"c:\Users\makib\Documents\EntornosVirtuales\BaseDeDatosSalonDeBelleza\venv\Lib\site-packages\_pyinstaller_hooks_contrib\stdhooks\hook-pyviz_comms.py", "Python", 2, 0, 0, 0, 0, 11, 3, 16
"c:\Users\makib\Documents\EntornosVirtuales\BaseDeDatosSalonDeBelleza\venv\Lib\site-packages\_pyinstaller_hooks_contrib\stdhooks\hook-pyvjoy.py", "Python", 2, 0, 0, 0, 0, 11, 2, 15
"c:\Users\makib\Documents\EntornosVirtuales\BaseDeDatosSalonDeBelleza\venv\Lib\site-packages\_pyinstaller_hooks_contrib\stdhooks\hook-pywintypes.py", "Python", 9, 0, 0, 0, 0, 16, 7, 32
"c:\Users\makib\Documents\EntornosVirtuales\BaseDeDatosSalonDeBelleza\venv\Lib\site-packages\_pyinstaller_hooks_contrib\stdhooks\hook-pywt.py", "Python", 1, 0, 0, 0, 0, 17, 4, 22
"c:\Users\makib\Documents\EntornosVirtuales\BaseDeDatosSalonDeBelleza\venv\Lib\site-packages\_pyinstaller_hooks_contrib\stdhooks\hook-qtmodern.py", "Python", 2, 0, 0, 0, 0, 11, 3, 16
"c:\Users\makib\Documents\EntornosVirtuales\BaseDeDatosSalonDeBelleza\venv\Lib\site-packages\_pyinstaller_hooks_contrib\stdhooks\hook-radicale.py", "Python", 3, 0, 0, 0, 0, 11, 3, 17
"c:\Users\makib\Documents\EntornosVirtuales\BaseDeDatosSalonDeBelleza\venv\Lib\site-packages\_pyinstaller_hooks_contrib\stdhooks\hook-raven.py", "Python", 1, 0, 0, 0, 0, 11, 2, 14
"c:\Users\makib\Documents\EntornosVirtuales\BaseDeDatosSalonDeBelleza\venv\Lib\site-packages\_pyinstaller_hooks_contrib\stdhooks\hook-rawpy.py", "Python", 1, 0, 0, 0, 0, 13, 3, 17
"c:\Users\makib\Documents\EntornosVirtuales\BaseDeDatosSalonDeBelleza\venv\Lib\site-packages\_pyinstaller_hooks_contrib\stdhooks\hook-rdflib.py", "Python", 2, 0, 0, 0, 0, 11, 3, 16
"c:\Users\makib\Documents\EntornosVirtuales\BaseDeDatosSalonDeBelleza\venv\Lib\site-packages\_pyinstaller_hooks_contrib\stdhooks\hook-redmine.py", "Python", 1, 0, 0, 0, 0, 11, 2, 14
"c:\Users\makib\Documents\EntornosVirtuales\BaseDeDatosSalonDeBelleza\venv\Lib\site-packages\_pyinstaller_hooks_contrib\stdhooks\hook-regex.py", "Python", 1, 0, 0, 0, 0, 11, 2, 14
"c:\Users\makib\Documents\EntornosVirtuales\BaseDeDatosSalonDeBelleza\venv\Lib\site-packages\_pyinstaller_hooks_contrib\stdhooks\hook-reportlab.lib.utils.py", "Python", 3, 0, 0, 0, 0, 12, 2, 17
"c:\Users\makib\Documents\EntornosVirtuales\BaseDeDatosSalonDeBelleza\venv\Lib\site-packages\_pyinstaller_hooks_contrib\stdhooks\hook-reportlab.pdfbase._fontdata.py", "Python", 3, 0, 0, 0, 0, 13, 3, 19
"c:\Users\makib\Documents\EntornosVirtuales\BaseDeDatosSalonDeBelleza\venv\Lib\site-packages\_pyinstaller_hooks_contrib\stdhooks\hook-resampy.py", "Python", 2, 0, 0, 0, 0, 13, 3, 18
"c:\Users\makib\Documents\EntornosVirtuales\BaseDeDatosSalonDeBelleza\venv\Lib\site-packages\_pyinstaller_hooks_contrib\stdhooks\hook-rlp.py", "Python", 3, 0, 0, 0, 0, 12, 3, 18
"c:\Users\makib\Documents\EntornosVirtuales\BaseDeDatosSalonDeBelleza\venv\Lib\site-packages\_pyinstaller_hooks_contrib\stdhooks\hook-rpy2.py", "Python", 6, 0, 0, 0, 0, 11, 2, 19
"c:\Users\makib\Documents\EntornosVirtuales\BaseDeDatosSalonDeBelleza\venv\Lib\site-packages\_pyinstaller_hooks_contrib\stdhooks\hook-rtree.py", "Python", 21, 0, 0, 0, 0, 18, 8, 47
"c:\Users\makib\Documents\EntornosVirtuales\BaseDeDatosSalonDeBelleza\venv\Lib\site-packages\_pyinstaller_hooks_contrib\stdhooks\hook-ruamel.yaml.py", "Python", 12, 0, 0, 0, 0, 19, 9, 40
"c:\Users\makib\Documents\EntornosVirtuales\BaseDeDatosSalonDeBelleza\venv\Lib\site-packages\_pyinstaller_hooks_contrib\stdhooks\hook-rubicon.py", "Python", 1, 0, 0, 0, 0, 12, 2, 15
"c:\Users\makib\Documents\EntornosVirtuales\BaseDeDatosSalonDeBelleza\venv\Lib\site-packages\_pyinstaller_hooks_contrib\stdhooks\hook-sacremoses.py", "Python", 2, 0, 0, 0, 0, 11, 3, 16
"c:\Users\makib\Documents\EntornosVirtuales\BaseDeDatosSalonDeBelleza\venv\Lib\site-packages\_pyinstaller_hooks_contrib\stdhooks\hook-sam2.py", "Python", 7, 0, 0, 0, 0, 18, 6, 31
"c:\Users\makib\Documents\EntornosVirtuales\BaseDeDatosSalonDeBelleza\venv\Lib\site-packages\_pyinstaller_hooks_contrib\stdhooks\hook-saml2.py", "Python", 4, 0, 0, 0, 0, 17, 5, 26
"c:\Users\makib\Documents\EntornosVirtuales\BaseDeDatosSalonDeBelleza\venv\Lib\site-packages\_pyinstaller_hooks_contrib\stdhooks\hook-schwifty.py", "Python", 3, 0, 0, 0, 0, 11, 3, 17
"c:\Users\makib\Documents\EntornosVirtuales\BaseDeDatosSalonDeBelleza\venv\Lib\site-packages\_pyinstaller_hooks_contrib\stdhooks\hook-seedir.py", "Python", 2, 0, 0, 0, 0, 11, 3, 16
"c:\Users\makib\Documents\EntornosVirtuales\BaseDeDatosSalonDeBelleza\venv\Lib\site-packages\_pyinstaller_hooks_contrib\stdhooks\hook-selectolax.py", "Python", 2, 0, 0, 0, 0, 11, 3, 16
"c:\Users\makib\Documents\EntornosVirtuales\BaseDeDatosSalonDeBelleza\venv\Lib\site-packages\_pyinstaller_hooks_contrib\stdhooks\hook-selenium.py", "Python", 2, 0, 0, 0, 0, 11, 3, 16
"c:\Users\makib\Documents\EntornosVirtuales\BaseDeDatosSalonDeBelleza\venv\Lib\site-packages\_pyinstaller_hooks_contrib\stdhooks\hook-sentry_sdk.py", "Python", 21, 0, 0, 0, 0, 13, 7, 41
"c:\Users\makib\Documents\EntornosVirtuales\BaseDeDatosSalonDeBelleza\venv\Lib\site-packages\_pyinstaller_hooks_contrib\stdhooks\hook-setuptools_scm.py", "Python", 2, 0, 0, 0, 0, 13, 3, 18
"c:\Users\makib\Documents\EntornosVirtuales\BaseDeDatosSalonDeBelleza\venv\Lib\site-packages\_pyinstaller_hooks_contrib\stdhooks\hook-shapely.py", "Python", 52, 0, 0, 0, 0, 41, 13, 106
"c:\Users\makib\Documents\EntornosVirtuales\BaseDeDatosSalonDeBelleza\venv\Lib\site-packages\_pyinstaller_hooks_contrib\stdhooks\hook-shotgun_api3.py", "Python", 3, 0, 0, 0, 0, 17, 4, 24
"c:\Users\makib\Documents\EntornosVirtuales\BaseDeDatosSalonDeBelleza\venv\Lib\site-packages\_pyinstaller_hooks_contrib\stdhooks\hook-simplemma.py", "Python", 2, 0, 0, 0, 0, 11, 3, 16
"c:\Users\makib\Documents\EntornosVirtuales\BaseDeDatosSalonDeBelleza\venv\Lib\site-packages\_pyinstaller_hooks_contrib\stdhooks\hook-skimage.color.py", "Python", 4, 0, 0, 0, 0, 13, 3, 20
"c:\Users\makib\Documents\EntornosVirtuales\BaseDeDatosSalonDeBelleza\venv\Lib\site-packages\_pyinstaller_hooks_contrib\stdhooks\hook-skimage.data.py", "Python", 4, 0, 0, 0, 0, 13, 3, 20
"c:\Users\makib\Documents\EntornosVirtuales\BaseDeDatosSalonDeBelleza\venv\Lib\site-packages\_pyinstaller_hooks_contrib\stdhooks\hook-skimage.draw.py", "Python", 4, 0, 0, 0, 0, 13, 3, 20
"c:\Users\makib\Documents\EntornosVirtuales\BaseDeDatosSalonDeBelleza\venv\Lib\site-packages\_pyinstaller_hooks_contrib\stdhooks\hook-skimage.exposure.py", "Python", 4, 0, 0, 0, 0, 13, 3, 20
"c:\Users\makib\Documents\EntornosVirtuales\BaseDeDatosSalonDeBelleza\venv\Lib\site-packages\_pyinstaller_hooks_contrib\stdhooks\hook-skimage.feature.py", "Python", 6, 0, 0, 0, 0, 16, 5, 27
"c:\Users\makib\Documents\EntornosVirtuales\BaseDeDatosSalonDeBelleza\venv\Lib\site-packages\_pyinstaller_hooks_contrib\stdhooks\hook-skimage.filters.py", "Python", 7, 0, 0, 0, 0, 14, 4, 25
"c:\Users\makib\Documents\EntornosVirtuales\BaseDeDatosSalonDeBelleza\venv\Lib\site-packages\_pyinstaller_hooks_contrib\stdhooks\hook-skimage.future.py", "Python", 4, 0, 0, 0, 0, 13, 3, 20
"c:\Users\makib\Documents\EntornosVirtuales\BaseDeDatosSalonDeBelleza\venv\Lib\site-packages\_pyinstaller_hooks_contrib\stdhooks\hook-skimage.graph.py", "Python", 5, 0, 0, 0, 0, 14, 4, 23
"c:\Users\makib\Documents\EntornosVirtuales\BaseDeDatosSalonDeBelleza\venv\Lib\site-packages\_pyinstaller_hooks_contrib\stdhooks\hook-skimage.io.py", "Python", 3, 0, 0, 0, 0, 13, 4, 20
"c:\Users\makib\Documents\EntornosVirtuales\BaseDeDatosSalonDeBelleza\venv\Lib\site-packages\_pyinstaller_hooks_contrib\stdhooks\hook-skimage.measure.py", "Python", 4, 0, 0, 0, 0, 13, 3, 20
"c:\Users\makib\Documents\EntornosVirtuales\BaseDeDatosSalonDeBelleza\venv\Lib\site-packages\_pyinstaller_hooks_contrib\stdhooks\hook-skimage.metrics.py", "Python", 4, 0, 0, 0, 0, 13, 3, 20
"c:\Users\makib\Documents\EntornosVirtuales\BaseDeDatosSalonDeBelleza\venv\Lib\site-packages\_pyinstaller_hooks_contrib\stdhooks\hook-skimage.morphology.py", "Python", 3, 0, 0, 0, 0, 12, 3, 18
"c:\Users\makib\Documents\EntornosVirtuales\BaseDeDatosSalonDeBelleza\venv\Lib\site-packages\_pyinstaller_hooks_contrib\stdhooks\hook-skimage.py", "Python", 3, 0, 0, 0, 0, 12, 3, 18
"c:\Users\makib\Documents\EntornosVirtuales\BaseDeDatosSalonDeBelleza\venv\Lib\site-packages\_pyinstaller_hooks_contrib\stdhooks\hook-skimage.registration.py", "Python", 4, 0, 0, 0, 0, 13, 3, 20
"c:\Users\makib\Documents\EntornosVirtuales\BaseDeDatosSalonDeBelleza\venv\Lib\site-packages\_pyinstaller_hooks_contrib\stdhooks\hook-skimage.restoration.py", "Python", 4, 0, 0, 0, 0, 13, 3, 20
"c:\Users\makib\Documents\EntornosVirtuales\BaseDeDatosSalonDeBelleza\venv\Lib\site-packages\_pyinstaller_hooks_contrib\stdhooks\hook-skimage.transform.py", "Python", 8, 0, 0, 0, 0, 14, 3, 25
"c:\Users\makib\Documents\EntornosVirtuales\BaseDeDatosSalonDeBelleza\venv\Lib\site-packages\_pyinstaller_hooks_contrib\stdhooks\hook-sklearn.cluster.py", "Python", 3, 0, 0, 0, 0, 13, 3, 19
"c:\Users\makib\Documents\EntornosVirtuales\BaseDeDatosSalonDeBelleza\venv\Lib\site-packages\_pyinstaller_hooks_contrib\stdhooks\hook-sklearn.linear_model.py", "Python", 3, 0, 0, 0, 0, 13, 3, 19
"c:\Users\makib\Documents\EntornosVirtuales\BaseDeDatosSalonDeBelleza\venv\Lib\site-packages\_pyinstaller_hooks_contrib\stdhooks\hook-sklearn.metrics.cluster.py", "Python", 10, 0, 0, 0, 0, 15, 3, 28
"c:\Users\makib\Documents\EntornosVirtuales\BaseDeDatosSalonDeBelleza\venv\Lib\site-packages\_pyinstaller_hooks_contrib\stdhooks\hook-sklearn.metrics.pairwise.py", "Python", 7, 0, 0, 0, 0, 12, 3, 22
"c:\Users\makib\Documents\EntornosVirtuales\BaseDeDatosSalonDeBelleza\venv\Lib\site-packages\_pyinstaller_hooks_contrib\stdhooks\hook-sklearn.metrics.py", "Python", 8, 0, 0, 0, 0, 13, 5, 26
"c:\Users\makib\Documents\EntornosVirtuales\BaseDeDatosSalonDeBelleza\venv\Lib\site-packages\_pyinstaller_hooks_contrib\stdhooks\hook-sklearn.neighbors.py", "Python", 19, 0, 0, 0, 0, 17, 6, 42
"c:\Users\makib\Documents\EntornosVirtuales\BaseDeDatosSalonDeBelleza\venv\Lib\site-packages\_pyinstaller_hooks_contrib\stdhooks\hook-sklearn.py", "Python", 2, 0, 0, 0, 0, 12, 4, 18
"c:\Users\makib\Documents\EntornosVirtuales\BaseDeDatosSalonDeBelleza\venv\Lib\site-packages\_pyinstaller_hooks_contrib\stdhooks\hook-sklearn.tree.py", "Python", 4, 0, 0, 0, 0, 11, 4, 19
"c:\Users\makib\Documents\EntornosVirtuales\BaseDeDatosSalonDeBelleza\venv\Lib\site-packages\_pyinstaller_hooks_contrib\stdhooks\hook-sklearn.utils.py", "Python", 1, 0, 0, 0, 0, 11, 2, 14
"c:\Users\makib\Documents\EntornosVirtuales\BaseDeDatosSalonDeBelleza\venv\Lib\site-packages\_pyinstaller_hooks_contrib\stdhooks\hook-skyfield.py", "Python", 2, 0, 0, 0, 0, 11, 2, 15
"c:\Users\makib\Documents\EntornosVirtuales\BaseDeDatosSalonDeBelleza\venv\Lib\site-packages\_pyinstaller_hooks_contrib\stdhooks\hook-slixmpp.py", "Python", 2, 0, 0, 0, 0, 11, 3, 16
"c:\Users\makib\Documents\EntornosVirtuales\BaseDeDatosSalonDeBelleza\venv\Lib\site-packages\_pyinstaller_hooks_contrib\stdhooks\hook-sound_lib.py", "Python", 5, 0, 0, 0, 0, 11, 3, 19
"c:\Users\makib\Documents\EntornosVirtuales\BaseDeDatosSalonDeBelleza\venv\Lib\site-packages\_pyinstaller_hooks_contrib\stdhooks\hook-sounddevice.py", "Python", 36, 0, 0, 0, 0, 16, 11, 63
"c:\Users\makib\Documents\EntornosVirtuales\BaseDeDatosSalonDeBelleza\venv\Lib\site-packages\_pyinstaller_hooks_contrib\stdhooks\hook-soundfile.py", "Python", 36, 0, 0, 0, 0, 16, 11, 63
"c:\Users\makib\Documents\EntornosVirtuales\BaseDeDatosSalonDeBelleza\venv\Lib\site-packages\_pyinstaller_hooks_contrib\stdhooks\hook-spacy.py", "Python", 6, 0, 0, 0, 0, 11, 3, 20
"c:\Users\makib\Documents\EntornosVirtuales\BaseDeDatosSalonDeBelleza\venv\Lib\site-packages\_pyinstaller_hooks_contrib\stdhooks\hook-speech_recognition.py", "Python", 2, 0, 0, 0, 0, 13, 4, 19
"c:\Users\makib\Documents\EntornosVirtuales\BaseDeDatosSalonDeBelleza\venv\Lib\site-packages\_pyinstaller_hooks_contrib\stdhooks\hook-spiceypy.py", "Python", 2, 0, 0, 0, 0, 13, 4, 19
"c:\Users\makib\Documents\EntornosVirtuales\BaseDeDatosSalonDeBelleza\venv\Lib\site-packages\_pyinstaller_hooks_contrib\stdhooks\hook-spnego.py", "Python", 2, 0, 0, 0, 0, 11, 3, 16
"c:\Users\makib\Documents\EntornosVirtuales\BaseDeDatosSalonDeBelleza\venv\Lib\site-packages\_pyinstaller_hooks_contrib\stdhooks\hook-srsly.msgpack._packer.py", "Python", 5, 0, 0, 0, 0, 11, 2, 18
"c:\Users\makib\Documents\EntornosVirtuales\BaseDeDatosSalonDeBelleza\venv\Lib\site-packages\_pyinstaller_hooks_contrib\stdhooks\hook-sspilib.raw.py", "Python", 3, 0, 0, 0, 0, 14, 4, 21
"c:\Users\makib\Documents\EntornosVirtuales\BaseDeDatosSalonDeBelleza\venv\Lib\site-packages\_pyinstaller_hooks_contrib\stdhooks\hook-statsmodels.tsa.statespace.py", "Python", 3, 0, 0, 0, 0, 11, 3, 17
"c:\Users\makib\Documents\EntornosVirtuales\BaseDeDatosSalonDeBelleza\venv\Lib\site-packages\_pyinstaller_hooks_contrib\stdhooks\hook-stdnum.py", "Python", 2, 0, 0, 0, 0, 12, 3, 17
"c:\Users\makib\Documents\EntornosVirtuales\BaseDeDatosSalonDeBelleza\venv\Lib\site-packages\_pyinstaller_hooks_contrib\stdhooks\hook-storm.database.py", "Python", 8, 0, 0, 0, 0, 11, 2, 21
"c:\Users\makib\Documents\EntornosVirtuales\BaseDeDatosSalonDeBelleza\venv\Lib\site-packages\_pyinstaller_hooks_contrib\stdhooks\hook-sudachipy.py", "Python", 12, 0, 0, 0, 0, 13, 6, 31
"c:\Users\makib\Documents\EntornosVirtuales\BaseDeDatosSalonDeBelleza\venv\Lib\site-packages\_pyinstaller_hooks_contrib\stdhooks\hook-sunpy.py", "Python", 5, 0, 0, 0, 0, 12, 4, 21
"c:\Users\makib\Documents\EntornosVirtuales\BaseDeDatosSalonDeBelleza\venv\Lib\site-packages\_pyinstaller_hooks_contrib\stdhooks\hook-sv_ttk.py", "Python", 2, 0, 0, 0, 0, 12, 3, 17
"c:\Users\makib\Documents\EntornosVirtuales\BaseDeDatosSalonDeBelleza\venv\Lib\site-packages\_pyinstaller_hooks_contrib\stdhooks\hook-swagger_spec_validator.py", "Python", 2, 0, 0, 0, 0, 11, 3, 16
"c:\Users\makib\Documents\EntornosVirtuales\BaseDeDatosSalonDeBelleza\venv\Lib\site-packages\_pyinstaller_hooks_contrib\stdhooks\hook-sympy.py", "Python", 7, 0, 0, 0, 0, 13, 3, 23
"c:\Users\makib\Documents\EntornosVirtuales\BaseDeDatosSalonDeBelleza\venv\Lib\site-packages\_pyinstaller_hooks_contrib\stdhooks\hook-tableauhyperapi.py", "Python", 2, 0, 0, 0, 0, 11, 3, 16
"c:\Users\makib\Documents\EntornosVirtuales\BaseDeDatosSalonDeBelleza\venv\Lib\site-packages\_pyinstaller_hooks_contrib\stdhooks\hook-tables.py", "Python", 9, 0, 0, 0, 0, 17, 5, 31
"c:\Users\makib\Documents\EntornosVirtuales\BaseDeDatosSalonDeBelleza\venv\Lib\site-packages\_pyinstaller_hooks_contrib\stdhooks\hook-tcod.py", "Python", 6, 0, 0, 0, 0, 12, 3, 21
"c:\Users\makib\Documents\EntornosVirtuales\BaseDeDatosSalonDeBelleza\venv\Lib\site-packages\_pyinstaller_hooks_contrib\stdhooks\hook-tensorflow.py", "Python", 113, 0, 0, 0, 0, 59, 27, 199
"c:\Users\makib\Documents\EntornosVirtuales\BaseDeDatosSalonDeBelleza\venv\Lib\site-packages\_pyinstaller_hooks_contrib\stdhooks\hook-text_unidecode.py", "Python", 10, 0, 0, 0, 0, 12, 4, 26
"c:\Users\makib\Documents\EntornosVirtuales\BaseDeDatosSalonDeBelleza\venv\Lib\site-packages\_pyinstaller_hooks_contrib\stdhooks\hook-textdistance.py", "Python", 2, 0, 0, 0, 0, 12, 4, 18
"c:\Users\makib\Documents\EntornosVirtuales\BaseDeDatosSalonDeBelleza\venv\Lib\site-packages\_pyinstaller_hooks_contrib\stdhooks\hook-thinc.backends.numpy_ops.py", "Python", 5, 0, 0, 0, 0, 11, 2, 18
"c:\Users\makib\Documents\EntornosVirtuales\BaseDeDatosSalonDeBelleza\venv\Lib\site-packages\_pyinstaller_hooks_contrib\stdhooks\hook-thinc.py", "Python", 6, 0, 0, 0, 0, 11, 2, 19
"c:\Users\makib\Documents\EntornosVirtuales\BaseDeDatosSalonDeBelleza\venv\Lib\site-packages\_pyinstaller_hooks_contrib\stdhooks\hook-timezonefinder.py", "Python", 2, 0, 0, 0, 0, 11, 3, 16
"c:\Users\makib\Documents\EntornosVirtuales\BaseDeDatosSalonDeBelleza\venv\Lib\site-packages\_pyinstaller_hooks_contrib\stdhooks\hook-timm.py", "Python", 1, 0, 0, 0, 0, 12, 2, 15
"c:\Users\makib\Documents\EntornosVirtuales\BaseDeDatosSalonDeBelleza\venv\Lib\site-packages\_pyinstaller_hooks_contrib\stdhooks\hook-tinycss2.py", "Python", 7, 0, 0, 0, 0, 12, 3, 22
"c:\Users\makib\Documents\EntornosVirtuales\BaseDeDatosSalonDeBelleza\venv\Lib\site-packages\_pyinstaller_hooks_contrib\stdhooks\hook-tkinterdnd2.py", "Python", 49, 0, 0, 0, 0, 25, 17, 91
"c:\Users\makib\Documents\EntornosVirtuales\BaseDeDatosSalonDeBelleza\venv\Lib\site-packages\_pyinstaller_hooks_contrib\stdhooks\hook-tkinterweb.py", "Python", 2, 0, 0, 0, 0, 12, 3, 17
"c:\Users\makib\Documents\EntornosVirtuales\BaseDeDatosSalonDeBelleza\venv\Lib\site-packages\_pyinstaller_hooks_contrib\stdhooks\hook-tkinterweb_tkhtml.py", "Python", 3, 0, 0, 0, 0, 13, 4, 20
"c:\Users\makib\Documents\EntornosVirtuales\BaseDeDatosSalonDeBelleza\venv\Lib\site-packages\_pyinstaller_hooks_contrib\stdhooks\hook-toga.py", "Python", 17, 0, 0, 0, 0, 16, 8, 41
"c:\Users\makib\Documents\EntornosVirtuales\BaseDeDatosSalonDeBelleza\venv\Lib\site-packages\_pyinstaller_hooks_contrib\stdhooks\hook-toga_cocoa.py", "Python", 3, 0, 0, 0, 0, 13, 4, 20
"c:\Users\makib\Documents\EntornosVirtuales\BaseDeDatosSalonDeBelleza\venv\Lib\site-packages\_pyinstaller_hooks_contrib\stdhooks\hook-toga_gtk.py", "Python", 3, 0, 0, 0, 0, 13, 4, 20
"c:\Users\makib\Documents\EntornosVirtuales\BaseDeDatosSalonDeBelleza\venv\Lib\site-packages\_pyinstaller_hooks_contrib\stdhooks\hook-toga_winforms.py", "Python", 16, 0, 0, 0, 0, 18, 7, 41
"c:\Users\makib\Documents\EntornosVirtuales\BaseDeDatosSalonDeBelleza\venv\Lib\site-packages\_pyinstaller_hooks_contrib\stdhooks\hook-torch.py", "Python", 96, 0, 0, 0, 0, 45, 21, 162
"c:\Users\makib\Documents\EntornosVirtuales\BaseDeDatosSalonDeBelleza\venv\Lib\site-packages\_pyinstaller_hooks_contrib\stdhooks\hook-torchaudio.py", "Python", 4, 0, 0, 0, 0, 14, 4, 22
"c:\Users\makib\Documents\EntornosVirtuales\BaseDeDatosSalonDeBelleza\venv\Lib\site-packages\_pyinstaller_hooks_contrib\stdhooks\hook-torchtext.py", "Python", 4, 0, 0, 0, 0, 14, 4, 22
"c:\Users\makib\Documents\EntornosVirtuales\BaseDeDatosSalonDeBelleza\venv\Lib\site-packages\_pyinstaller_hooks_contrib\stdhooks\hook-torchvision.io.image.py", "Python", 1, 0, 0, 0, 0, 12, 2, 15
"c:\Users\makib\Documents\EntornosVirtuales\BaseDeDatosSalonDeBelleza\venv\Lib\site-packages\_pyinstaller_hooks_contrib\stdhooks\hook-torchvision.py", "Python", 2, 0, 0, 0, 0, 14, 3, 19
"c:\Users\makib\Documents\EntornosVirtuales\BaseDeDatosSalonDeBelleza\venv\Lib\site-packages\_pyinstaller_hooks_contrib\stdhooks\hook-trame.py", "Python", 1, 0, 0, 0, 0, 11, 2, 14
"c:\Users\makib\Documents\EntornosVirtuales\BaseDeDatosSalonDeBelleza\venv\Lib\site-packages\_pyinstaller_hooks_contrib\stdhooks\hook-trame_client.py", "Python", 2, 0, 0, 0, 0, 11, 3, 16
"c:\Users\makib\Documents\EntornosVirtuales\BaseDeDatosSalonDeBelleza\venv\Lib\site-packages\_pyinstaller_hooks_contrib\stdhooks\hook-trame_code.py", "Python", 2, 0, 0, 0, 0, 11, 3, 16
"c:\Users\makib\Documents\EntornosVirtuales\BaseDeDatosSalonDeBelleza\venv\Lib\site-packages\_pyinstaller_hooks_contrib\stdhooks\hook-trame_components.py", "Python", 2, 0, 0, 0, 0, 11, 3, 16
"c:\Users\makib\Documents\EntornosVirtuales\BaseDeDatosSalonDeBelleza\venv\Lib\site-packages\_pyinstaller_hooks_contrib\stdhooks\hook-trame_datagrid.py", "Python", 2, 0, 0, 0, 0, 11, 3, 16
"c:\Users\makib\Documents\EntornosVirtuales\BaseDeDatosSalonDeBelleza\venv\Lib\site-packages\_pyinstaller_hooks_contrib\stdhooks\hook-trame_deckgl.py", "Python", 2, 0, 0, 0, 0, 11, 3, 16
"c:\Users\makib\Documents\EntornosVirtuales\BaseDeDatosSalonDeBelleza\venv\Lib\site-packages\_pyinstaller_hooks_contrib\stdhooks\hook-trame_formkit.py", "Python", 2, 0, 0, 0, 0, 11, 3, 16
"c:\Users\makib\Documents\EntornosVirtuales\BaseDeDatosSalonDeBelleza\venv\Lib\site-packages\_pyinstaller_hooks_contrib\stdhooks\hook-trame_grid.py", "Python", 2, 0, 0, 0, 0, 11, 3, 16
"c:\Users\makib\Documents\EntornosVirtuales\BaseDeDatosSalonDeBelleza\venv\Lib\site-packages\_pyinstaller_hooks_contrib\stdhooks\hook-trame_iframe.py", "Python", 2, 0, 0, 0, 0, 11, 3, 16
"c:\Users\makib\Documents\EntornosVirtuales\BaseDeDatosSalonDeBelleza\venv\Lib\site-packages\_pyinstaller_hooks_contrib\stdhooks\hook-trame_keycloak.py", "Python", 2, 0, 0, 0, 0, 11, 3, 16
"c:\Users\makib\Documents\EntornosVirtuales\BaseDeDatosSalonDeBelleza\venv\Lib\site-packages\_pyinstaller_hooks_contrib\stdhooks\hook-trame_leaflet.py", "Python", 2, 0, 0, 0, 0, 11, 3, 16
"c:\Users\makib\Documents\EntornosVirtuales\BaseDeDatosSalonDeBelleza\venv\Lib\site-packages\_pyinstaller_hooks_contrib\stdhooks\hook-trame_markdown.py", "Python", 2, 0, 0, 0, 0, 11, 3, 16
"c:\Users\makib\Documents\EntornosVirtuales\BaseDeDatosSalonDeBelleza\venv\Lib\site-packages\_pyinstaller_hooks_contrib\stdhooks\hook-trame_matplotlib.py", "Python", 2, 0, 0, 0, 0, 11, 3, 16
"c:\Users\makib\Documents\EntornosVirtuales\BaseDeDatosSalonDeBelleza\venv\Lib\site-packages\_pyinstaller_hooks_contrib\stdhooks\hook-trame_mesh_streamer.py", "Python", 3, 0, 0, 0, 0, 11, 3, 17
"c:\Users\makib\Documents\EntornosVirtuales\BaseDeDatosSalonDeBelleza\venv\Lib\site-packages\_pyinstaller_hooks_contrib\stdhooks\hook-trame_plotly.py", "Python", 2, 0, 0, 0, 0, 11, 3, 16
"c:\Users\makib\Documents\EntornosVirtuales\BaseDeDatosSalonDeBelleza\venv\Lib\site-packages\_pyinstaller_hooks_contrib\stdhooks\hook-trame_pvui.py", "Python", 2, 0, 0, 0, 0, 11, 3, 16
"c:\Users\makib\Documents\EntornosVirtuales\BaseDeDatosSalonDeBelleza\venv\Lib\site-packages\_pyinstaller_hooks_contrib\stdhooks\hook-trame_quasar.py", "Python", 2, 0, 0, 0, 0, 11, 3, 16
"c:\Users\makib\Documents\EntornosVirtuales\BaseDeDatosSalonDeBelleza\venv\Lib\site-packages\_pyinstaller_hooks_contrib\stdhooks\hook-trame_rca.py", "Python", 2, 0, 0, 0, 0, 11, 3, 16
"c:\Users\makib\Documents\EntornosVirtuales\BaseDeDatosSalonDeBelleza\venv\Lib\site-packages\_pyinstaller_hooks_contrib\stdhooks\hook-trame_router.py", "Python", 2, 0, 0, 0, 0, 11, 3, 16
"c:\Users\makib\Documents\EntornosVirtuales\BaseDeDatosSalonDeBelleza\venv\Lib\site-packages\_pyinstaller_hooks_contrib\stdhooks\hook-trame_simput.py", "Python", 2, 0, 0, 0, 0, 11, 3, 16
"c:\Users\makib\Documents\EntornosVirtuales\BaseDeDatosSalonDeBelleza\venv\Lib\site-packages\_pyinstaller_hooks_contrib\stdhooks\hook-trame_tauri.py", "Python", 2, 0, 0, 0, 0, 11, 3, 16
"c:\Users\makib\Documents\EntornosVirtuales\BaseDeDatosSalonDeBelleza\venv\Lib\site-packages\_pyinstaller_hooks_contrib\stdhooks\hook-trame_tweakpane.py", "Python", 2, 0, 0, 0, 0, 11, 3, 16
"c:\Users\makib\Documents\EntornosVirtuales\BaseDeDatosSalonDeBelleza\venv\Lib\site-packages\_pyinstaller_hooks_contrib\stdhooks\hook-trame_vega.py", "Python", 2, 0, 0, 0, 0, 11, 3, 16
"c:\Users\makib\Documents\EntornosVirtuales\BaseDeDatosSalonDeBelleza\venv\Lib\site-packages\_pyinstaller_hooks_contrib\stdhooks\hook-trame_vtk.py", "Python", 5, 0, 0, 0, 0, 11, 3, 19
"c:\Users\makib\Documents\EntornosVirtuales\BaseDeDatosSalonDeBelleza\venv\Lib\site-packages\_pyinstaller_hooks_contrib\stdhooks\hook-trame_vtk3d.py", "Python", 2, 0, 0, 0, 0, 11, 3, 16
"c:\Users\makib\Documents\EntornosVirtuales\BaseDeDatosSalonDeBelleza\venv\Lib\site-packages\_pyinstaller_hooks_contrib\stdhooks\hook-trame_vtklocal.py", "Python", 3, 0, 0, 0, 0, 11, 3, 17
"c:\Users\makib\Documents\EntornosVirtuales\BaseDeDatosSalonDeBelleza\venv\Lib\site-packages\_pyinstaller_hooks_contrib\stdhooks\hook-trame_vuetify.py", "Python", 2, 0, 0, 0, 0, 11, 3, 16
"c:\Users\makib\Documents\EntornosVirtuales\BaseDeDatosSalonDeBelleza\venv\Lib\site-packages\_pyinstaller_hooks_contrib\stdhooks\hook-trame_xterm.py", "Python", 2, 0, 0, 0, 0, 11, 3, 16
"c:\Users\makib\Documents\EntornosVirtuales\BaseDeDatosSalonDeBelleza\venv\Lib\site-packages\_pyinstaller_hooks_contrib\stdhooks\hook-transformers.py", "Python", 26, 0, 0, 0, 0, 7, 5, 38
"c:\Users\makib\Documents\EntornosVirtuales\BaseDeDatosSalonDeBelleza\venv\Lib\site-packages\_pyinstaller_hooks_contrib\stdhooks\hook-travertino.py", "Python", 3, 0, 0, 0, 0, 13, 4, 20
"c:\Users\makib\Documents\EntornosVirtuales\BaseDeDatosSalonDeBelleza\venv\Lib\site-packages\_pyinstaller_hooks_contrib\stdhooks\hook-trimesh.py", "Python", 2, 0, 0, 0, 0, 13, 3, 18
"c:\Users\makib\Documents\EntornosVirtuales\BaseDeDatosSalonDeBelleza\venv\Lib\site-packages\_pyinstaller_hooks_contrib\stdhooks\hook-triton.py", "Python", 16, 0, 0, 0, 0, 24, 8, 48
"c:\Users\makib\Documents\EntornosVirtuales\BaseDeDatosSalonDeBelleza\venv\Lib\site-packages\_pyinstaller_hooks_contrib\stdhooks\hook-ttkthemes.py", "Python", 38, 0, 0, 0, 0, 11, 8, 57
"c:\Users\makib\Documents\EntornosVirtuales\BaseDeDatosSalonDeBelleza\venv\Lib\site-packages\_pyinstaller_hooks_contrib\stdhooks\hook-ttkwidgets.py", "Python", 21, 0, 0, 0, 0, 11, 7, 39
"c:\Users\makib\Documents\EntornosVirtuales\BaseDeDatosSalonDeBelleza\venv\Lib\site-packages\_pyinstaller_hooks_contrib\stdhooks\hook-tzdata.py", "Python", 3, 0, 0, 0, 0, 16, 4, 23
"c:\Users\makib\Documents\EntornosVirtuales\BaseDeDatosSalonDeBelleza\venv\Lib\site-packages\_pyinstaller_hooks_contrib\stdhooks\hook-tzwhere.py", "Python", 2, 0, 0, 0, 0, 11, 3, 16
"c:\Users\makib\Documents\EntornosVirtuales\BaseDeDatosSalonDeBelleza\venv\Lib\site-packages\_pyinstaller_hooks_contrib\stdhooks\hook-u1db.py", "Python", 15, 0, 0, 0, 0, 11, 6, 32
"c:\Users\makib\Documents\EntornosVirtuales\BaseDeDatosSalonDeBelleza\venv\Lib\site-packages\_pyinstaller_hooks_contrib\stdhooks\hook-ultralytics.py", "Python", 3, 0, 0, 0, 0, 13, 4, 20
"c:\Users\makib\Documents\EntornosVirtuales\BaseDeDatosSalonDeBelleza\venv\Lib\site-packages\_pyinstaller_hooks_contrib\stdhooks\hook-umap.py", "Python", 2, 0, 0, 0, 0, 11, 3, 16
"c:\Users\makib\Documents\EntornosVirtuales\BaseDeDatosSalonDeBelleza\venv\Lib\site-packages\_pyinstaller_hooks_contrib\stdhooks\hook-unidecode.py", "Python", 2, 0, 0, 0, 0, 15, 4, 21
"c:\Users\makib\Documents\EntornosVirtuales\BaseDeDatosSalonDeBelleza\venv\Lib\site-packages\_pyinstaller_hooks_contrib\stdhooks\hook-uniseg.py", "Python", 2, 0, 0, 0, 0, 12, 4, 18
"c:\Users\makib\Documents\EntornosVirtuales\BaseDeDatosSalonDeBelleza\venv\Lib\site-packages\_pyinstaller_hooks_contrib\stdhooks\hook-urllib3.py", "Python", 3, 0, 0, 0, 0, 13, 3, 19
"c:\Users\makib\Documents\EntornosVirtuales\BaseDeDatosSalonDeBelleza\venv\Lib\site-packages\_pyinstaller_hooks_contrib\stdhooks\hook-urllib3_future.py", "Python", 2, 0, 0, 0, 0, 12, 3, 17
"c:\Users\makib\Documents\EntornosVirtuales\BaseDeDatosSalonDeBelleza\venv\Lib\site-packages\_pyinstaller_hooks_contrib\stdhooks\hook-usb.py", "Python", 45, 0, 0, 0, 0, 32, 11, 88
"c:\Users\makib\Documents\EntornosVirtuales\BaseDeDatosSalonDeBelleza\venv\Lib\site-packages\_pyinstaller_hooks_contrib\stdhooks\hook-uvicorn.py", "Python", 2, 0, 0, 0, 0, 11, 3, 16
"c:\Users\makib\Documents\EntornosVirtuales\BaseDeDatosSalonDeBelleza\venv\Lib\site-packages\_pyinstaller_hooks_contrib\stdhooks\hook-uvloop.py", "Python", 2, 0, 0, 0, 0, 15, 3, 20
"c:\Users\makib\Documents\EntornosVirtuales\BaseDeDatosSalonDeBelleza\venv\Lib\site-packages\_pyinstaller_hooks_contrib\stdhooks\hook-vaderSentiment.py", "Python", 2, 0, 0, 0, 0, 11, 3, 16
"c:\Users\makib\Documents\EntornosVirtuales\BaseDeDatosSalonDeBelleza\venv\Lib\site-packages\_pyinstaller_hooks_contrib\stdhooks\hook-vtkmodules.vtkAcceleratorsVTKmCore.py", "Python", 2, 0, 0, 0, 0, 11, 3, 16
"c:\Users\makib\Documents\EntornosVirtuales\BaseDeDatosSalonDeBelleza\venv\Lib\site-packages\_pyinstaller_hooks_contrib\stdhooks\hook-vtkmodules.vtkAcceleratorsVTKmDataModel.py", "Python", 2, 0, 0, 0, 0, 11, 3, 16
"c:\Users\makib\Documents\EntornosVirtuales\BaseDeDatosSalonDeBelleza\venv\Lib\site-packages\_pyinstaller_hooks_contrib\stdhooks\hook-vtkmodules.vtkAcceleratorsVTKmFilters.py", "Python", 2, 0, 0, 0, 0, 11, 3, 16
"c:\Users\makib\Documents\EntornosVirtuales\BaseDeDatosSalonDeBelleza\venv\Lib\site-packages\_pyinstaller_hooks_contrib\stdhooks\hook-vtkmodules.vtkChartsCore.py", "Python", 2, 0, 0, 0, 0, 11, 3, 16
"c:\Users\makib\Documents\EntornosVirtuales\BaseDeDatosSalonDeBelleza\venv\Lib\site-packages\_pyinstaller_hooks_contrib\stdhooks\hook-vtkmodules.vtkCommonColor.py", "Python", 2, 0, 0, 0, 0, 11, 3, 16
"c:\Users\makib\Documents\EntornosVirtuales\BaseDeDatosSalonDeBelleza\venv\Lib\site-packages\_pyinstaller_hooks_contrib\stdhooks\hook-vtkmodules.vtkCommonComputationalGeometry.py", "Python", 2, 0, 0, 0, 0, 11, 3, 16
"c:\Users\makib\Documents\EntornosVirtuales\BaseDeDatosSalonDeBelleza\venv\Lib\site-packages\_pyinstaller_hooks_contrib\stdhooks\hook-vtkmodules.vtkCommonDataModel.py", "Python", 2, 0, 0, 0, 0, 11, 3, 16
"c:\Users\makib\Documents\EntornosVirtuales\BaseDeDatosSalonDeBelleza\venv\Lib\site-packages\_pyinstaller_hooks_contrib\stdhooks\hook-vtkmodules.vtkCommonExecutionModel.py", "Python", 2, 0, 0, 0, 0, 11, 3, 16
"c:\Users\makib\Documents\EntornosVirtuales\BaseDeDatosSalonDeBelleza\venv\Lib\site-packages\_pyinstaller_hooks_contrib\stdhooks\hook-vtkmodules.vtkCommonMath.py", "Python", 2, 0, 0, 0, 0, 11, 3, 16
"c:\Users\makib\Documents\EntornosVirtuales\BaseDeDatosSalonDeBelleza\venv\Lib\site-packages\_pyinstaller_hooks_contrib\stdhooks\hook-vtkmodules.vtkCommonMisc.py", "Python", 2, 0, 0, 0, 0, 11, 3, 16
"c:\Users\makib\Documents\EntornosVirtuales\BaseDeDatosSalonDeBelleza\venv\Lib\site-packages\_pyinstaller_hooks_contrib\stdhooks\hook-vtkmodules.vtkCommonPython.py", "Python", 2, 0, 0, 0, 0, 11, 3, 16
"c:\Users\makib\Documents\EntornosVirtuales\BaseDeDatosSalonDeBelleza\venv\Lib\site-packages\_pyinstaller_hooks_contrib\stdhooks\hook-vtkmodules.vtkCommonSystem.py", "Python", 2, 0, 0, 0, 0, 11, 3, 16
"c:\Users\makib\Documents\EntornosVirtuales\BaseDeDatosSalonDeBelleza\venv\Lib\site-packages\_pyinstaller_hooks_contrib\stdhooks\hook-vtkmodules.vtkCommonTransforms.py", "Python", 2, 0, 0, 0, 0, 11, 3, 16
"c:\Users\makib\Documents\EntornosVirtuales\BaseDeDatosSalonDeBelleza\venv\Lib\site-packages\_pyinstaller_hooks_contrib\stdhooks\hook-vtkmodules.vtkDomainsChemistry.py", "Python", 2, 0, 0, 0, 0, 11, 3, 16
"c:\Users\makib\Documents\EntornosVirtuales\BaseDeDatosSalonDeBelleza\venv\Lib\site-packages\_pyinstaller_hooks_contrib\stdhooks\hook-vtkmodules.vtkDomainsChemistryOpenGL2.py", "Python", 2, 0, 0, 0, 0, 11, 3, 16
"c:\Users\makib\Documents\EntornosVirtuales\BaseDeDatosSalonDeBelleza\venv\Lib\site-packages\_pyinstaller_hooks_contrib\stdhooks\hook-vtkmodules.vtkFiltersAMR.py", "Python", 2, 0, 0, 0, 0, 11, 3, 16
"c:\Users\makib\Documents\EntornosVirtuales\BaseDeDatosSalonDeBelleza\venv\Lib\site-packages\_pyinstaller_hooks_contrib\stdhooks\hook-vtkmodules.vtkFiltersCellGrid.py", "Python", 2, 0, 0, 0, 0, 11, 3, 16
"c:\Users\makib\Documents\EntornosVirtuales\BaseDeDatosSalonDeBelleza\venv\Lib\site-packages\_pyinstaller_hooks_contrib\stdhooks\hook-vtkmodules.vtkFiltersCore.py", "Python", 2, 0, 0, 0, 0, 11, 3, 16
"c:\Users\makib\Documents\EntornosVirtuales\BaseDeDatosSalonDeBelleza\venv\Lib\site-packages\_pyinstaller_hooks_contrib\stdhooks\hook-vtkmodules.vtkFiltersExtraction.py", "Python", 2, 0, 0, 0, 0, 11, 3, 16
"c:\Users\makib\Documents\EntornosVirtuales\BaseDeDatosSalonDeBelleza\venv\Lib\site-packages\_pyinstaller_hooks_contrib\stdhooks\hook-vtkmodules.vtkFiltersFlowPaths.py", "Python", 2, 0, 0, 0, 0, 11, 3, 16
"c:\Users\makib\Documents\EntornosVirtuales\BaseDeDatosSalonDeBelleza\venv\Lib\site-packages\_pyinstaller_hooks_contrib\stdhooks\hook-vtkmodules.vtkFiltersGeneral.py", "Python", 2, 0, 0, 0, 0, 11, 3, 16
"c:\Users\makib\Documents\EntornosVirtuales\BaseDeDatosSalonDeBelleza\venv\Lib\site-packages\_pyinstaller_hooks_contrib\stdhooks\hook-vtkmodules.vtkFiltersGeneric.py", "Python", 2, 0, 0, 0, 0, 11, 3, 16
"c:\Users\makib\Documents\EntornosVirtuales\BaseDeDatosSalonDeBelleza\venv\Lib\site-packages\_pyinstaller_hooks_contrib\stdhooks\hook-vtkmodules.vtkFiltersGeometry.py", "Python", 2, 0, 0, 0, 0, 11, 3, 16
"c:\Users\makib\Documents\EntornosVirtuales\BaseDeDatosSalonDeBelleza\venv\Lib\site-packages\_pyinstaller_hooks_contrib\stdhooks\hook-vtkmodules.vtkFiltersGeometryPreview.py", "Python", 2, 0, 0, 0, 0, 11, 3, 16
"c:\Users\makib\Documents\EntornosVirtuales\BaseDeDatosSalonDeBelleza\venv\Lib\site-packages\_pyinstaller_hooks_contrib\stdhooks\hook-vtkmodules.vtkFiltersHybrid.py", "Python", 2, 0, 0, 0, 0, 11, 3, 16
"c:\Users\makib\Documents\EntornosVirtuales\BaseDeDatosSalonDeBelleza\venv\Lib\site-packages\_pyinstaller_hooks_contrib\stdhooks\hook-vtkmodules.vtkFiltersHyperTree.py", "Python", 2, 0, 0, 0, 0, 11, 3, 16
"c:\Users\makib\Documents\EntornosVirtuales\BaseDeDatosSalonDeBelleza\venv\Lib\site-packages\_pyinstaller_hooks_contrib\stdhooks\hook-vtkmodules.vtkFiltersImaging.py", "Python", 2, 0, 0, 0, 0, 11, 3, 16
"c:\Users\makib\Documents\EntornosVirtuales\BaseDeDatosSalonDeBelleza\venv\Lib\site-packages\_pyinstaller_hooks_contrib\stdhooks\hook-vtkmodules.vtkFiltersModeling.py", "Python", 2, 0, 0, 0, 0, 11, 3, 16
"c:\Users\makib\Documents\EntornosVirtuales\BaseDeDatosSalonDeBelleza\venv\Lib\site-packages\_pyinstaller_hooks_contrib\stdhooks\hook-vtkmodules.vtkFiltersParallel.py", "Python", 2, 0, 0, 0, 0, 11, 3, 16
"c:\Users\makib\Documents\EntornosVirtuales\BaseDeDatosSalonDeBelleza\venv\Lib\site-packages\_pyinstaller_hooks_contrib\stdhooks\hook-vtkmodules.vtkFiltersParallelDIY2.py", "Python", 2, 0, 0, 0, 0, 11, 3, 16
"c:\Users\makib\Documents\EntornosVirtuales\BaseDeDatosSalonDeBelleza\venv\Lib\site-packages\_pyinstaller_hooks_contrib\stdhooks\hook-vtkmodules.vtkFiltersParallelImaging.py", "Python", 2, 0, 0, 0, 0, 11, 3, 16
"c:\Users\makib\Documents\EntornosVirtuales\BaseDeDatosSalonDeBelleza\venv\Lib\site-packages\_pyinstaller_hooks_contrib\stdhooks\hook-vtkmodules.vtkFiltersParallelStatistics.py", "Python", 2, 0, 0, 0, 0, 11, 3, 16
"c:\Users\makib\Documents\EntornosVirtuales\BaseDeDatosSalonDeBelleza\venv\Lib\site-packages\_pyinstaller_hooks_contrib\stdhooks\hook-vtkmodules.vtkFiltersPoints.py", "Python", 2, 0, 0, 0, 0, 11, 3, 16
"c:\Users\makib\Documents\EntornosVirtuales\BaseDeDatosSalonDeBelleza\venv\Lib\site-packages\_pyinstaller_hooks_contrib\stdhooks\hook-vtkmodules.vtkFiltersProgrammable.py", "Python", 2, 0, 0, 0, 0, 11, 3, 16
"c:\Users\makib\Documents\EntornosVirtuales\BaseDeDatosSalonDeBelleza\venv\Lib\site-packages\_pyinstaller_hooks_contrib\stdhooks\hook-vtkmodules.vtkFiltersPython.py", "Python", 2, 0, 0, 0, 0, 11, 3, 16
"c:\Users\makib\Documents\EntornosVirtuales\BaseDeDatosSalonDeBelleza\venv\Lib\site-packages\_pyinstaller_hooks_contrib\stdhooks\hook-vtkmodules.vtkFiltersReduction.py", "Python", 2, 0, 0, 0, 0, 11, 3, 16
"c:\Users\makib\Documents\EntornosVirtuales\BaseDeDatosSalonDeBelleza\venv\Lib\site-packages\_pyinstaller_hooks_contrib\stdhooks\hook-vtkmodules.vtkFiltersSMP.py", "Python", 2, 0, 0, 0, 0, 11, 3, 16
"c:\Users\makib\Documents\EntornosVirtuales\BaseDeDatosSalonDeBelleza\venv\Lib\site-packages\_pyinstaller_hooks_contrib\stdhooks\hook-vtkmodules.vtkFiltersSelection.py", "Python", 2, 0, 0, 0, 0, 11, 3, 16
"c:\Users\makib\Documents\EntornosVirtuales\BaseDeDatosSalonDeBelleza\venv\Lib\site-packages\_pyinstaller_hooks_contrib\stdhooks\hook-vtkmodules.vtkFiltersSources.py", "Python", 2, 0, 0, 0, 0, 11, 3, 16
"c:\Users\makib\Documents\EntornosVirtuales\BaseDeDatosSalonDeBelleza\venv\Lib\site-packages\_pyinstaller_hooks_contrib\stdhooks\hook-vtkmodules.vtkFiltersStatistics.py", "Python", 2, 0, 0, 0, 0, 11, 3, 16
"c:\Users\makib\Documents\EntornosVirtuales\BaseDeDatosSalonDeBelleza\venv\Lib\site-packages\_pyinstaller_hooks_contrib\stdhooks\hook-vtkmodules.vtkFiltersTemporal.py", "Python", 2, 0, 0, 0, 0, 11, 3, 16
"c:\Users\makib\Documents\EntornosVirtuales\BaseDeDatosSalonDeBelleza\venv\Lib\site-packages\_pyinstaller_hooks_contrib\stdhooks\hook-vtkmodules.vtkFiltersTensor.py", "Python", 2, 0, 0, 0, 0, 11, 3, 16
"c:\Users\makib\Documents\EntornosVirtuales\BaseDeDatosSalonDeBelleza\venv\Lib\site-packages\_pyinstaller_hooks_contrib\stdhooks\hook-vtkmodules.vtkFiltersTexture.py", "Python", 2, 0, 0, 0, 0, 11, 3, 16
"c:\Users\makib\Documents\EntornosVirtuales\BaseDeDatosSalonDeBelleza\venv\Lib\site-packages\_pyinstaller_hooks_contrib\stdhooks\hook-vtkmodules.vtkFiltersTopology.py", "Python", 2, 0, 0, 0, 0, 11, 3, 16
"c:\Users\makib\Documents\EntornosVirtuales\BaseDeDatosSalonDeBelleza\venv\Lib\site-packages\_pyinstaller_hooks_contrib\stdhooks\hook-vtkmodules.vtkFiltersVerdict.py", "Python", 2, 0, 0, 0, 0, 11, 3, 16
"c:\Users\makib\Documents\EntornosVirtuales\BaseDeDatosSalonDeBelleza\venv\Lib\site-packages\_pyinstaller_hooks_contrib\stdhooks\hook-vtkmodules.vtkGeovisCore.py", "Python", 2, 0, 0, 0, 0, 11, 3, 16
"c:\Users\makib\Documents\EntornosVirtuales\BaseDeDatosSalonDeBelleza\venv\Lib\site-packages\_pyinstaller_hooks_contrib\stdhooks\hook-vtkmodules.vtkIOAMR.py", "Python", 2, 0, 0, 0, 0, 11, 3, 16
"c:\Users\makib\Documents\EntornosVirtuales\BaseDeDatosSalonDeBelleza\venv\Lib\site-packages\_pyinstaller_hooks_contrib\stdhooks\hook-vtkmodules.vtkIOAsynchronous.py", "Python", 2, 0, 0, 0, 0, 11, 3, 16
"c:\Users\makib\Documents\EntornosVirtuales\BaseDeDatosSalonDeBelleza\venv\Lib\site-packages\_pyinstaller_hooks_contrib\stdhooks\hook-vtkmodules.vtkIOCGNSReader.py", "Python", 2, 0, 0, 0, 0, 11, 3, 16
"c:\Users\makib\Documents\EntornosVirtuales\BaseDeDatosSalonDeBelleza\venv\Lib\site-packages\_pyinstaller_hooks_contrib\stdhooks\hook-vtkmodules.vtkIOCONVERGECFD.py", "Python", 2, 0, 0, 0, 0, 11, 3, 16
"c:\Users\makib\Documents\EntornosVirtuales\BaseDeDatosSalonDeBelleza\venv\Lib\site-packages\_pyinstaller_hooks_contrib\stdhooks\hook-vtkmodules.vtkIOCellGrid.py", "Python", 2, 0, 0, 0, 0, 11, 3, 16
"c:\Users\makib\Documents\EntornosVirtuales\BaseDeDatosSalonDeBelleza\venv\Lib\site-packages\_pyinstaller_hooks_contrib\stdhooks\hook-vtkmodules.vtkIOCesium3DTiles.py", "Python", 2, 0, 0, 0, 0, 11, 3, 16
"c:\Users\makib\Documents\EntornosVirtuales\BaseDeDatosSalonDeBelleza\venv\Lib\site-packages\_pyinstaller_hooks_contrib\stdhooks\hook-vtkmodules.vtkIOChemistry.py", "Python", 2, 0, 0, 0, 0, 11, 3, 16
"c:\Users\makib\Documents\EntornosVirtuales\BaseDeDatosSalonDeBelleza\venv\Lib\site-packages\_pyinstaller_hooks_contrib\stdhooks\hook-vtkmodules.vtkIOCityGML.py", "Python", 2, 0, 0, 0, 0, 11, 3, 16
"c:\Users\makib\Documents\EntornosVirtuales\BaseDeDatosSalonDeBelleza\venv\Lib\site-packages\_pyinstaller_hooks_contrib\stdhooks\hook-vtkmodules.vtkIOCore.py", "Python", 2, 0, 0, 0, 0, 11, 3, 16
"c:\Users\makib\Documents\EntornosVirtuales\BaseDeDatosSalonDeBelleza\venv\Lib\site-packages\_pyinstaller_hooks_contrib\stdhooks\hook-vtkmodules.vtkIOERF.py", "Python", 2, 0, 0, 0, 0, 11, 3, 16
"c:\Users\makib\Documents\EntornosVirtuales\BaseDeDatosSalonDeBelleza\venv\Lib\site-packages\_pyinstaller_hooks_contrib\stdhooks\hook-vtkmodules.vtkIOEnSight.py", "Python", 2, 0, 0, 0, 0, 11, 3, 16
"c:\Users\makib\Documents\EntornosVirtuales\BaseDeDatosSalonDeBelleza\venv\Lib\site-packages\_pyinstaller_hooks_contrib\stdhooks\hook-vtkmodules.vtkIOEngys.py", "Python", 2, 0, 0, 0, 0, 11, 3, 16
"c:\Users\makib\Documents\EntornosVirtuales\BaseDeDatosSalonDeBelleza\venv\Lib\site-packages\_pyinstaller_hooks_contrib\stdhooks\hook-vtkmodules.vtkIOExodus.py", "Python", 2, 0, 0, 0, 0, 11, 3, 16
"c:\Users\makib\Documents\EntornosVirtuales\BaseDeDatosSalonDeBelleza\venv\Lib\site-packages\_pyinstaller_hooks_contrib\stdhooks\hook-vtkmodules.vtkIOExport.py", "Python", 2, 0, 0, 0, 0, 11, 3, 16
"c:\Users\makib\Documents\EntornosVirtuales\BaseDeDatosSalonDeBelleza\venv\Lib\site-packages\_pyinstaller_hooks_contrib\stdhooks\hook-vtkmodules.vtkIOExportGL2PS.py", "Python", 2, 0, 0, 0, 0, 11, 3, 16
"c:\Users\makib\Documents\EntornosVirtuales\BaseDeDatosSalonDeBelleza\venv\Lib\site-packages\_pyinstaller_hooks_contrib\stdhooks\hook-vtkmodules.vtkIOExportPDF.py", "Python", 2, 0, 0, 0, 0, 11, 3, 16
"c:\Users\makib\Documents\EntornosVirtuales\BaseDeDatosSalonDeBelleza\venv\Lib\site-packages\_pyinstaller_hooks_contrib\stdhooks\hook-vtkmodules.vtkIOFDS.py", "Python", 2, 0, 0, 0, 0, 11, 3, 16
"c:\Users\makib\Documents\EntornosVirtuales\BaseDeDatosSalonDeBelleza\venv\Lib\site-packages\_pyinstaller_hooks_contrib\stdhooks\hook-vtkmodules.vtkIOFLUENTCFF.py", "Python", 2, 0, 0, 0, 0, 11, 3, 16
"c:\Users\makib\Documents\EntornosVirtuales\BaseDeDatosSalonDeBelleza\venv\Lib\site-packages\_pyinstaller_hooks_contrib\stdhooks\hook-vtkmodules.vtkIOGeoJSON.py", "Python", 2, 0, 0, 0, 0, 11, 3, 16
"c:\Users\makib\Documents\EntornosVirtuales\BaseDeDatosSalonDeBelleza\venv\Lib\site-packages\_pyinstaller_hooks_contrib\stdhooks\hook-vtkmodules.vtkIOGeometry.py", "Python", 2, 0, 0, 0, 0, 11, 3, 16
"c:\Users\makib\Documents\EntornosVirtuales\BaseDeDatosSalonDeBelleza\venv\Lib\site-packages\_pyinstaller_hooks_contrib\stdhooks\hook-vtkmodules.vtkIOH5Rage.py", "Python", 2, 0, 0, 0, 0, 11, 3, 16
"c:\Users\makib\Documents\EntornosVirtuales\BaseDeDatosSalonDeBelleza\venv\Lib\site-packages\_pyinstaller_hooks_contrib\stdhooks\hook-vtkmodules.vtkIOH5part.py", "Python", 2, 0, 0, 0, 0, 11, 3, 16
"c:\Users\makib\Documents\EntornosVirtuales\BaseDeDatosSalonDeBelleza\venv\Lib\site-packages\_pyinstaller_hooks_contrib\stdhooks\hook-vtkmodules.vtkIOHDF.py", "Python", 2, 0, 0, 0, 0, 11, 3, 16
"c:\Users\makib\Documents\EntornosVirtuales\BaseDeDatosSalonDeBelleza\venv\Lib\site-packages\_pyinstaller_hooks_contrib\stdhooks\hook-vtkmodules.vtkIOIOSS.py", "Python", 2, 0, 0, 0, 0, 11, 3, 16
"c:\Users\makib\Documents\EntornosVirtuales\BaseDeDatosSalonDeBelleza\venv\Lib\site-packages\_pyinstaller_hooks_contrib\stdhooks\hook-vtkmodules.vtkIOImage.py", "Python", 2, 0, 0, 0, 0, 11, 3, 16
"c:\Users\makib\Documents\EntornosVirtuales\BaseDeDatosSalonDeBelleza\venv\Lib\site-packages\_pyinstaller_hooks_contrib\stdhooks\hook-vtkmodules.vtkIOImport.py", "Python", 2, 0, 0, 0, 0, 11, 3, 16
"c:\Users\makib\Documents\EntornosVirtuales\BaseDeDatosSalonDeBelleza\venv\Lib\site-packages\_pyinstaller_hooks_contrib\stdhooks\hook-vtkmodules.vtkIOInfovis.py", "Python", 2, 0, 0, 0, 0, 11, 3, 16
"c:\Users\makib\Documents\EntornosVirtuales\BaseDeDatosSalonDeBelleza\venv\Lib\site-packages\_pyinstaller_hooks_contrib\stdhooks\hook-vtkmodules.vtkIOLSDyna.py", "Python", 2, 0, 0, 0, 0, 11, 3, 16
"c:\Users\makib\Documents\EntornosVirtuales\BaseDeDatosSalonDeBelleza\venv\Lib\site-packages\_pyinstaller_hooks_contrib\stdhooks\hook-vtkmodules.vtkIOLegacy.py", "Python", 2, 0, 0, 0, 0, 11, 3, 16
"c:\Users\makib\Documents\EntornosVirtuales\BaseDeDatosSalonDeBelleza\venv\Lib\site-packages\_pyinstaller_hooks_contrib\stdhooks\hook-vtkmodules.vtkIOMINC.py", "Python", 2, 0, 0, 0, 0, 11, 3, 16
"c:\Users\makib\Documents\EntornosVirtuales\BaseDeDatosSalonDeBelleza\venv\Lib\site-packages\_pyinstaller_hooks_contrib\stdhooks\hook-vtkmodules.vtkIOMotionFX.py", "Python", 2, 0, 0, 0, 0, 11, 3, 16
"c:\Users\makib\Documents\EntornosVirtuales\BaseDeDatosSalonDeBelleza\venv\Lib\site-packages\_pyinstaller_hooks_contrib\stdhooks\hook-vtkmodules.vtkIOMovie.py", "Python", 2, 0, 0, 0, 0, 11, 3, 16
"c:\Users\makib\Documents\EntornosVirtuales\BaseDeDatosSalonDeBelleza\venv\Lib\site-packages\_pyinstaller_hooks_contrib\stdhooks\hook-vtkmodules.vtkIONetCDF.py", "Python", 2, 0, 0, 0, 0, 11, 3, 16
"c:\Users\makib\Documents\EntornosVirtuales\BaseDeDatosSalonDeBelleza\venv\Lib\site-packages\_pyinstaller_hooks_contrib\stdhooks\hook-vtkmodules.vtkIOOMF.py", "Python", 2, 0, 0, 0, 0, 11, 3, 16
"c:\Users\makib\Documents\EntornosVirtuales\BaseDeDatosSalonDeBelleza\venv\Lib\site-packages\_pyinstaller_hooks_contrib\stdhooks\hook-vtkmodules.vtkIOOggTheora.py", "Python", 2, 0, 0, 0, 0, 11, 3, 16
"c:\Users\makib\Documents\EntornosVirtuales\BaseDeDatosSalonDeBelleza\venv\Lib\site-packages\_pyinstaller_hooks_contrib\stdhooks\hook-vtkmodules.vtkIOPIO.py", "Python", 2, 0, 0, 0, 0, 11, 3, 16
"c:\Users\makib\Documents\EntornosVirtuales\BaseDeDatosSalonDeBelleza\venv\Lib\site-packages\_pyinstaller_hooks_contrib\stdhooks\hook-vtkmodules.vtkIOPLY.py", "Python", 2, 0, 0, 0, 0, 11, 3, 16
"c:\Users\makib\Documents\EntornosVirtuales\BaseDeDatosSalonDeBelleza\venv\Lib\site-packages\_pyinstaller_hooks_contrib\stdhooks\hook-vtkmodules.vtkIOParallel.py", "Python", 2, 0, 0, 0, 0, 11, 3, 16
"c:\Users\makib\Documents\EntornosVirtuales\BaseDeDatosSalonDeBelleza\venv\Lib\site-packages\_pyinstaller_hooks_contrib\stdhooks\hook-vtkmodules.vtkIOParallelExodus.py", "Python", 2, 0, 0, 0, 0, 11, 3, 16
"c:\Users\makib\Documents\EntornosVirtuales\BaseDeDatosSalonDeBelleza\venv\Lib\site-packages\_pyinstaller_hooks_contrib\stdhooks\hook-vtkmodules.vtkIOParallelLSDyna.py", "Python", 2, 0, 0, 0, 0, 11, 3, 16
"c:\Users\makib\Documents\EntornosVirtuales\BaseDeDatosSalonDeBelleza\venv\Lib\site-packages\_pyinstaller_hooks_contrib\stdhooks\hook-vtkmodules.vtkIOParallelXML.py", "Python", 2, 0, 0, 0, 0, 11, 3, 16
"c:\Users\makib\Documents\EntornosVirtuales\BaseDeDatosSalonDeBelleza\venv\Lib\site-packages\_pyinstaller_hooks_contrib\stdhooks\hook-vtkmodules.vtkIOSQL.py", "Python", 2, 0, 0, 0, 0, 11, 3, 16
"c:\Users\makib\Documents\EntornosVirtuales\BaseDeDatosSalonDeBelleza\venv\Lib\site-packages\_pyinstaller_hooks_contrib\stdhooks\hook-vtkmodules.vtkIOSegY.py", "Python", 2, 0, 0, 0, 0, 11, 3, 16
"c:\Users\makib\Documents\EntornosVirtuales\BaseDeDatosSalonDeBelleza\venv\Lib\site-packages\_pyinstaller_hooks_contrib\stdhooks\hook-vtkmodules.vtkIOTRUCHAS.py", "Python", 2, 0, 0, 0, 0, 11, 3, 16
"c:\Users\makib\Documents\EntornosVirtuales\BaseDeDatosSalonDeBelleza\venv\Lib\site-packages\_pyinstaller_hooks_contrib\stdhooks\hook-vtkmodules.vtkIOTecplotTable.py", "Python", 2, 0, 0, 0, 0, 11, 3, 16
"c:\Users\makib\Documents\EntornosVirtuales\BaseDeDatosSalonDeBelleza\venv\Lib\site-packages\_pyinstaller_hooks_contrib\stdhooks\hook-vtkmodules.vtkIOVPIC.py", "Python", 2, 0, 0, 0, 0, 11, 3, 16
"c:\Users\makib\Documents\EntornosVirtuales\BaseDeDatosSalonDeBelleza\venv\Lib\site-packages\_pyinstaller_hooks_contrib\stdhooks\hook-vtkmodules.vtkIOVeraOut.py", "Python", 2, 0, 0, 0, 0, 11, 3, 16
"c:\Users\makib\Documents\EntornosVirtuales\BaseDeDatosSalonDeBelleza\venv\Lib\site-packages\_pyinstaller_hooks_contrib\stdhooks\hook-vtkmodules.vtkIOVideo.py", "Python", 2, 0, 0, 0, 0, 11, 3, 16
"c:\Users\makib\Documents\EntornosVirtuales\BaseDeDatosSalonDeBelleza\venv\Lib\site-packages\_pyinstaller_hooks_contrib\stdhooks\hook-vtkmodules.vtkIOXML.py", "Python", 2, 0, 0, 0, 0, 11, 3, 16
"c:\Users\makib\Documents\EntornosVirtuales\BaseDeDatosSalonDeBelleza\venv\Lib\site-packages\_pyinstaller_hooks_contrib\stdhooks\hook-vtkmodules.vtkIOXMLParser.py", "Python", 2, 0, 0, 0, 0, 11, 3, 16
"c:\Users\makib\Documents\EntornosVirtuales\BaseDeDatosSalonDeBelleza\venv\Lib\site-packages\_pyinstaller_hooks_contrib\stdhooks\hook-vtkmodules.vtkIOXdmf2.py", "Python", 2, 0, 0, 0, 0, 11, 3, 16
"c:\Users\makib\Documents\EntornosVirtuales\BaseDeDatosSalonDeBelleza\venv\Lib\site-packages\_pyinstaller_hooks_contrib\stdhooks\hook-vtkmodules.vtkImagingColor.py", "Python", 2, 0, 0, 0, 0, 11, 3, 16
"c:\Users\makib\Documents\EntornosVirtuales\BaseDeDatosSalonDeBelleza\venv\Lib\site-packages\_pyinstaller_hooks_contrib\stdhooks\hook-vtkmodules.vtkImagingCore.py", "Python", 2, 0, 0, 0, 0, 11, 3, 16
"c:\Users\makib\Documents\EntornosVirtuales\BaseDeDatosSalonDeBelleza\venv\Lib\site-packages\_pyinstaller_hooks_contrib\stdhooks\hook-vtkmodules.vtkImagingFourier.py", "Python", 2, 0, 0, 0, 0, 11, 3, 16
"c:\Users\makib\Documents\EntornosVirtuales\BaseDeDatosSalonDeBelleza\venv\Lib\site-packages\_pyinstaller_hooks_contrib\stdhooks\hook-vtkmodules.vtkImagingGeneral.py", "Python", 2, 0, 0, 0, 0, 11, 3, 16
"c:\Users\makib\Documents\EntornosVirtuales\BaseDeDatosSalonDeBelleza\venv\Lib\site-packages\_pyinstaller_hooks_contrib\stdhooks\hook-vtkmodules.vtkImagingHybrid.py", "Python", 2, 0, 0, 0, 0, 11, 3, 16
"c:\Users\makib\Documents\EntornosVirtuales\BaseDeDatosSalonDeBelleza\venv\Lib\site-packages\_pyinstaller_hooks_contrib\stdhooks\hook-vtkmodules.vtkImagingMath.py", "Python", 2, 0, 0, 0, 0, 11, 3, 16
"c:\Users\makib\Documents\EntornosVirtuales\BaseDeDatosSalonDeBelleza\venv\Lib\site-packages\_pyinstaller_hooks_contrib\stdhooks\hook-vtkmodules.vtkImagingMorphological.py", "Python", 2, 0, 0, 0, 0, 11, 3, 16
"c:\Users\makib\Documents\EntornosVirtuales\BaseDeDatosSalonDeBelleza\venv\Lib\site-packages\_pyinstaller_hooks_contrib\stdhooks\hook-vtkmodules.vtkImagingOpenGL2.py", "Python", 2, 0, 0, 0, 0, 11, 3, 16
"c:\Users\makib\Documents\EntornosVirtuales\BaseDeDatosSalonDeBelleza\venv\Lib\site-packages\_pyinstaller_hooks_contrib\stdhooks\hook-vtkmodules.vtkImagingSources.py", "Python", 2, 0, 0, 0, 0, 11, 3, 16
"c:\Users\makib\Documents\EntornosVirtuales\BaseDeDatosSalonDeBelleza\venv\Lib\site-packages\_pyinstaller_hooks_contrib\stdhooks\hook-vtkmodules.vtkImagingStatistics.py", "Python", 2, 0, 0, 0, 0, 11, 3, 16
"c:\Users\makib\Documents\EntornosVirtuales\BaseDeDatosSalonDeBelleza\venv\Lib\site-packages\_pyinstaller_hooks_contrib\stdhooks\hook-vtkmodules.vtkImagingStencil.py", "Python", 2, 0, 0, 0, 0, 11, 3, 16
"c:\Users\makib\Documents\EntornosVirtuales\BaseDeDatosSalonDeBelleza\venv\Lib\site-packages\_pyinstaller_hooks_contrib\stdhooks\hook-vtkmodules.vtkInfovisCore.py", "Python", 2, 0, 0, 0, 0, 11, 3, 16
"c:\Users\makib\Documents\EntornosVirtuales\BaseDeDatosSalonDeBelleza\venv\Lib\site-packages\_pyinstaller_hooks_contrib\stdhooks\hook-vtkmodules.vtkInfovisLayout.py", "Python", 2, 0, 0, 0, 0, 11, 3, 16
"c:\Users\makib\Documents\EntornosVirtuales\BaseDeDatosSalonDeBelleza\venv\Lib\site-packages\_pyinstaller_hooks_contrib\stdhooks\hook-vtkmodules.vtkInteractionImage.py", "Python", 2, 0, 0, 0, 0, 11, 3, 16
"c:\Users\makib\Documents\EntornosVirtuales\BaseDeDatosSalonDeBelleza\venv\Lib\site-packages\_pyinstaller_hooks_contrib\stdhooks\hook-vtkmodules.vtkInteractionStyle.py", "Python", 2, 0, 0, 0, 0, 11, 3, 16
"c:\Users\makib\Documents\EntornosVirtuales\BaseDeDatosSalonDeBelleza\venv\Lib\site-packages\_pyinstaller_hooks_contrib\stdhooks\hook-vtkmodules.vtkInteractionWidgets.py", "Python", 2, 0, 0, 0, 0, 11, 3, 16
"c:\Users\makib\Documents\EntornosVirtuales\BaseDeDatosSalonDeBelleza\venv\Lib\site-packages\_pyinstaller_hooks_contrib\stdhooks\hook-vtkmodules.vtkParallelCore.py", "Python", 2, 0, 0, 0, 0, 11, 3, 16
"c:\Users\makib\Documents\EntornosVirtuales\BaseDeDatosSalonDeBelleza\venv\Lib\site-packages\_pyinstaller_hooks_contrib\stdhooks\hook-vtkmodules.vtkPythonContext2D.py", "Python", 2, 0, 0, 0, 0, 11, 3, 16
"c:\Users\makib\Documents\EntornosVirtuales\BaseDeDatosSalonDeBelleza\venv\Lib\site-packages\_pyinstaller_hooks_contrib\stdhooks\hook-vtkmodules.vtkRenderingAnnotation.py", "Python", 2, 0, 0, 0, 0, 11, 3, 16
"c:\Users\makib\Documents\EntornosVirtuales\BaseDeDatosSalonDeBelleza\venv\Lib\site-packages\_pyinstaller_hooks_contrib\stdhooks\hook-vtkmodules.vtkRenderingCellGrid.py", "Python", 2, 0, 0, 0, 0, 11, 3, 16
"c:\Users\makib\Documents\EntornosVirtuales\BaseDeDatosSalonDeBelleza\venv\Lib\site-packages\_pyinstaller_hooks_contrib\stdhooks\hook-vtkmodules.vtkRenderingContext2D.py", "Python", 2, 0, 0, 0, 0, 11, 3, 16
"c:\Users\makib\Documents\EntornosVirtuales\BaseDeDatosSalonDeBelleza\venv\Lib\site-packages\_pyinstaller_hooks_contrib\stdhooks\hook-vtkmodules.vtkRenderingContextOpenGL2.py", "Python", 2, 0, 0, 0, 0, 11, 3, 16
"c:\Users\makib\Documents\EntornosVirtuales\BaseDeDatosSalonDeBelleza\venv\Lib\site-packages\_pyinstaller_hooks_contrib\stdhooks\hook-vtkmodules.vtkRenderingCore.py", "Python", 2, 0, 0, 0, 0, 11, 3, 16
"c:\Users\makib\Documents\EntornosVirtuales\BaseDeDatosSalonDeBelleza\venv\Lib\site-packages\_pyinstaller_hooks_contrib\stdhooks\hook-vtkmodules.vtkRenderingExternal.py", "Python", 2, 0, 0, 0, 0, 11, 3, 16
"c:\Users\makib\Documents\EntornosVirtuales\BaseDeDatosSalonDeBelleza\venv\Lib\site-packages\_pyinstaller_hooks_contrib\stdhooks\hook-vtkmodules.vtkRenderingFreeType.py", "Python", 2, 0, 0, 0, 0, 11, 3, 16
"c:\Users\makib\Documents\EntornosVirtuales\BaseDeDatosSalonDeBelleza\venv\Lib\site-packages\_pyinstaller_hooks_contrib\stdhooks\hook-vtkmodules.vtkRenderingGL2PSOpenGL2.py", "Python", 2, 0, 0, 0, 0, 11, 3, 16
"c:\Users\makib\Documents\EntornosVirtuales\BaseDeDatosSalonDeBelleza\venv\Lib\site-packages\_pyinstaller_hooks_contrib\stdhooks\hook-vtkmodules.vtkRenderingHyperTreeGrid.py", "Python", 2, 0, 0, 0, 0, 11, 3, 16
"c:\Users\makib\Documents\EntornosVirtuales\BaseDeDatosSalonDeBelleza\venv\Lib\site-packages\_pyinstaller_hooks_contrib\stdhooks\hook-vtkmodules.vtkRenderingImage.py", "Python", 2, 0, 0, 0, 0, 11, 3, 16
"c:\Users\makib\Documents\EntornosVirtuales\BaseDeDatosSalonDeBelleza\venv\Lib\site-packages\_pyinstaller_hooks_contrib\stdhooks\hook-vtkmodules.vtkRenderingLICOpenGL2.py", "Python", 2, 0, 0, 0, 0, 11, 3, 16
"c:\Users\makib\Documents\EntornosVirtuales\BaseDeDatosSalonDeBelleza\venv\Lib\site-packages\_pyinstaller_hooks_contrib\stdhooks\hook-vtkmodules.vtkRenderingLOD.py", "Python", 2, 0, 0, 0, 0, 11, 3, 16
"c:\Users\makib\Documents\EntornosVirtuales\BaseDeDatosSalonDeBelleza\venv\Lib\site-packages\_pyinstaller_hooks_contrib\stdhooks\hook-vtkmodules.vtkRenderingLabel.py", "Python", 2, 0, 0, 0, 0, 11, 3, 16
"c:\Users\makib\Documents\EntornosVirtuales\BaseDeDatosSalonDeBelleza\venv\Lib\site-packages\_pyinstaller_hooks_contrib\stdhooks\hook-vtkmodules.vtkRenderingMatplotlib.py", "Python", 2, 0, 0, 0, 0, 11, 3, 16
"c:\Users\makib\Documents\EntornosVirtuales\BaseDeDatosSalonDeBelleza\venv\Lib\site-packages\_pyinstaller_hooks_contrib\stdhooks\hook-vtkmodules.vtkRenderingOpenGL2.py", "Python", 2, 0, 0, 0, 0, 11, 3, 16
"c:\Users\makib\Documents\EntornosVirtuales\BaseDeDatosSalonDeBelleza\venv\Lib\site-packages\_pyinstaller_hooks_contrib\stdhooks\hook-vtkmodules.vtkRenderingParallel.py", "Python", 2, 0, 0, 0, 0, 11, 3, 16
"c:\Users\makib\Documents\EntornosVirtuales\BaseDeDatosSalonDeBelleza\venv\Lib\site-packages\_pyinstaller_hooks_contrib\stdhooks\hook-vtkmodules.vtkRenderingSceneGraph.py", "Python", 2, 0, 0, 0, 0, 11, 3, 16
"c:\Users\makib\Documents\EntornosVirtuales\BaseDeDatosSalonDeBelleza\venv\Lib\site-packages\_pyinstaller_hooks_contrib\stdhooks\hook-vtkmodules.vtkRenderingUI.py", "Python", 2, 0, 0, 0, 0, 11, 3, 16
"c:\Users\makib\Documents\EntornosVirtuales\BaseDeDatosSalonDeBelleza\venv\Lib\site-packages\_pyinstaller_hooks_contrib\stdhooks\hook-vtkmodules.vtkRenderingVR.py", "Python", 2, 0, 0, 0, 0, 11, 3, 16
"c:\Users\makib\Documents\EntornosVirtuales\BaseDeDatosSalonDeBelleza\venv\Lib\site-packages\_pyinstaller_hooks_contrib\stdhooks\hook-vtkmodules.vtkRenderingVRModels.py", "Python", 2, 0, 0, 0, 0, 11, 3, 16
"c:\Users\makib\Documents\EntornosVirtuales\BaseDeDatosSalonDeBelleza\venv\Lib\site-packages\_pyinstaller_hooks_contrib\stdhooks\hook-vtkmodules.vtkRenderingVolume.py", "Python", 2, 0, 0, 0, 0, 11, 3, 16
"c:\Users\makib\Documents\EntornosVirtuales\BaseDeDatosSalonDeBelleza\venv\Lib\site-packages\_pyinstaller_hooks_contrib\stdhooks\hook-vtkmodules.vtkRenderingVolumeAMR.py", "Python", 2, 0, 0, 0, 0, 11, 3, 16
"c:\Users\makib\Documents\EntornosVirtuales\BaseDeDatosSalonDeBelleza\venv\Lib\site-packages\_pyinstaller_hooks_contrib\stdhooks\hook-vtkmodules.vtkRenderingVolumeOpenGL2.py", "Python", 2, 0, 0, 0, 0, 11, 3, 16
"c:\Users\makib\Documents\EntornosVirtuales\BaseDeDatosSalonDeBelleza\venv\Lib\site-packages\_pyinstaller_hooks_contrib\stdhooks\hook-vtkmodules.vtkRenderingVtkJS.py", "Python", 2, 0, 0, 0, 0, 11, 3, 16
"c:\Users\makib\Documents\EntornosVirtuales\BaseDeDatosSalonDeBelleza\venv\Lib\site-packages\_pyinstaller_hooks_contrib\stdhooks\hook-vtkmodules.vtkSerializationManager.py", "Python", 2, 0, 0, 0, 0, 11, 3, 16
"c:\Users\makib\Documents\EntornosVirtuales\BaseDeDatosSalonDeBelleza\venv\Lib\site-packages\_pyinstaller_hooks_contrib\stdhooks\hook-vtkmodules.vtkTestingRendering.py", "Python", 2, 0, 0, 0, 0, 11, 3, 16
"c:\Users\makib\Documents\EntornosVirtuales\BaseDeDatosSalonDeBelleza\venv\Lib\site-packages\_pyinstaller_hooks_contrib\stdhooks\hook-vtkmodules.vtkViewsContext2D.py", "Python", 2, 0, 0, 0, 0, 11, 3, 16
"c:\Users\makib\Documents\EntornosVirtuales\BaseDeDatosSalonDeBelleza\venv\Lib\site-packages\_pyinstaller_hooks_contrib\stdhooks\hook-vtkmodules.vtkViewsCore.py", "Python", 2, 0, 0, 0, 0, 11, 3, 16
"c:\Users\makib\Documents\EntornosVirtuales\BaseDeDatosSalonDeBelleza\venv\Lib\site-packages\_pyinstaller_hooks_contrib\stdhooks\hook-vtkmodules.vtkViewsInfovis.py", "Python", 2, 0, 0, 0, 0, 11, 3, 16
"c:\Users\makib\Documents\EntornosVirtuales\BaseDeDatosSalonDeBelleza\venv\Lib\site-packages\_pyinstaller_hooks_contrib\stdhooks\hook-vtkmodules.vtkWebCore.py", "Python", 2, 0, 0, 0, 0, 11, 3, 16
"c:\Users\makib\Documents\EntornosVirtuales\BaseDeDatosSalonDeBelleza\venv\Lib\site-packages\_pyinstaller_hooks_contrib\stdhooks\hook-vtkmodules.vtkWebGLExporter.py", "Python", 2, 0, 0, 0, 0, 11, 3, 16
"c:\Users\makib\Documents\EntornosVirtuales\BaseDeDatosSalonDeBelleza\venv\Lib\site-packages\_pyinstaller_hooks_contrib\stdhooks\hook-vtkpython.py", "Python", 13, 0, 0, 0, 0, 11, 2, 26
"c:\Users\makib\Documents\EntornosVirtuales\BaseDeDatosSalonDeBelleza\venv\Lib\site-packages\_pyinstaller_hooks_contrib\stdhooks\hook-wavefile.py", "Python", 5, 0, 0, 0, 0, 11, 3, 19
"c:\Users\makib\Documents\EntornosVirtuales\BaseDeDatosSalonDeBelleza\venv\Lib\site-packages\_pyinstaller_hooks_contrib\stdhooks\hook-weasyprint.py", "Python", 49, 0, 0, 0, 0, 27, 10, 86
"c:\Users\makib\Documents\EntornosVirtuales\BaseDeDatosSalonDeBelleza\venv\Lib\site-packages\_pyinstaller_hooks_contrib\stdhooks\hook-web3.py", "Python", 2, 0, 0, 0, 0, 11, 3, 16
"c:\Users\makib\Documents\EntornosVirtuales\BaseDeDatosSalonDeBelleza\venv\Lib\site-packages\_pyinstaller_hooks_contrib\stdhooks\hook-webassets.py", "Python", 2, 0, 0, 0, 0, 11, 2, 15
"c:\Users\makib\Documents\EntornosVirtuales\BaseDeDatosSalonDeBelleza\venv\Lib\site-packages\_pyinstaller_hooks_contrib\stdhooks\hook-webrtcvad.py", "Python", 2, 0, 0, 0, 0, 11, 3, 16
"c:\Users\makib\Documents\EntornosVirtuales\BaseDeDatosSalonDeBelleza\venv\Lib\site-packages\_pyinstaller_hooks_contrib\stdhooks\hook-websockets.py", "Python", 2, 0, 0, 0, 0, 12, 3, 17
"c:\Users\makib\Documents\EntornosVirtuales\BaseDeDatosSalonDeBelleza\venv\Lib\site-packages\_pyinstaller_hooks_contrib\stdhooks\hook-webview.py", "Python", 5, 0, 0, 0, 0, 12, 4, 21
"c:\Users\makib\Documents\EntornosVirtuales\BaseDeDatosSalonDeBelleza\venv\Lib\site-packages\_pyinstaller_hooks_contrib\stdhooks\hook-win32com.py", "Python", 4, 0, 0, 0, 0, 15, 2, 21
"c:\Users\makib\Documents\EntornosVirtuales\BaseDeDatosSalonDeBelleza\venv\Lib\site-packages\_pyinstaller_hooks_contrib\stdhooks\hook-wordcloud.py", "Python", 2, 0, 0, 0, 0, 11, 3, 16
"c:\Users\makib\Documents\EntornosVirtuales\BaseDeDatosSalonDeBelleza\venv\Lib\site-packages\_pyinstaller_hooks_contrib\stdhooks\hook-workflow.py", "Python", 2, 0, 0, 0, 0, 11, 3, 16
"c:\Users\makib\Documents\EntornosVirtuales\BaseDeDatosSalonDeBelleza\venv\Lib\site-packages\_pyinstaller_hooks_contrib\stdhooks\hook-wx.lib.activex.py", "Python", 2, 0, 0, 0, 0, 12, 3, 17
"c:\Users\makib\Documents\EntornosVirtuales\BaseDeDatosSalonDeBelleza\venv\Lib\site-packages\_pyinstaller_hooks_contrib\stdhooks\hook-wx.lib.pubsub.py", "Python", 2, 0, 0, 0, 0, 11, 3, 16
"c:\Users\makib\Documents\EntornosVirtuales\BaseDeDatosSalonDeBelleza\venv\Lib\site-packages\_pyinstaller_hooks_contrib\stdhooks\hook-wx.xrc.py", "Python", 1, 0, 0, 0, 0, 11, 2, 14
"c:\Users\makib\Documents\EntornosVirtuales\BaseDeDatosSalonDeBelleza\venv\Lib\site-packages\_pyinstaller_hooks_contrib\stdhooks\hook-xarray.py", "Python", 10, 0, 0, 0, 0, 15, 6, 31
"c:\Users\makib\Documents\EntornosVirtuales\BaseDeDatosSalonDeBelleza\venv\Lib\site-packages\_pyinstaller_hooks_contrib\stdhooks\hook-xml.dom.html.HTMLDocument.py", "Python", 54, 0, 0, 0, 0, 12, 2, 68
"c:\Users\makib\Documents\EntornosVirtuales\BaseDeDatosSalonDeBelleza\venv\Lib\site-packages\_pyinstaller_hooks_contrib\stdhooks\hook-xml.sax.saxexts.py", "Python", 12, 0, 0, 0, 0, 12, 2, 26
"c:\Users\makib\Documents\EntornosVirtuales\BaseDeDatosSalonDeBelleza\venv\Lib\site-packages\_pyinstaller_hooks_contrib\stdhooks\hook-xmldiff.py", "Python", 2, 0, 0, 0, 0, 12, 3, 17
"c:\Users\makib\Documents\EntornosVirtuales\BaseDeDatosSalonDeBelleza\venv\Lib\site-packages\_pyinstaller_hooks_contrib\stdhooks\hook-xmlschema.py", "Python", 2, 0, 0, 0, 0, 13, 3, 18
"c:\Users\makib\Documents\EntornosVirtuales\BaseDeDatosSalonDeBelleza\venv\Lib\site-packages\_pyinstaller_hooks_contrib\stdhooks\hook-xsge_gui.py", "Python", 2, 0, 0, 0, 0, 12, 4, 18
"c:\Users\makib\Documents\EntornosVirtuales\BaseDeDatosSalonDeBelleza\venv\Lib\site-packages\_pyinstaller_hooks_contrib\stdhooks\hook-xyzservices.py", "Python", 2, 0, 0, 0, 0, 11, 3, 16
"c:\Users\makib\Documents\EntornosVirtuales\BaseDeDatosSalonDeBelleza\venv\Lib\site-packages\_pyinstaller_hooks_contrib\stdhooks\hook-yapf_third_party.py", "Python", 2, 0, 0, 0, 0, 11, 3, 16
"c:\Users\makib\Documents\EntornosVirtuales\BaseDeDatosSalonDeBelleza\venv\Lib\site-packages\_pyinstaller_hooks_contrib\stdhooks\hook-z3c.rml.py", "Python", 9, 0, 0, 0, 0, 14, 3, 26
"c:\Users\makib\Documents\EntornosVirtuales\BaseDeDatosSalonDeBelleza\venv\Lib\site-packages\_pyinstaller_hooks_contrib\stdhooks\hook-zarr.py", "Python", 2, 0, 0, 0, 0, 11, 3, 16
"c:\Users\makib\Documents\EntornosVirtuales\BaseDeDatosSalonDeBelleza\venv\Lib\site-packages\_pyinstaller_hooks_contrib\stdhooks\hook-zeep.py", "Python", 2, 0, 0, 0, 0, 13, 4, 19
"c:\Users\makib\Documents\EntornosVirtuales\BaseDeDatosSalonDeBelleza\venv\Lib\site-packages\_pyinstaller_hooks_contrib\stdhooks\hook-zmq.py", "Python", 25, 0, 0, 0, 0, 32, 7, 64
"c:\Users\makib\Documents\EntornosVirtuales\BaseDeDatosSalonDeBelleza\venv\Lib\site-packages\_pyinstaller_hooks_contrib\stdhooks\hook-zoneinfo.py", "Python", 3, 0, 0, 0, 0, 13, 3, 19
"c:\Users\makib\Documents\EntornosVirtuales\BaseDeDatosSalonDeBelleza\venv\Lib\site-packages\_pyinstaller_hooks_contrib\utils\__init__.py", "Python", 0, 0, 0, 0, 0, 1, 1, 2
"c:\Users\makib\Documents\EntornosVirtuales\BaseDeDatosSalonDeBelleza\venv\Lib\site-packages\_pyinstaller_hooks_contrib\utils\nvidia_cuda.py", "Python", 39, 0, 0, 0, 0, 24, 15, 78
"c:\Users\makib\Documents\EntornosVirtuales\BaseDeDatosSalonDeBelleza\venv\Lib\site-packages\_pyinstaller_hooks_contrib\utils\vtkmodules.py", "Python", 575, 0, 0, 0, 0, 9, 5, 589
"c:\Users\makib\Documents\EntornosVirtuales\BaseDeDatosSalonDeBelleza\venv\Lib\site-packages\altgraph\Dot.py", "Python", 234, 0, 0, 0, 0, 18, 70, 322
"c:\Users\makib\Documents\EntornosVirtuales\BaseDeDatosSalonDeBelleza\venv\Lib\site-packages\altgraph\Graph.py", "Python", 544, 0, 0, 0, 0, 26, 113, 683
"c:\Users\makib\Documents\EntornosVirtuales\BaseDeDatosSalonDeBelleza\venv\Lib\site-packages\altgraph\GraphAlgo.py", "Python", 141, 0, 0, 0, 0, 3, 28, 172
"c:\Users\makib\Documents\EntornosVirtuales\BaseDeDatosSalonDeBelleza\venv\Lib\site-packages\altgraph\GraphStat.py", "Python", 51, 0, 0, 0, 0, 3, 20, 74
"c:\Users\makib\Documents\EntornosVirtuales\BaseDeDatosSalonDeBelleza\venv\Lib\site-packages\altgraph\GraphUtil.py", "Python", 101, 0, 0, 0, 0, 8, 31, 140
"c:\Users\makib\Documents\EntornosVirtuales\BaseDeDatosSalonDeBelleza\venv\Lib\site-packages\altgraph\ObjectGraph.py", "Python", 181, 0, 0, 0, 0, 0, 32, 213
"c:\Users\makib\Documents\EntornosVirtuales\BaseDeDatosSalonDeBelleza\venv\Lib\site-packages\altgraph\__init__.py", "Python", 94, 0, 0, 0, 0, 5, 50, 149
"c:\Users\makib\Documents\EntornosVirtuales\BaseDeDatosSalonDeBelleza\venv\Lib\site-packages\bcrypt\__init__.py", "Python", 30, 0, 0, 0, 0, 11, 3, 44
"c:\Users\makib\Documents\EntornosVirtuales\BaseDeDatosSalonDeBelleza\venv\Lib\site-packages\bcrypt\__init__.pyi", "Python", 10, 0, 0, 0, 0, 0, 1, 11
"c:\Users\makib\Documents\EntornosVirtuales\BaseDeDatosSalonDeBelleza\venv\Lib\site-packages\ordlookup\__init__.py", "Python", 28, 0, 0, 0, 0, 0, 7, 35
"c:\Users\makib\Documents\EntornosVirtuales\BaseDeDatosSalonDeBelleza\venv\Lib\site-packages\ordlookup\oleaut32.py", "Python", 400, 0, 0, 0, 0, 0, 1, 401
"c:\Users\makib\Documents\EntornosVirtuales\BaseDeDatosSalonDeBelleza\venv\Lib\site-packages\ordlookup\ws2_32.py", "Python", 119, 0, 0, 0, 0, 0, 1, 120
"c:\Users\makib\Documents\EntornosVirtuales\BaseDeDatosSalonDeBelleza\venv\Lib\site-packages\packaging\__init__.py", "Python", 8, 0, 0, 0, 0, 3, 5, 16
"c:\Users\makib\Documents\EntornosVirtuales\BaseDeDatosSalonDeBelleza\venv\Lib\site-packages\packaging\_elffile.py", "Python", 85, 0, 0, 0, 0, 3, 22, 110
"c:\Users\makib\Documents\EntornosVirtuales\BaseDeDatosSalonDeBelleza\venv\Lib\site-packages\packaging\_manylinux.py", "Python", 176, 0, 0, 0, 0, 48, 39, 263
"c:\Users\makib\Documents\EntornosVirtuales\BaseDeDatosSalonDeBelleza\venv\Lib\site-packages\packaging\_musllinux.py", "Python", 65, 0, 0, 0, 0, 0, 21, 86
"c:\Users\makib\Documents\EntornosVirtuales\BaseDeDatosSalonDeBelleza\venv\Lib\site-packages\packaging\_parser.py", "Python", 266, 0, 0, 0, 0, 7, 81, 354
"c:\Users\makib\Documents\EntornosVirtuales\BaseDeDatosSalonDeBelleza\venv\Lib\site-packages\packaging\_structures.py", "Python", 36, 0, 0, 0, 0, 3, 23, 62
"c:\Users\makib\Documents\EntornosVirtuales\BaseDeDatosSalonDeBelleza\venv\Lib\site-packages\packaging\_tokenizer.py", "Python", 164, 0, 0, 0, 0, 0, 32, 196
"c:\Users\makib\Documents\EntornosVirtuales\BaseDeDatosSalonDeBelleza\venv\Lib\site-packages\packaging\licenses\__init__.py", "Python", 84, 0, 0, 0, 0, 39, 23, 146
"c:\Users\makib\Documents\EntornosVirtuales\BaseDeDatosSalonDeBelleza\venv\Lib\site-packages\packaging\licenses\_spdx.py", "Python", 751, 0, 0, 0, 0, 0, 9, 760
"c:\Users\makib\Documents\EntornosVirtuales\BaseDeDatosSalonDeBelleza\venv\Lib\site-packages\packaging\markers.py", "Python", 262, 0, 0, 0, 0, 33, 68, 363
"c:\Users\makib\Documents\EntornosVirtuales\BaseDeDatosSalonDeBelleza\venv\Lib\site-packages\packaging\metadata.py", "Python", 590, 0, 0, 0, 0, 167, 106, 863
"c:\Users\makib\Documents\EntornosVirtuales\BaseDeDatosSalonDeBelleza\venv\Lib\site-packages\packaging\requirements.py", "Python", 64, 0, 0, 0, 0, 7, 21, 92
"c:\Users\makib\Documents\EntornosVirtuales\BaseDeDatosSalonDeBelleza\venv\Lib\site-packages\packaging\specifiers.py", "Python", 688, 0, 0, 0, 0, 154, 178, 1020
"c:\Users\makib\Documents\EntornosVirtuales\BaseDeDatosSalonDeBelleza\venv\Lib\site-packages\packaging\tags.py", "Python", 482, 0, 0, 0, 0, 63, 112, 657
"c:\Users\makib\Documents\EntornosVirtuales\BaseDeDatosSalonDeBelleza\venv\Lib\site-packages\packaging\utils.py", "Python", 116, 0, 0, 0, 0, 10, 38, 164
"c:\Users\makib\Documents\EntornosVirtuales\BaseDeDatosSalonDeBelleza\venv\Lib\site-packages\packaging\version.py", "Python", 420, 0, 0, 0, 0, 48, 115, 583
"c:\Users\makib\Documents\EntornosVirtuales\BaseDeDatosSalonDeBelleza\venv\Lib\site-packages\pefile.py", "Python", 5945, 0, 0, 0, 0, 612, 1297, 7854
"c:\Users\makib\Documents\EntornosVirtuales\BaseDeDatosSalonDeBelleza\venv\Lib\site-packages\peutils.py", "Python", 315, 0, 0, 0, 0, 136, 135, 586
"c:\Users\makib\Documents\EntornosVirtuales\BaseDeDatosSalonDeBelleza\venv\Lib\site-packages\win32ctypes\__init__.py", "Python", 1, 0, 0, 0, 0, 7, 1, 9
"c:\Users\makib\Documents\EntornosVirtuales\BaseDeDatosSalonDeBelleza\venv\Lib\site-packages\win32ctypes\core\__init__.py", "Python", 39, 0, 0, 0, 0, 8, 14, 61
"c:\Users\makib\Documents\EntornosVirtuales\BaseDeDatosSalonDeBelleza\venv\Lib\site-packages\win32ctypes\core\_winerrors.py", "Python", 1, 0, 0, 0, 0, 7, 2, 10
"c:\Users\makib\Documents\EntornosVirtuales\BaseDeDatosSalonDeBelleza\venv\Lib\site-packages\win32ctypes\core\cffi\__init__.py", "Python", 3, 0, 0, 0, 0, 7, 2, 12
"c:\Users\makib\Documents\EntornosVirtuales\BaseDeDatosSalonDeBelleza\venv\Lib\site-packages\win32ctypes\core\cffi\_authentication.py", "Python", 123, 0, 0, 0, 0, 10, 40, 173
"c:\Users\makib\Documents\EntornosVirtuales\BaseDeDatosSalonDeBelleza\venv\Lib\site-packages\win32ctypes\core\cffi\_common.py", "Python", 12, 0, 0, 0, 0, 7, 11, 30
"c:\Users\makib\Documents\EntornosVirtuales\BaseDeDatosSalonDeBelleza\venv\Lib\site-packages\win32ctypes\core\cffi\_dll.py", "Python", 15, 0, 0, 0, 0, 7, 9, 31
"c:\Users\makib\Documents\EntornosVirtuales\BaseDeDatosSalonDeBelleza\venv\Lib\site-packages\win32ctypes\core\cffi\_nl_support.py", "Python", 6, 0, 0, 0, 0, 7, 6, 19
"c:\Users\makib\Documents\EntornosVirtuales\BaseDeDatosSalonDeBelleza\venv\Lib\site-packages\win32ctypes\core\cffi\_resource.py", "Python", 93, 0, 0, 0, 0, 7, 33, 133
"c:\Users\makib\Documents\EntornosVirtuales\BaseDeDatosSalonDeBelleza\venv\Lib\site-packages\win32ctypes\core\cffi\_system_information.py", "Python", 16, 0, 0, 0, 0, 8, 9, 33
"c:\Users\makib\Documents\EntornosVirtuales\BaseDeDatosSalonDeBelleza\venv\Lib\site-packages\win32ctypes\core\cffi\_time.py", "Python", 6, 0, 0, 0, 0, 7, 6, 19
"c:\Users\makib\Documents\EntornosVirtuales\BaseDeDatosSalonDeBelleza\venv\Lib\site-packages\win32ctypes\core\cffi\_util.py", "Python", 69, 0, 0, 0, 0, 7, 30, 106
"c:\Users\makib\Documents\EntornosVirtuales\BaseDeDatosSalonDeBelleza\venv\Lib\site-packages\win32ctypes\core\compat.py", "Python", 6, 0, 0, 0, 0, 0, 5, 11
"c:\Users\makib\Documents\EntornosVirtuales\BaseDeDatosSalonDeBelleza\venv\Lib\site-packages\win32ctypes\core\ctypes\__init__.py", "Python", 3, 0, 0, 0, 0, 7, 2, 12
"c:\Users\makib\Documents\EntornosVirtuales\BaseDeDatosSalonDeBelleza\venv\Lib\site-packages\win32ctypes\core\ctypes\_authentication.py", "Python", 90, 0, 0, 0, 0, 10, 23, 123
"c:\Users\makib\Documents\EntornosVirtuales\BaseDeDatosSalonDeBelleza\venv\Lib\site-packages\win32ctypes\core\ctypes\_common.py", "Python", 31, 0, 0, 0, 0, 7, 16, 54
"c:\Users\makib\Documents\EntornosVirtuales\BaseDeDatosSalonDeBelleza\venv\Lib\site-packages\win32ctypes\core\ctypes\_dll.py", "Python", 11, 0, 0, 0, 0, 7, 4, 22
"c:\Users\makib\Documents\EntornosVirtuales\BaseDeDatosSalonDeBelleza\venv\Lib\site-packages\win32ctypes\core\ctypes\_nl_support.py", "Python", 3, 0, 0, 0, 0, 7, 3, 13
"c:\Users\makib\Documents\EntornosVirtuales\BaseDeDatosSalonDeBelleza\venv\Lib\site-packages\win32ctypes\core\ctypes\_resource.py", "Python", 111, 0, 0, 0, 0, 7, 31, 149
"c:\Users\makib\Documents\EntornosVirtuales\BaseDeDatosSalonDeBelleza\venv\Lib\site-packages\win32ctypes\core\ctypes\_system_information.py", "Python", 21, 0, 0, 0, 0, 7, 9, 37
"c:\Users\makib\Documents\EntornosVirtuales\BaseDeDatosSalonDeBelleza\venv\Lib\site-packages\win32ctypes\core\ctypes\_time.py", "Python", 5, 0, 0, 0, 0, 7, 4, 16
"c:\Users\makib\Documents\EntornosVirtuales\BaseDeDatosSalonDeBelleza\venv\Lib\site-packages\win32ctypes\core\ctypes\_util.py", "Python", 50, 0, 0, 0, 0, 7, 22, 79
"c:\Users\makib\Documents\EntornosVirtuales\BaseDeDatosSalonDeBelleza\venv\Lib\site-packages\win32ctypes\pywin32\__init__.py", "Python", 4, 0, 0, 0, 0, 7, 2, 13
"c:\Users\makib\Documents\EntornosVirtuales\BaseDeDatosSalonDeBelleza\venv\Lib\site-packages\win32ctypes\pywin32\pywintypes.py", "Python", 51, 0, 0, 0, 0, 7, 10, 68
"c:\Users\makib\Documents\EntornosVirtuales\BaseDeDatosSalonDeBelleza\venv\Lib\site-packages\win32ctypes\pywin32\win32api.py", "Python", 211, 0, 0, 0, 0, 9, 75, 295
"c:\Users\makib\Documents\EntornosVirtuales\BaseDeDatosSalonDeBelleza\venv\Lib\site-packages\win32ctypes\pywin32\win32cred.py", "Python", 118, 0, 0, 0, 0, 7, 21, 146
"c:\Users\makib\Documents\EntornosVirtuales\BaseDeDatosSalonDeBelleza\venv\Lib\site-packages\win32ctypes\pywintypes.py", "Python", 5, 0, 0, 0, 0, 7, 2, 14
"c:\Users\makib\Documents\EntornosVirtuales\BaseDeDatosSalonDeBelleza\venv\Lib\site-packages\win32ctypes\tests\__init__.py", "Python", 13, 0, 0, 0, 0, 7, 2, 22
"c:\Users\makib\Documents\EntornosVirtuales\BaseDeDatosSalonDeBelleza\venv\Lib\site-packages\win32ctypes\tests\test_backends.py", "Python", 21, 0, 0, 0, 0, 9, 7, 37
"c:\Users\makib\Documents\EntornosVirtuales\BaseDeDatosSalonDeBelleza\venv\Lib\site-packages\win32ctypes\tests\test_win32api.py", "Python", 211, 0, 0, 0, 0, 36, 58, 305
"c:\Users\makib\Documents\EntornosVirtuales\BaseDeDatosSalonDeBelleza\venv\Lib\site-packages\win32ctypes\tests\test_win32cred.py", "Python", 147, 0, 0, 0, 0, 41, 43, 231
"c:\Users\makib\Documents\EntornosVirtuales\BaseDeDatosSalonDeBelleza\venv\Lib\site-packages\win32ctypes\version.py", "Python", 1, 0, 0, 0, 0, 0, 1, 2
"c:\Users\makib\Documents\EntornosVirtuales\BaseDeDatosSalonDeBelleza\venv\Lib\site-packages\win32ctypes\win32api.py", "Python", 5, 0, 0, 0, 0, 7, 2, 14
"c:\Users\makib\Documents\EntornosVirtuales\BaseDeDatosSalonDeBelleza\venv\Lib\site-packages\win32ctypes\win32cred.py", "Python", 5, 0, 0, 0, 0, 7, 2, 14
"c:\Users\makib\Documents\EntornosVirtuales\BaseDeDatosSalonDeBelleza\views\agendar_cita.py", "Python", 74, 0, 0, 0, 0, 4, 16, 94
"c:\Users\makib\Documents\EntornosVirtuales\BaseDeDatosSalonDeBelleza\views\agregar_producto.py", "Python", -1, 0, 0, 0, 0, 0, -2, -3
"c:\Users\makib\Documents\EntornosVirtuales\BaseDeDatosSalonDeBelleza\views\agregar_promocion.py", "Python", 8, 0, 0, 0, 0, -1, -13, -6
"c:\Users\makib\Documents\EntornosVirtuales\BaseDeDatosSalonDeBelleza\views\agregar_servicio.py", "Python", 2, 0, 0, 0, 0, 5, -4, 3
"c:\Users\makib\Documents\EntornosVirtuales\BaseDeDatosSalonDeBelleza\views\disponibilidad.py", "Python", 35, 0, 0, 0, 0, 1, 6, 42
"c:\Users\makib\Documents\EntornosVirtuales\BaseDeDatosSalonDeBelleza\views\generar_pago.py", "Python", 4, 0, 0, 0, 0, 2, -1, 5
"c:\Users\makib\Documents\EntornosVirtuales\BaseDeDatosSalonDeBelleza\views\home.py", "Python", -8, 0, 0, 0, 0, 0, -8, -16
"c:\Users\makib\Documents\EntornosVirtuales\BaseDeDatosSalonDeBelleza\views\inventario.py", "Python", 8, 0, 0, 0, 0, 5, -6, 7
"c:\Users\makib\Documents\EntornosVirtuales\BaseDeDatosSalonDeBelleza\views\login.py", "Python", 38, 0, 0, 0, 0, 1, 6, 45
"c:\Users\makib\Documents\EntornosVirtuales\BaseDeDatosSalonDeBelleza\views\modificar_producto.py", "Python", -2, 0, 0, 0, 0, 0, 0, -2
"c:\Users\makib\Documents\EntornosVirtuales\BaseDeDatosSalonDeBelleza\views\modificar_promocion.py", "Python", 5, 0, 0, 0, 0, -6, -11, -12
"c:\Users\makib\Documents\EntornosVirtuales\BaseDeDatosSalonDeBelleza\views\modificar_servicio.py", "Python", -5, 0, 0, 0, 0, 0, -2, -7
"c:\Users\makib\Documents\EntornosVirtuales\BaseDeDatosSalonDeBelleza\views\promociones.py", "Python", -11, 0, 0, 0, 0, -2, -1, -14
"c:\Users\makib\Documents\EntornosVirtuales\BaseDeDatosSalonDeBelleza\views\registro.py", "Python", 56, 0, 0, 0, 0, 4, 9, 69
"c:\Users\makib\Documents\EntornosVirtuales\BaseDeDatosSalonDeBelleza\views\registro_pago.py", "Python", 14, 0, 0, 0, 0, -2, 3, 15
"c:\Users\makib\Documents\EntornosVirtuales\BaseDeDatosSalonDeBelleza\views\resumen_citas.py", "Python", -16, 0, 0, 0, 0, 8, -5, -13
"c:\Users\makib\Documents\EntornosVirtuales\BaseDeDatosSalonDeBelleza\views\ventana_servicios.py", "Python", -27, 0, 0, 0, 0, 0, 3, -24
"Total", "-", 38699, 30, 7298, 1260, 1, 21300, 13363, 81951